turbine_id,forecast_origin_utc,weather_run_utc,target_time_utc,horizon_h,predicted_power,model_version,fallback_used
1,2026-01-30T19:00:00Z,2026-01-30T12:00:00Z,2026-01-30T20:00:00Z,1,0.568589,hgb-v2-asof-20260131,false
1,2026-01-30T19:00:00Z,2026-01-30T12:00:00Z,2026-01-30T21:00:00Z,2,0.600759,hgb-v2-asof-20260131,false
1,2026-01-30T19:00:00Z,2026-01-30T12:00:00Z,2026-01-30T22:00:00Z,3,0.688079,hgb-v2-asof-20260131,false
1,2026-01-30T19:00:00Z,2026-01-30T12:00:00Z,2026-01-30T23:00:00Z,4,0.687528,hgb-v2-asof-20260131,false
1,2026-01-30T19:00:00Z,2026-01-30T12:00:00Z,2026-01-31T00:00:00Z,5,0.687528,hgb-v2-asof-20260131,false
1,2026-01-30T19:00:00Z,2026-01-30T12:00:00Z,2026-01-31T01:00:00Z,6,0.692146,hgb-v2-asof-20260131,false
1,2026-01-30T19:00:00Z,2026-01-30T12:00:00Z,2026-01-31T02:00:00Z,7,0.737857,hgb-v2-asof-20260131,false
1,2026-01-30T19:00:00Z,2026-01-30T12:00:00Z,2026-01-31T03:00:00Z,8,0.730124,hgb-v2-asof-20260131,false
1,2026-01-30T19:00:00Z,2026-01-30T12:00:00Z,2026-01-31T04:00:00Z,9,0.864206,hgb-v2-asof-20260131,false
1,2026-01-30T19:00:00Z,2026-01-30T12:00:00Z,2026-01-31T05:00:00Z,10,0.873621,hgb-v2-asof-20260131,false
1,2026-01-30T19:00:00Z,2026-01-30T12:00:00Z,2026-01-31T06:00:00Z,11,0.920009,hgb-v2-asof-20260131,false
1,2026-01-30T19:00:00Z,2026-01-30T12:00:00Z,2026-01-31T07:00:00Z,12,0.933791,hgb-v2-asof-20260131,false
1,2026-01-30T19:00:00Z,2026-01-30T12:00:00Z,2026-01-31T08:00:00Z,13,0.936237,hgb-v2-asof-20260131,false
1,2026-01-30T19:00:00Z,2026-01-30T12:00:00Z,2026-01-31T09:00:00Z,14,0.929064,hgb-v2-asof-20260131,false
1,2026-01-30T19:00:00Z,2026-01-30T12:00:00Z,2026-01-31T10:00:00Z,15,0.910573,hgb-v2-asof-20260131,false
1,2026-01-30T19:00:00Z,2026-01-30T12:00:00Z,2026-01-31T11:00:00Z,16,0.930418,hgb-v2-asof-20260131,false
1,2026-01-30T19:00:00Z,2026-01-30T12:00:00Z,2026-01-31T12:00:00Z,17,0.678965,hgb-v2-asof-20260131,false
1,2026-01-30T19:00:00Z,2026-01-30T12:00:00Z,2026-01-31T13:00:00Z,18,0.394348,hgb-v2-asof-20260131,false
1,2026-01-30T19:00:00Z,2026-01-30T12:00:00Z,2026-01-31T14:00:00Z,19,0.125022,hgb-v2-asof-20260131,false
1,2026-01-30T19:00:00Z,2026-01-30T12:00:00Z,2026-01-31T15:00:00Z,20,0.053344,hgb-v2-asof-20260131,false
1,2026-01-30T19:00:00Z,2026-01-30T12:00:00Z,2026-01-31T16:00:00Z,21,0.020089,hgb-v2-asof-20260131,false
1,2026-01-30T19:00:00Z,2026-01-30T12:00:00Z,2026-01-31T17:00:00Z,22,0.011171,hgb-v2-asof-20260131,false
1,2026-01-30T19:00:00Z,2026-01-30T12:00:00Z,2026-01-31T18:00:00Z,23,0.015353,hgb-v2-asof-20260131,false
1,2026-01-30T19:00:00Z,2026-01-30T12:00:00Z,2026-01-31T19:00:00Z,24,0.013058,hgb-v2-asof-20260131,false
1,2026-01-30T19:00:00Z,2026-01-30T12:00:00Z,2026-01-31T20:00:00Z,25,0.012719,hgb-v2-asof-20260131,false
1,2026-01-30T19:00:00Z,2026-01-30T12:00:00Z,2026-01-31T21:00:00Z,26,0.010286,hgb-v2-asof-20260131,false
1,2026-01-30T19:00:00Z,2026-01-30T12:00:00Z,2026-01-31T22:00:00Z,27,0.011024,hgb-v2-asof-20260131,false
1,2026-01-30T19:00:00Z,2026-01-30T12:00:00Z,2026-01-31T23:00:00Z,28,0.011971,hgb-v2-asof-20260131,false
1,2026-01-30T19:00:00Z,2026-01-30T12:00:00Z,2026-02-01T00:00:00Z,29,0.010556,hgb-v2-asof-20260131,false
1,2026-01-30T19:00:00Z,2026-01-30T12:00:00Z,2026-02-01T01:00:00Z,30,0.010016,hgb-v2-asof-20260131,false
1,2026-01-30T19:00:00Z,2026-01-30T12:00:00Z,2026-02-01T02:00:00Z,31,0.010095,hgb-v2-asof-20260131,false
1,2026-01-30T19:00:00Z,2026-01-30T12:00:00Z,2026-02-01T03:00:00Z,32,0.010293,hgb-v2-asof-20260131,false
1,2026-01-30T19:00:00Z,2026-01-30T12:00:00Z,2026-02-01T04:00:00Z,33,0.044621,hgb-v2-asof-20260131,false
1,2026-01-30T19:00:00Z,2026-01-30T12:00:00Z,2026-02-01T05:00:00Z,34,0.020324,hgb-v2-asof-20260131,false
1,2026-01-30T19:00:00Z,2026-01-30T12:00:00Z,2026-02-01T06:00:00Z,35,0.065614,hgb-v2-asof-20260131,false
1,2026-01-30T19:00:00Z,2026-01-30T12:00:00Z,2026-02-01T07:00:00Z,36,0.091242,hgb-v2-asof-20260131,false
1,2026-01-30T19:00:00Z,2026-01-30T12:00:00Z,2026-02-01T08:00:00Z,37,0.168113,hgb-v2-asof-20260131,false
1,2026-01-30T19:00:00Z,2026-01-30T12:00:00Z,2026-02-01T09:00:00Z,38,0.099990,hgb-v2-asof-20260131,false
1,2026-01-30T19:00:00Z,2026-01-30T12:00:00Z,2026-02-01T10:00:00Z,39,0.106164,hgb-v2-asof-20260131,false
1,2026-01-30T19:00:00Z,2026-01-30T12:00:00Z,2026-02-01T11:00:00Z,40,0.345936,hgb-v2-asof-20260131,false
1,2026-01-30T19:00:00Z,2026-01-30T12:00:00Z,2026-02-01T12:00:00Z,41,0.334851,hgb-v2-asof-20260131,false
1,2026-01-30T19:00:00Z,2026-01-30T12:00:00Z,2026-02-01T13:00:00Z,42,0.311818,hgb-v2-asof-20260131,false
1,2026-01-30T19:00:00Z,2026-01-30T12:00:00Z,2026-02-01T14:00:00Z,43,0.311402,hgb-v2-asof-20260131,false
1,2026-01-30T19:00:00Z,2026-01-30T12:00:00Z,2026-02-01T15:00:00Z,44,0.414322,hgb-v2-asof-20260131,false
1,2026-01-30T19:00:00Z,2026-01-30T12:00:00Z,2026-02-01T16:00:00Z,45,0.416863,hgb-v2-asof-20260131,false
1,2026-01-30T19:00:00Z,2026-01-30T12:00:00Z,2026-02-01T17:00:00Z,46,0.406679,hgb-v2-asof-20260131,false
1,2026-01-30T19:00:00Z,2026-01-30T12:00:00Z,2026-02-01T18:00:00Z,47,0.334345,hgb-v2-asof-20260131,false
1,2026-01-30T19:00:00Z,2026-01-30T12:00:00Z,2026-02-01T19:00:00Z,48,0.254068,hgb-v2-asof-20260131,false
2,2026-01-30T19:00:00Z,2026-01-30T12:00:00Z,2026-01-30T20:00:00Z,1,0.564380,hgb-v2-asof-20260131,false
2,2026-01-30T19:00:00Z,2026-01-30T12:00:00Z,2026-01-30T21:00:00Z,2,0.596549,hgb-v2-asof-20260131,false
2,2026-01-30T19:00:00Z,2026-01-30T12:00:00Z,2026-01-30T22:00:00Z,3,0.689515,hgb-v2-asof-20260131,false
2,2026-01-30T19:00:00Z,2026-01-30T12:00:00Z,2026-01-30T23:00:00Z,4,0.688964,hgb-v2-asof-20260131,false
2,2026-01-30T19:00:00Z,2026-01-30T12:00:00Z,2026-01-31T00:00:00Z,5,0.688964,hgb-v2-asof-20260131,false
2,2026-01-30T19:00:00Z,2026-01-30T12:00:00Z,2026-01-31T01:00:00Z,6,0.693375,hgb-v2-asof-20260131,false
2,2026-01-30T19:00:00Z,2026-01-30T12:00:00Z,2026-01-31T02:00:00Z,7,0.739087,hgb-v2-asof-20260131,false
2,2026-01-30T19:00:00Z,2026-01-30T12:00:00Z,2026-01-31T03:00:00Z,8,0.728267,hgb-v2-asof-20260131,false
2,2026-01-30T19:00:00Z,2026-01-30T12:00:00Z,2026-01-31T04:00:00Z,9,0.863401,hgb-v2-asof-20260131,false
2,2026-01-30T19:00:00Z,2026-01-30T12:00:00Z,2026-01-31T05:00:00Z,10,0.874374,hgb-v2-asof-20260131,false
2,2026-01-30T19:00:00Z,2026-01-30T12:00:00Z,2026-01-31T06:00:00Z,11,0.922866,hgb-v2-asof-20260131,false
2,2026-01-30T19:00:00Z,2026-01-30T12:00:00Z,2026-01-31T07:00:00Z,12,0.936648,hgb-v2-asof-20260131,false
2,2026-01-30T19:00:00Z,2026-01-30T12:00:00Z,2026-01-31T08:00:00Z,13,0.939094,hgb-v2-asof-20260131,false
2,2026-01-30T19:00:00Z,2026-01-30T12:00:00Z,2026-01-31T09:00:00Z,14,0.925312,hgb-v2-asof-20260131,false
2,2026-01-30T19:00:00Z,2026-01-30T12:00:00Z,2026-01-31T10:00:00Z,15,0.910373,hgb-v2-asof-20260131,false
2,2026-01-30T19:00:00Z,2026-01-30T12:00:00Z,2026-01-31T11:00:00Z,16,0.933422,hgb-v2-asof-20260131,false
2,2026-01-30T19:00:00Z,2026-01-30T12:00:00Z,2026-01-31T12:00:00Z,17,0.684700,hgb-v2-asof-20260131,false
2,2026-01-30T19:00:00Z,2026-01-30T12:00:00Z,2026-01-31T13:00:00Z,18,0.399684,hgb-v2-asof-20260131,false
2,2026-01-30T19:00:00Z,2026-01-30T12:00:00Z,2026-01-31T14:00:00Z,19,0.130358,hgb-v2-asof-20260131,false
2,2026-01-30T19:00:00Z,2026-01-30T12:00:00Z,2026-01-31T15:00:00Z,20,0.054780,hgb-v2-asof-20260131,false
2,2026-01-30T19:00:00Z,2026-01-30T12:00:00Z,2026-01-31T16:00:00Z,21,0.021672,hgb-v2-asof-20260131,false
2,2026-01-30T19:00:00Z,2026-01-30T12:00:00Z,2026-01-31T17:00:00Z,22,0.010676,hgb-v2-asof-20260131,false
2,2026-01-30T19:00:00Z,2026-01-30T12:00:00Z,2026-01-31T18:00:00Z,23,0.014710,hgb-v2-asof-20260131,false
2,2026-01-30T19:00:00Z,2026-01-30T12:00:00Z,2026-01-31T19:00:00Z,24,0.012416,hgb-v2-asof-20260131,false
2,2026-01-30T19:00:00Z,2026-01-30T12:00:00Z,2026-01-31T20:00:00Z,25,0.012077,hgb-v2-asof-20260131,false
2,2026-01-30T19:00:00Z,2026-01-30T12:00:00Z,2026-01-31T21:00:00Z,26,0.009791,hgb-v2-asof-20260131,false
2,2026-01-30T19:00:00Z,2026-01-30T12:00:00Z,2026-01-31T22:00:00Z,27,0.010528,hgb-v2-asof-20260131,false
2,2026-01-30T19:00:00Z,2026-01-30T12:00:00Z,2026-01-31T23:00:00Z,28,0.011475,hgb-v2-asof-20260131,false
2,2026-01-30T19:00:00Z,2026-01-30T12:00:00Z,2026-02-01T00:00:00Z,29,0.010061,hgb-v2-asof-20260131,false
2,2026-01-30T19:00:00Z,2026-01-30T12:00:00Z,2026-02-01T01:00:00Z,30,0.009850,hgb-v2-asof-20260131,false
2,2026-01-30T19:00:00Z,2026-01-30T12:00:00Z,2026-02-01T02:00:00Z,31,0.009929,hgb-v2-asof-20260131,false
2,2026-01-30T19:00:00Z,2026-01-30T12:00:00Z,2026-02-01T03:00:00Z,32,0.009650,hgb-v2-asof-20260131,false
2,2026-01-30T19:00:00Z,2026-01-30T12:00:00Z,2026-02-01T04:00:00Z,33,0.042056,hgb-v2-asof-20260131,false
2,2026-01-30T19:00:00Z,2026-01-30T12:00:00Z,2026-02-01T05:00:00Z,34,0.019681,hgb-v2-asof-20260131,false
2,2026-01-30T19:00:00Z,2026-01-30T12:00:00Z,2026-02-01T06:00:00Z,35,0.065095,hgb-v2-asof-20260131,false
2,2026-01-30T19:00:00Z,2026-01-30T12:00:00Z,2026-02-01T07:00:00Z,36,0.090999,hgb-v2-asof-20260131,false
2,2026-01-30T19:00:00Z,2026-01-30T12:00:00Z,2026-02-01T08:00:00Z,37,0.167871,hgb-v2-asof-20260131,false
2,2026-01-30T19:00:00Z,2026-01-30T12:00:00Z,2026-02-01T09:00:00Z,38,0.099747,hgb-v2-asof-20260131,false
2,2026-01-30T19:00:00Z,2026-01-30T12:00:00Z,2026-02-01T10:00:00Z,39,0.105921,hgb-v2-asof-20260131,false
2,2026-01-30T19:00:00Z,2026-01-30T12:00:00Z,2026-02-01T11:00:00Z,40,0.345293,hgb-v2-asof-20260131,false
2,2026-01-30T19:00:00Z,2026-01-30T12:00:00Z,2026-02-01T12:00:00Z,41,0.336185,hgb-v2-asof-20260131,false
2,2026-01-30T19:00:00Z,2026-01-30T12:00:00Z,2026-02-01T13:00:00Z,42,0.313803,hgb-v2-asof-20260131,false
2,2026-01-30T19:00:00Z,2026-01-30T12:00:00Z,2026-02-01T14:00:00Z,43,0.313387,hgb-v2-asof-20260131,false
2,2026-01-30T19:00:00Z,2026-01-30T12:00:00Z,2026-02-01T15:00:00Z,44,0.411757,hgb-v2-asof-20260131,false
2,2026-01-30T19:00:00Z,2026-01-30T12:00:00Z,2026-02-01T16:00:00Z,45,0.414298,hgb-v2-asof-20260131,false
2,2026-01-30T19:00:00Z,2026-01-30T12:00:00Z,2026-02-01T17:00:00Z,46,0.404114,hgb-v2-asof-20260131,false
2,2026-01-30T19:00:00Z,2026-01-30T12:00:00Z,2026-02-01T18:00:00Z,47,0.331780,hgb-v2-asof-20260131,false
2,2026-01-30T19:00:00Z,2026-01-30T12:00:00Z,2026-02-01T19:00:00Z,48,0.251503,hgb-v2-asof-20260131,false
1,2026-01-31T19:00:00Z,2026-01-31T12:00:00Z,2026-01-31T20:00:00Z,1,0.011727,hgb-v2-train-before-20260201,false
1,2026-01-31T19:00:00Z,2026-01-31T12:00:00Z,2026-01-31T21:00:00Z,2,0.009803,hgb-v2-train-before-20260201,false
1,2026-01-31T19:00:00Z,2026-01-31T12:00:00Z,2026-01-31T22:00:00Z,3,0.012597,hgb-v2-train-before-20260201,false
1,2026-01-31T19:00:00Z,2026-01-31T12:00:00Z,2026-01-31T23:00:00Z,4,0.010002,hgb-v2-train-before-20260201,false
1,2026-01-31T19:00:00Z,2026-01-31T12:00:00Z,2026-02-01T00:00:00Z,5,0.012409,hgb-v2-train-before-20260201,false
1,2026-01-31T19:00:00Z,2026-01-31T12:00:00Z,2026-02-01T01:00:00Z,6,0.000000,hgb-v2-train-before-20260201,false
1,2026-01-31T19:00:00Z,2026-01-31T12:00:00Z,2026-02-01T02:00:00Z,7,0.020180,hgb-v2-train-before-20260201,false
1,2026-01-31T19:00:00Z,2026-01-31T12:00:00Z,2026-02-01T03:00:00Z,8,0.063213,hgb-v2-train-before-20260201,false
1,2026-01-31T19:00:00Z,2026-01-31T12:00:00Z,2026-02-01T04:00:00Z,9,0.155324,hgb-v2-train-before-20260201,false
1,2026-01-31T19:00:00Z,2026-01-31T12:00:00Z,2026-02-01T05:00:00Z,10,0.038061,hgb-v2-train-before-20260201,false
1,2026-01-31T19:00:00Z,2026-01-31T12:00:00Z,2026-02-01T06:00:00Z,11,0.013465,hgb-v2-train-before-20260201,false
1,2026-01-31T19:00:00Z,2026-01-31T12:00:00Z,2026-02-01T07:00:00Z,12,0.017428,hgb-v2-train-before-20260201,false
1,2026-01-31T19:00:00Z,2026-01-31T12:00:00Z,2026-02-01T08:00:00Z,13,0.047746,hgb-v2-train-before-20260201,false
1,2026-01-31T19:00:00Z,2026-01-31T12:00:00Z,2026-02-01T09:00:00Z,14,0.054579,hgb-v2-train-before-20260201,false
1,2026-01-31T19:00:00Z,2026-01-31T12:00:00Z,2026-02-01T10:00:00Z,15,0.088985,hgb-v2-train-before-20260201,false
1,2026-01-31T19:00:00Z,2026-01-31T12:00:00Z,2026-02-01T11:00:00Z,16,0.170299,hgb-v2-train-before-20260201,false
1,2026-01-31T19:00:00Z,2026-01-31T12:00:00Z,2026-02-01T12:00:00Z,17,0.196032,hgb-v2-train-before-20260201,false
1,2026-01-31T19:00:00Z,2026-01-31T12:00:00Z,2026-02-01T13:00:00Z,18,0.254271,hgb-v2-train-before-20260201,false
1,2026-01-31T19:00:00Z,2026-01-31T12:00:00Z,2026-02-01T14:00:00Z,19,0.249832,hgb-v2-train-before-20260201,false
1,2026-01-31T19:00:00Z,2026-01-31T12:00:00Z,2026-02-01T15:00:00Z,20,0.298958,hgb-v2-train-before-20260201,false
1,2026-01-31T19:00:00Z,2026-01-31T12:00:00Z,2026-02-01T16:00:00Z,21,0.332417,hgb-v2-train-before-20260201,false
1,2026-01-31T19:00:00Z,2026-01-31T12:00:00Z,2026-02-01T17:00:00Z,22,0.320364,hgb-v2-train-before-20260201,false
1,2026-01-31T19:00:00Z,2026-01-31T12:00:00Z,2026-02-01T18:00:00Z,23,0.354132,hgb-v2-train-before-20260201,false
1,2026-01-31T19:00:00Z,2026-01-31T12:00:00Z,2026-02-01T19:00:00Z,24,0.300218,hgb-v2-train-before-20260201,false
1,2026-01-31T19:00:00Z,2026-01-31T12:00:00Z,2026-02-01T20:00:00Z,25,0.366436,hgb-v2-train-before-20260201,false
1,2026-01-31T19:00:00Z,2026-01-31T12:00:00Z,2026-02-01T21:00:00Z,26,0.366436,hgb-v2-train-before-20260201,false
1,2026-01-31T19:00:00Z,2026-01-31T12:00:00Z,2026-02-01T22:00:00Z,27,0.366436,hgb-v2-train-before-20260201,false
1,2026-01-31T19:00:00Z,2026-01-31T12:00:00Z,2026-02-01T23:00:00Z,28,0.360703,hgb-v2-train-before-20260201,false
1,2026-01-31T19:00:00Z,2026-01-31T12:00:00Z,2026-02-02T00:00:00Z,29,0.363562,hgb-v2-train-before-20260201,false
1,2026-01-31T19:00:00Z,2026-01-31T12:00:00Z,2026-02-02T01:00:00Z,30,0.388953,hgb-v2-train-before-20260201,false
1,2026-01-31T19:00:00Z,2026-01-31T12:00:00Z,2026-02-02T02:00:00Z,31,0.393339,hgb-v2-train-before-20260201,false
1,2026-01-31T19:00:00Z,2026-01-31T12:00:00Z,2026-02-02T03:00:00Z,32,0.436516,hgb-v2-train-before-20260201,false
1,2026-01-31T19:00:00Z,2026-01-31T12:00:00Z,2026-02-02T04:00:00Z,33,0.498581,hgb-v2-train-before-20260201,false
1,2026-01-31T19:00:00Z,2026-01-31T12:00:00Z,2026-02-02T05:00:00Z,34,0.491858,hgb-v2-train-before-20260201,false
1,2026-01-31T19:00:00Z,2026-01-31T12:00:00Z,2026-02-02T06:00:00Z,35,0.697818,hgb-v2-train-before-20260201,false
1,2026-01-31T19:00:00Z,2026-01-31T12:00:00Z,2026-02-02T07:00:00Z,36,0.888055,hgb-v2-train-before-20260201,false
1,2026-01-31T19:00:00Z,2026-01-31T12:00:00Z,2026-02-02T08:00:00Z,37,0.958128,hgb-v2-train-before-20260201,false
1,2026-01-31T19:00:00Z,2026-01-31T12:00:00Z,2026-02-02T09:00:00Z,38,0.950926,hgb-v2-train-before-20260201,false
1,2026-01-31T19:00:00Z,2026-01-31T12:00:00Z,2026-02-02T10:00:00Z,39,0.824446,hgb-v2-train-before-20260201,false
1,2026-01-31T19:00:00Z,2026-01-31T12:00:00Z,2026-02-02T11:00:00Z,40,0.746460,hgb-v2-train-before-20260201,false
1,2026-01-31T19:00:00Z,2026-01-31T12:00:00Z,2026-02-02T12:00:00Z,41,0.359125,hgb-v2-train-before-20260201,false
1,2026-01-31T19:00:00Z,2026-01-31T12:00:00Z,2026-02-02T13:00:00Z,42,0.118598,hgb-v2-train-before-20260201,false
1,2026-01-31T19:00:00Z,2026-01-31T12:00:00Z,2026-02-02T14:00:00Z,43,0.089286,hgb-v2-train-before-20260201,false
1,2026-01-31T19:00:00Z,2026-01-31T12:00:00Z,2026-02-02T15:00:00Z,44,0.092831,hgb-v2-train-before-20260201,false
1,2026-01-31T19:00:00Z,2026-01-31T12:00:00Z,2026-02-02T16:00:00Z,45,0.112436,hgb-v2-train-before-20260201,false
1,2026-01-31T19:00:00Z,2026-01-31T12:00:00Z,2026-02-02T17:00:00Z,46,0.039335,hgb-v2-train-before-20260201,false
1,2026-01-31T19:00:00Z,2026-01-31T12:00:00Z,2026-02-02T18:00:00Z,47,0.031337,hgb-v2-train-before-20260201,false
1,2026-01-31T19:00:00Z,2026-01-31T12:00:00Z,2026-02-02T19:00:00Z,48,0.039883,hgb-v2-train-before-20260201,false
2,2026-01-31T19:00:00Z,2026-01-31T12:00:00Z,2026-01-31T20:00:00Z,1,0.011371,hgb-v2-train-before-20260201,false
2,2026-01-31T19:00:00Z,2026-01-31T12:00:00Z,2026-01-31T21:00:00Z,2,0.009447,hgb-v2-train-before-20260201,false
2,2026-01-31T19:00:00Z,2026-01-31T12:00:00Z,2026-01-31T22:00:00Z,3,0.012206,hgb-v2-train-before-20260201,false
2,2026-01-31T19:00:00Z,2026-01-31T12:00:00Z,2026-01-31T23:00:00Z,4,0.009807,hgb-v2-train-before-20260201,false
2,2026-01-31T19:00:00Z,2026-01-31T12:00:00Z,2026-02-01T00:00:00Z,5,0.012018,hgb-v2-train-before-20260201,false
2,2026-01-31T19:00:00Z,2026-01-31T12:00:00Z,2026-02-01T01:00:00Z,6,0.000000,hgb-v2-train-before-20260201,false
2,2026-01-31T19:00:00Z,2026-01-31T12:00:00Z,2026-02-01T02:00:00Z,7,0.019785,hgb-v2-train-before-20260201,false
2,2026-01-31T19:00:00Z,2026-01-31T12:00:00Z,2026-02-01T03:00:00Z,8,0.060395,hgb-v2-train-before-20260201,false
2,2026-01-31T19:00:00Z,2026-01-31T12:00:00Z,2026-02-01T04:00:00Z,9,0.154677,hgb-v2-train-before-20260201,false
2,2026-01-31T19:00:00Z,2026-01-31T12:00:00Z,2026-02-01T05:00:00Z,10,0.037666,hgb-v2-train-before-20260201,false
2,2026-01-31T19:00:00Z,2026-01-31T12:00:00Z,2026-02-01T06:00:00Z,11,0.013226,hgb-v2-train-before-20260201,false
2,2026-01-31T19:00:00Z,2026-01-31T12:00:00Z,2026-02-01T07:00:00Z,12,0.017033,hgb-v2-train-before-20260201,false
2,2026-01-31T19:00:00Z,2026-01-31T12:00:00Z,2026-02-01T08:00:00Z,13,0.047351,hgb-v2-train-before-20260201,false
2,2026-01-31T19:00:00Z,2026-01-31T12:00:00Z,2026-02-01T09:00:00Z,14,0.054184,hgb-v2-train-before-20260201,false
2,2026-01-31T19:00:00Z,2026-01-31T12:00:00Z,2026-02-01T10:00:00Z,15,0.088746,hgb-v2-train-before-20260201,false
2,2026-01-31T19:00:00Z,2026-01-31T12:00:00Z,2026-02-01T11:00:00Z,16,0.169653,hgb-v2-train-before-20260201,false
2,2026-01-31T19:00:00Z,2026-01-31T12:00:00Z,2026-02-01T12:00:00Z,17,0.199744,hgb-v2-train-before-20260201,false
2,2026-01-31T19:00:00Z,2026-01-31T12:00:00Z,2026-02-01T13:00:00Z,18,0.257982,hgb-v2-train-before-20260201,false
2,2026-01-31T19:00:00Z,2026-01-31T12:00:00Z,2026-02-01T14:00:00Z,19,0.253543,hgb-v2-train-before-20260201,false
2,2026-01-31T19:00:00Z,2026-01-31T12:00:00Z,2026-02-01T15:00:00Z,20,0.296543,hgb-v2-train-before-20260201,false
2,2026-01-31T19:00:00Z,2026-01-31T12:00:00Z,2026-02-01T16:00:00Z,21,0.328906,hgb-v2-train-before-20260201,false
2,2026-01-31T19:00:00Z,2026-01-31T12:00:00Z,2026-02-01T17:00:00Z,22,0.316854,hgb-v2-train-before-20260201,false
2,2026-01-31T19:00:00Z,2026-01-31T12:00:00Z,2026-02-01T18:00:00Z,23,0.350621,hgb-v2-train-before-20260201,false
2,2026-01-31T19:00:00Z,2026-01-31T12:00:00Z,2026-02-01T19:00:00Z,24,0.299572,hgb-v2-train-before-20260201,false
2,2026-01-31T19:00:00Z,2026-01-31T12:00:00Z,2026-02-01T20:00:00Z,25,0.365790,hgb-v2-train-before-20260201,false
2,2026-01-31T19:00:00Z,2026-01-31T12:00:00Z,2026-02-01T21:00:00Z,26,0.365790,hgb-v2-train-before-20260201,false
2,2026-01-31T19:00:00Z,2026-01-31T12:00:00Z,2026-02-01T22:00:00Z,27,0.365790,hgb-v2-train-before-20260201,false
2,2026-01-31T19:00:00Z,2026-01-31T12:00:00Z,2026-02-01T23:00:00Z,28,0.360056,hgb-v2-train-before-20260201,false
2,2026-01-31T19:00:00Z,2026-01-31T12:00:00Z,2026-02-02T00:00:00Z,29,0.363132,hgb-v2-train-before-20260201,false
2,2026-01-31T19:00:00Z,2026-01-31T12:00:00Z,2026-02-02T01:00:00Z,30,0.388524,hgb-v2-train-before-20260201,false
2,2026-01-31T19:00:00Z,2026-01-31T12:00:00Z,2026-02-02T02:00:00Z,31,0.392910,hgb-v2-train-before-20260201,false
2,2026-01-31T19:00:00Z,2026-01-31T12:00:00Z,2026-02-02T03:00:00Z,32,0.435869,hgb-v2-train-before-20260201,false
2,2026-01-31T19:00:00Z,2026-01-31T12:00:00Z,2026-02-02T04:00:00Z,33,0.497935,hgb-v2-train-before-20260201,false
2,2026-01-31T19:00:00Z,2026-01-31T12:00:00Z,2026-02-02T05:00:00Z,34,0.491776,hgb-v2-train-before-20260201,false
2,2026-01-31T19:00:00Z,2026-01-31T12:00:00Z,2026-02-02T06:00:00Z,35,0.696720,hgb-v2-train-before-20260201,false
2,2026-01-31T19:00:00Z,2026-01-31T12:00:00Z,2026-02-02T07:00:00Z,36,0.884888,hgb-v2-train-before-20260201,false
2,2026-01-31T19:00:00Z,2026-01-31T12:00:00Z,2026-02-02T08:00:00Z,37,0.954702,hgb-v2-train-before-20260201,false
2,2026-01-31T19:00:00Z,2026-01-31T12:00:00Z,2026-02-02T09:00:00Z,38,0.947856,hgb-v2-train-before-20260201,false
2,2026-01-31T19:00:00Z,2026-01-31T12:00:00Z,2026-02-02T10:00:00Z,39,0.821215,hgb-v2-train-before-20260201,false
2,2026-01-31T19:00:00Z,2026-01-31T12:00:00Z,2026-02-02T11:00:00Z,40,0.749961,hgb-v2-train-before-20260201,false
2,2026-01-31T19:00:00Z,2026-01-31T12:00:00Z,2026-02-02T12:00:00Z,41,0.364620,hgb-v2-train-before-20260201,false
2,2026-01-31T19:00:00Z,2026-01-31T12:00:00Z,2026-02-02T13:00:00Z,42,0.124092,hgb-v2-train-before-20260201,false
2,2026-01-31T19:00:00Z,2026-01-31T12:00:00Z,2026-02-02T14:00:00Z,43,0.094781,hgb-v2-train-before-20260201,false
2,2026-01-31T19:00:00Z,2026-01-31T12:00:00Z,2026-02-02T15:00:00Z,44,0.091671,hgb-v2-train-before-20260201,false
2,2026-01-31T19:00:00Z,2026-01-31T12:00:00Z,2026-02-02T16:00:00Z,45,0.111276,hgb-v2-train-before-20260201,false
2,2026-01-31T19:00:00Z,2026-01-31T12:00:00Z,2026-02-02T17:00:00Z,46,0.038175,hgb-v2-train-before-20260201,false
2,2026-01-31T19:00:00Z,2026-01-31T12:00:00Z,2026-02-02T18:00:00Z,47,0.030464,hgb-v2-train-before-20260201,false
2,2026-01-31T19:00:00Z,2026-01-31T12:00:00Z,2026-02-02T19:00:00Z,48,0.039010,hgb-v2-train-before-20260201,false
1,2026-02-01T19:00:00Z,2026-02-01T12:00:00Z,2026-02-01T20:00:00Z,1,0.279764,hgb-v2-train-before-20260201,false
1,2026-02-01T19:00:00Z,2026-02-01T12:00:00Z,2026-02-01T21:00:00Z,2,0.223121,hgb-v2-train-before-20260201,false
1,2026-02-01T19:00:00Z,2026-02-01T12:00:00Z,2026-02-01T22:00:00Z,3,0.297822,hgb-v2-train-before-20260201,false
1,2026-02-01T19:00:00Z,2026-02-01T12:00:00Z,2026-02-01T23:00:00Z,4,0.366436,hgb-v2-train-before-20260201,false
1,2026-02-01T19:00:00Z,2026-02-01T12:00:00Z,2026-02-02T00:00:00Z,5,0.373288,hgb-v2-train-before-20260201,false
1,2026-02-01T19:00:00Z,2026-02-01T12:00:00Z,2026-02-02T01:00:00Z,6,0.412709,hgb-v2-train-before-20260201,false
1,2026-02-01T19:00:00Z,2026-02-01T12:00:00Z,2026-02-02T02:00:00Z,7,0.474095,hgb-v2-train-before-20260201,false
1,2026-02-01T19:00:00Z,2026-02-01T12:00:00Z,2026-02-02T03:00:00Z,8,0.561916,hgb-v2-train-before-20260201,false
1,2026-02-01T19:00:00Z,2026-02-01T12:00:00Z,2026-02-02T04:00:00Z,9,0.650910,hgb-v2-train-before-20260201,false
1,2026-02-01T19:00:00Z,2026-02-01T12:00:00Z,2026-02-02T05:00:00Z,10,0.709646,hgb-v2-train-before-20260201,false
1,2026-02-01T19:00:00Z,2026-02-01T12:00:00Z,2026-02-02T06:00:00Z,11,0.886788,hgb-v2-train-before-20260201,false
1,2026-02-01T19:00:00Z,2026-02-01T12:00:00Z,2026-02-02T07:00:00Z,12,0.935079,hgb-v2-train-before-20260201,false
1,2026-02-01T19:00:00Z,2026-02-01T12:00:00Z,2026-02-02T08:00:00Z,13,0.956010,hgb-v2-train-before-20260201,false
1,2026-02-01T19:00:00Z,2026-02-01T12:00:00Z,2026-02-02T09:00:00Z,14,0.948968,hgb-v2-train-before-20260201,false
1,2026-02-01T19:00:00Z,2026-02-01T12:00:00Z,2026-02-02T10:00:00Z,15,0.866350,hgb-v2-train-before-20260201,false
1,2026-02-01T19:00:00Z,2026-02-01T12:00:00Z,2026-02-02T11:00:00Z,16,0.865137,hgb-v2-train-before-20260201,false
1,2026-02-01T19:00:00Z,2026-02-01T12:00:00Z,2026-02-02T12:00:00Z,17,0.272869,hgb-v2-train-before-20260201,false
1,2026-02-01T19:00:00Z,2026-02-01T12:00:00Z,2026-02-02T13:00:00Z,18,0.099596,hgb-v2-train-before-20260201,false
1,2026-02-01T19:00:00Z,2026-02-01T12:00:00Z,2026-02-02T14:00:00Z,19,0.030876,hgb-v2-train-before-20260201,false
1,2026-02-01T19:00:00Z,2026-02-01T12:00:00Z,2026-02-02T15:00:00Z,20,0.023503,hgb-v2-train-before-20260201,false
1,2026-02-01T19:00:00Z,2026-02-01T12:00:00Z,2026-02-02T16:00:00Z,21,0.067318,hgb-v2-train-before-20260201,false
1,2026-02-01T19:00:00Z,2026-02-01T12:00:00Z,2026-02-02T17:00:00Z,22,0.053744,hgb-v2-train-before-20260201,false
1,2026-02-01T19:00:00Z,2026-02-01T12:00:00Z,2026-02-02T18:00:00Z,23,0.082413,hgb-v2-train-before-20260201,false
1,2026-02-01T19:00:00Z,2026-02-01T12:00:00Z,2026-02-02T19:00:00Z,24,0.180335,hgb-v2-train-before-20260201,false
1,2026-02-01T19:00:00Z,2026-02-01T12:00:00Z,2026-02-02T20:00:00Z,25,0.284766,hgb-v2-train-before-20260201,false
1,2026-02-01T19:00:00Z,2026-02-01T12:00:00Z,2026-02-02T21:00:00Z,26,0.454127,hgb-v2-train-before-20260201,false
1,2026-02-01T19:00:00Z,2026-02-01T12:00:00Z,2026-02-02T22:00:00Z,27,0.445518,hgb-v2-train-before-20260201,false
1,2026-02-01T19:00:00Z,2026-02-01T12:00:00Z,2026-02-02T23:00:00Z,28,0.307679,hgb-v2-train-before-20260201,false
1,2026-02-01T19:00:00Z,2026-02-01T12:00:00Z,2026-02-03T00:00:00Z,29,0.210015,hgb-v2-train-before-20260201,false
1,2026-02-01T19:00:00Z,2026-02-01T12:00:00Z,2026-02-03T01:00:00Z,30,0.163231,hgb-v2-train-before-20260201,false
1,2026-02-01T19:00:00Z,2026-02-01T12:00:00Z,2026-02-03T02:00:00Z,31,0.059669,hgb-v2-train-before-20260201,false
1,2026-02-01T19:00:00Z,2026-02-01T12:00:00Z,2026-02-03T03:00:00Z,32,0.014389,hgb-v2-train-before-20260201,false
1,2026-02-01T19:00:00Z,2026-02-01T12:00:00Z,2026-02-03T04:00:00Z,33,0.012367,hgb-v2-train-before-20260201,false
1,2026-02-01T19:00:00Z,2026-02-01T12:00:00Z,2026-02-03T05:00:00Z,34,0.239036,hgb-v2-train-before-20260201,false
1,2026-02-01T19:00:00Z,2026-02-01T12:00:00Z,2026-02-03T06:00:00Z,35,0.127417,hgb-v2-train-before-20260201,false
1,2026-02-01T19:00:00Z,2026-02-01T12:00:00Z,2026-02-03T07:00:00Z,36,0.158103,hgb-v2-train-before-20260201,false
1,2026-02-01T19:00:00Z,2026-02-01T12:00:00Z,2026-02-03T08:00:00Z,37,0.156557,hgb-v2-train-before-20260201,false
1,2026-02-01T19:00:00Z,2026-02-01T12:00:00Z,2026-02-03T09:00:00Z,38,0.135693,hgb-v2-train-before-20260201,false
1,2026-02-01T19:00:00Z,2026-02-01T12:00:00Z,2026-02-03T10:00:00Z,39,0.127557,hgb-v2-train-before-20260201,false
1,2026-02-01T19:00:00Z,2026-02-01T12:00:00Z,2026-02-03T11:00:00Z,40,0.056428,hgb-v2-train-before-20260201,false
1,2026-02-01T19:00:00Z,2026-02-01T12:00:00Z,2026-02-03T12:00:00Z,41,0.111462,hgb-v2-train-before-20260201,false
1,2026-02-01T19:00:00Z,2026-02-01T12:00:00Z,2026-02-03T13:00:00Z,42,0.352636,hgb-v2-train-before-20260201,false
1,2026-02-01T19:00:00Z,2026-02-01T12:00:00Z,2026-02-03T14:00:00Z,43,0.735279,hgb-v2-train-before-20260201,false
1,2026-02-01T19:00:00Z,2026-02-01T12:00:00Z,2026-02-03T15:00:00Z,44,0.668473,hgb-v2-train-before-20260201,false
1,2026-02-01T19:00:00Z,2026-02-01T12:00:00Z,2026-02-03T16:00:00Z,45,0.578721,hgb-v2-train-before-20260201,false
1,2026-02-01T19:00:00Z,2026-02-01T12:00:00Z,2026-02-03T17:00:00Z,46,0.577628,hgb-v2-train-before-20260201,false
1,2026-02-01T19:00:00Z,2026-02-01T12:00:00Z,2026-02-03T18:00:00Z,47,0.610299,hgb-v2-train-before-20260201,false
1,2026-02-01T19:00:00Z,2026-02-01T12:00:00Z,2026-02-03T19:00:00Z,48,0.699965,hgb-v2-train-before-20260201,false
2,2026-02-01T19:00:00Z,2026-02-01T12:00:00Z,2026-02-01T20:00:00Z,1,0.276254,hgb-v2-train-before-20260201,false
2,2026-02-01T19:00:00Z,2026-02-01T12:00:00Z,2026-02-01T21:00:00Z,2,0.222475,hgb-v2-train-before-20260201,false
2,2026-02-01T19:00:00Z,2026-02-01T12:00:00Z,2026-02-01T22:00:00Z,3,0.297175,hgb-v2-train-before-20260201,false
2,2026-02-01T19:00:00Z,2026-02-01T12:00:00Z,2026-02-01T23:00:00Z,4,0.365790,hgb-v2-train-before-20260201,false
2,2026-02-01T19:00:00Z,2026-02-01T12:00:00Z,2026-02-02T00:00:00Z,5,0.372859,hgb-v2-train-before-20260201,false
2,2026-02-01T19:00:00Z,2026-02-01T12:00:00Z,2026-02-02T01:00:00Z,6,0.412280,hgb-v2-train-before-20260201,false
2,2026-02-01T19:00:00Z,2026-02-01T12:00:00Z,2026-02-02T02:00:00Z,7,0.473665,hgb-v2-train-before-20260201,false
2,2026-02-01T19:00:00Z,2026-02-01T12:00:00Z,2026-02-02T03:00:00Z,8,0.561269,hgb-v2-train-before-20260201,false
2,2026-02-01T19:00:00Z,2026-02-01T12:00:00Z,2026-02-02T04:00:00Z,9,0.654801,hgb-v2-train-before-20260201,false
2,2026-02-01T19:00:00Z,2026-02-01T12:00:00Z,2026-02-02T05:00:00Z,10,0.708936,hgb-v2-train-before-20260201,false
2,2026-02-01T19:00:00Z,2026-02-01T12:00:00Z,2026-02-02T06:00:00Z,11,0.883621,hgb-v2-train-before-20260201,false
2,2026-02-01T19:00:00Z,2026-02-01T12:00:00Z,2026-02-02T07:00:00Z,12,0.932009,hgb-v2-train-before-20260201,false
2,2026-02-01T19:00:00Z,2026-02-01T12:00:00Z,2026-02-02T08:00:00Z,13,0.952584,hgb-v2-train-before-20260201,false
2,2026-02-01T19:00:00Z,2026-02-01T12:00:00Z,2026-02-02T09:00:00Z,14,0.945898,hgb-v2-train-before-20260201,false
2,2026-02-01T19:00:00Z,2026-02-01T12:00:00Z,2026-02-02T10:00:00Z,15,0.863003,hgb-v2-train-before-20260201,false
2,2026-02-01T19:00:00Z,2026-02-01T12:00:00Z,2026-02-02T11:00:00Z,16,0.867737,hgb-v2-train-before-20260201,false
2,2026-02-01T19:00:00Z,2026-02-01T12:00:00Z,2026-02-02T12:00:00Z,17,0.283275,hgb-v2-train-before-20260201,false
2,2026-02-01T19:00:00Z,2026-02-01T12:00:00Z,2026-02-02T13:00:00Z,18,0.103307,hgb-v2-train-before-20260201,false
2,2026-02-01T19:00:00Z,2026-02-01T12:00:00Z,2026-02-02T14:00:00Z,19,0.036371,hgb-v2-train-before-20260201,false
2,2026-02-01T19:00:00Z,2026-02-01T12:00:00Z,2026-02-02T15:00:00Z,20,0.022601,hgb-v2-train-before-20260201,false
2,2026-02-01T19:00:00Z,2026-02-01T12:00:00Z,2026-02-02T16:00:00Z,21,0.066158,hgb-v2-train-before-20260201,false
2,2026-02-01T19:00:00Z,2026-02-01T12:00:00Z,2026-02-02T17:00:00Z,22,0.052612,hgb-v2-train-before-20260201,false
2,2026-02-01T19:00:00Z,2026-02-01T12:00:00Z,2026-02-02T18:00:00Z,23,0.081282,hgb-v2-train-before-20260201,false
2,2026-02-01T19:00:00Z,2026-02-01T12:00:00Z,2026-02-02T19:00:00Z,24,0.179606,hgb-v2-train-before-20260201,false
2,2026-02-01T19:00:00Z,2026-02-01T12:00:00Z,2026-02-02T20:00:00Z,25,0.281255,hgb-v2-train-before-20260201,false
2,2026-02-01T19:00:00Z,2026-02-01T12:00:00Z,2026-02-02T21:00:00Z,26,0.450616,hgb-v2-train-before-20260201,false
2,2026-02-01T19:00:00Z,2026-02-01T12:00:00Z,2026-02-02T22:00:00Z,27,0.442008,hgb-v2-train-before-20260201,false
2,2026-02-01T19:00:00Z,2026-02-01T12:00:00Z,2026-02-02T23:00:00Z,28,0.307032,hgb-v2-train-before-20260201,false
2,2026-02-01T19:00:00Z,2026-02-01T12:00:00Z,2026-02-03T00:00:00Z,29,0.209285,hgb-v2-train-before-20260201,false
2,2026-02-01T19:00:00Z,2026-02-01T12:00:00Z,2026-02-03T01:00:00Z,30,0.162501,hgb-v2-train-before-20260201,false
2,2026-02-01T19:00:00Z,2026-02-01T12:00:00Z,2026-02-03T02:00:00Z,31,0.059274,hgb-v2-train-before-20260201,false
2,2026-02-01T19:00:00Z,2026-02-01T12:00:00Z,2026-02-03T03:00:00Z,32,0.013954,hgb-v2-train-before-20260201,false
2,2026-02-01T19:00:00Z,2026-02-01T12:00:00Z,2026-02-03T04:00:00Z,33,0.012011,hgb-v2-train-before-20260201,false
2,2026-02-01T19:00:00Z,2026-02-01T12:00:00Z,2026-02-03T05:00:00Z,34,0.242899,hgb-v2-train-before-20260201,false
2,2026-02-01T19:00:00Z,2026-02-01T12:00:00Z,2026-02-03T06:00:00Z,35,0.131285,hgb-v2-train-before-20260201,false
2,2026-02-01T19:00:00Z,2026-02-01T12:00:00Z,2026-02-03T07:00:00Z,36,0.157747,hgb-v2-train-before-20260201,false
2,2026-02-01T19:00:00Z,2026-02-01T12:00:00Z,2026-02-03T08:00:00Z,37,0.156202,hgb-v2-train-before-20260201,false
2,2026-02-01T19:00:00Z,2026-02-01T12:00:00Z,2026-02-03T09:00:00Z,38,0.135337,hgb-v2-train-before-20260201,false
2,2026-02-01T19:00:00Z,2026-02-01T12:00:00Z,2026-02-03T10:00:00Z,39,0.127201,hgb-v2-train-before-20260201,false
2,2026-02-01T19:00:00Z,2026-02-01T12:00:00Z,2026-02-03T11:00:00Z,40,0.056072,hgb-v2-train-before-20260201,false
2,2026-02-01T19:00:00Z,2026-02-01T12:00:00Z,2026-02-03T12:00:00Z,41,0.111106,hgb-v2-train-before-20260201,false
2,2026-02-01T19:00:00Z,2026-02-01T12:00:00Z,2026-02-03T13:00:00Z,42,0.352280,hgb-v2-train-before-20260201,false
2,2026-02-01T19:00:00Z,2026-02-01T12:00:00Z,2026-02-03T14:00:00Z,43,0.734923,hgb-v2-train-before-20260201,false
2,2026-02-01T19:00:00Z,2026-02-01T12:00:00Z,2026-02-03T15:00:00Z,44,0.668117,hgb-v2-train-before-20260201,false
2,2026-02-01T19:00:00Z,2026-02-01T12:00:00Z,2026-02-03T16:00:00Z,45,0.578366,hgb-v2-train-before-20260201,false
2,2026-02-01T19:00:00Z,2026-02-01T12:00:00Z,2026-02-03T17:00:00Z,46,0.577273,hgb-v2-train-before-20260201,false
2,2026-02-01T19:00:00Z,2026-02-01T12:00:00Z,2026-02-03T18:00:00Z,47,0.609944,hgb-v2-train-before-20260201,false
2,2026-02-01T19:00:00Z,2026-02-01T12:00:00Z,2026-02-03T19:00:00Z,48,0.699609,hgb-v2-train-before-20260201,false
1,2026-02-02T19:00:00Z,2026-02-02T12:00:00Z,2026-02-02T20:00:00Z,1,0.368398,hgb-v2-train-before-20260201,false
1,2026-02-02T19:00:00Z,2026-02-02T12:00:00Z,2026-02-02T21:00:00Z,2,0.462403,hgb-v2-train-before-20260201,false
1,2026-02-02T19:00:00Z,2026-02-02T12:00:00Z,2026-02-02T22:00:00Z,3,0.459854,hgb-v2-train-before-20260201,false
1,2026-02-02T19:00:00Z,2026-02-02T12:00:00Z,2026-02-02T23:00:00Z,4,0.607820,hgb-v2-train-before-20260201,false
1,2026-02-02T19:00:00Z,2026-02-02T12:00:00Z,2026-02-03T00:00:00Z,5,0.478812,hgb-v2-train-before-20260201,false
1,2026-02-02T19:00:00Z,2026-02-02T12:00:00Z,2026-02-03T01:00:00Z,6,0.234439,hgb-v2-train-before-20260201,false
1,2026-02-02T19:00:00Z,2026-02-02T12:00:00Z,2026-02-03T02:00:00Z,7,0.140368,hgb-v2-train-before-20260201,false
1,2026-02-02T19:00:00Z,2026-02-02T12:00:00Z,2026-02-03T03:00:00Z,8,0.104246,hgb-v2-train-before-20260201,false
1,2026-02-02T19:00:00Z,2026-02-02T12:00:00Z,2026-02-03T04:00:00Z,9,0.011421,hgb-v2-train-before-20260201,false
1,2026-02-02T19:00:00Z,2026-02-02T12:00:00Z,2026-02-03T05:00:00Z,10,0.038403,hgb-v2-train-before-20260201,false
1,2026-02-02T19:00:00Z,2026-02-02T12:00:00Z,2026-02-03T06:00:00Z,11,0.173997,hgb-v2-train-before-20260201,false
1,2026-02-02T19:00:00Z,2026-02-02T12:00:00Z,2026-02-03T07:00:00Z,12,0.269940,hgb-v2-train-before-20260201,false
1,2026-02-02T19:00:00Z,2026-02-02T12:00:00Z,2026-02-03T08:00:00Z,13,0.231614,hgb-v2-train-before-20260201,false
1,2026-02-02T19:00:00Z,2026-02-02T12:00:00Z,2026-02-03T09:00:00Z,14,0.135689,hgb-v2-train-before-20260201,false
1,2026-02-02T19:00:00Z,2026-02-02T12:00:00Z,2026-02-03T10:00:00Z,15,0.030223,hgb-v2-train-before-20260201,false
1,2026-02-02T19:00:00Z,2026-02-02T12:00:00Z,2026-02-03T11:00:00Z,16,0.037152,hgb-v2-train-before-20260201,false
1,2026-02-02T19:00:00Z,2026-02-02T12:00:00Z,2026-02-03T12:00:00Z,17,0.187812,hgb-v2-train-before-20260201,false
1,2026-02-02T19:00:00Z,2026-02-02T12:00:00Z,2026-02-03T13:00:00Z,18,0.156235,hgb-v2-train-before-20260201,false
1,2026-02-02T19:00:00Z,2026-02-02T12:00:00Z,2026-02-03T14:00:00Z,19,0.433218,hgb-v2-train-before-20260201,false
1,2026-02-02T19:00:00Z,2026-02-02T12:00:00Z,2026-02-03T15:00:00Z,20,0.675509,hgb-v2-train-before-20260201,false
1,2026-02-02T19:00:00Z,2026-02-02T12:00:00Z,2026-02-03T16:00:00Z,21,0.541946,hgb-v2-train-before-20260201,false
1,2026-02-02T19:00:00Z,2026-02-02T12:00:00Z,2026-02-03T17:00:00Z,22,0.468823,hgb-v2-train-before-20260201,false
1,2026-02-02T19:00:00Z,2026-02-02T12:00:00Z,2026-02-03T18:00:00Z,23,0.566129,hgb-v2-train-before-20260201,false
1,2026-02-02T19:00:00Z,2026-02-02T12:00:00Z,2026-02-03T19:00:00Z,24,0.564632,hgb-v2-train-before-20260201,false
1,2026-02-02T19:00:00Z,2026-02-02T12:00:00Z,2026-02-03T20:00:00Z,25,0.573398,hgb-v2-train-before-20260201,false
1,2026-02-02T19:00:00Z,2026-02-02T12:00:00Z,2026-02-03T21:00:00Z,26,0.517009,hgb-v2-train-before-20260201,false
1,2026-02-02T19:00:00Z,2026-02-02T12:00:00Z,2026-02-03T22:00:00Z,27,0.412475,hgb-v2-train-before-20260201,false
1,2026-02-02T19:00:00Z,2026-02-02T12:00:00Z,2026-02-03T23:00:00Z,28,0.388989,hgb-v2-train-before-20260201,false
1,2026-02-02T19:00:00Z,2026-02-02T12:00:00Z,2026-02-04T00:00:00Z,29,0.412475,hgb-v2-train-before-20260201,false
1,2026-02-02T19:00:00Z,2026-02-02T12:00:00Z,2026-02-04T01:00:00Z,30,0.412823,hgb-v2-train-before-20260201,false
1,2026-02-02T19:00:00Z,2026-02-02T12:00:00Z,2026-02-04T02:00:00Z,31,0.413698,hgb-v2-train-before-20260201,false
1,2026-02-02T19:00:00Z,2026-02-02T12:00:00Z,2026-02-04T03:00:00Z,32,0.495178,hgb-v2-train-before-20260201,false
1,2026-02-02T19:00:00Z,2026-02-02T12:00:00Z,2026-02-04T04:00:00Z,33,0.467056,hgb-v2-train-before-20260201,false
1,2026-02-02T19:00:00Z,2026-02-02T12:00:00Z,2026-02-04T05:00:00Z,34,0.296919,hgb-v2-train-before-20260201,false
1,2026-02-02T19:00:00Z,2026-02-02T12:00:00Z,2026-02-04T06:00:00Z,35,0.160399,hgb-v2-train-before-20260201,false
1,2026-02-02T19:00:00Z,2026-02-02T12:00:00Z,2026-02-04T07:00:00Z,36,0.172126,hgb-v2-train-before-20260201,false
1,2026-02-02T19:00:00Z,2026-02-02T12:00:00Z,2026-02-04T08:00:00Z,37,0.185322,hgb-v2-train-before-20260201,false
1,2026-02-02T19:00:00Z,2026-02-02T12:00:00Z,2026-02-04T09:00:00Z,38,0.174871,hgb-v2-train-before-20260201,false
1,2026-02-02T19:00:00Z,2026-02-02T12:00:00Z,2026-02-04T10:00:00Z,39,0.166094,hgb-v2-train-before-20260201,false
1,2026-02-02T19:00:00Z,2026-02-02T12:00:00Z,2026-02-04T11:00:00Z,40,0.151998,hgb-v2-train-before-20260201,false
1,2026-02-02T19:00:00Z,2026-02-02T12:00:00Z,2026-02-04T12:00:00Z,41,0.038910,hgb-v2-train-before-20260201,false
1,2026-02-02T19:00:00Z,2026-02-02T12:00:00Z,2026-02-04T13:00:00Z,42,0.015801,hgb-v2-train-before-20260201,false
1,2026-02-02T19:00:00Z,2026-02-02T12:00:00Z,2026-02-04T14:00:00Z,43,0.103701,hgb-v2-train-before-20260201,false
1,2026-02-02T19:00:00Z,2026-02-02T12:00:00Z,2026-02-04T15:00:00Z,44,0.439632,hgb-v2-train-before-20260201,false
1,2026-02-02T19:00:00Z,2026-02-02T12:00:00Z,2026-02-04T16:00:00Z,45,0.600574,hgb-v2-train-before-20260201,false
1,2026-02-02T19:00:00Z,2026-02-02T12:00:00Z,2026-02-04T17:00:00Z,46,0.662422,hgb-v2-train-before-20260201,false
1,2026-02-02T19:00:00Z,2026-02-02T12:00:00Z,2026-02-04T18:00:00Z,47,0.632067,hgb-v2-train-before-20260201,false
1,2026-02-02T19:00:00Z,2026-02-02T12:00:00Z,2026-02-04T19:00:00Z,48,0.643548,hgb-v2-train-before-20260201,false
2,2026-02-02T19:00:00Z,2026-02-02T12:00:00Z,2026-02-02T20:00:00Z,1,0.364888,hgb-v2-train-before-20260201,false
2,2026-02-02T19:00:00Z,2026-02-02T12:00:00Z,2026-02-02T21:00:00Z,2,0.458892,hgb-v2-train-before-20260201,false
2,2026-02-02T19:00:00Z,2026-02-02T12:00:00Z,2026-02-02T22:00:00Z,3,0.459207,hgb-v2-train-before-20260201,false
2,2026-02-02T19:00:00Z,2026-02-02T12:00:00Z,2026-02-02T23:00:00Z,4,0.604309,hgb-v2-train-before-20260201,false
2,2026-02-02T19:00:00Z,2026-02-02T12:00:00Z,2026-02-03T00:00:00Z,5,0.475302,hgb-v2-train-before-20260201,false
2,2026-02-02T19:00:00Z,2026-02-02T12:00:00Z,2026-02-03T01:00:00Z,6,0.231146,hgb-v2-train-before-20260201,false
2,2026-02-02T19:00:00Z,2026-02-02T12:00:00Z,2026-02-03T02:00:00Z,7,0.139609,hgb-v2-train-before-20260201,false
2,2026-02-02T19:00:00Z,2026-02-02T12:00:00Z,2026-02-03T03:00:00Z,8,0.103488,hgb-v2-train-before-20260201,false
2,2026-02-02T19:00:00Z,2026-02-02T12:00:00Z,2026-02-03T04:00:00Z,9,0.010548,hgb-v2-train-before-20260201,false
2,2026-02-02T19:00:00Z,2026-02-02T12:00:00Z,2026-02-03T05:00:00Z,10,0.038047,hgb-v2-train-before-20260201,false
2,2026-02-02T19:00:00Z,2026-02-02T12:00:00Z,2026-02-03T06:00:00Z,11,0.177860,hgb-v2-train-before-20260201,false
2,2026-02-02T19:00:00Z,2026-02-02T12:00:00Z,2026-02-03T07:00:00Z,12,0.273808,hgb-v2-train-before-20260201,false
2,2026-02-02T19:00:00Z,2026-02-02T12:00:00Z,2026-02-03T08:00:00Z,13,0.235482,hgb-v2-train-before-20260201,false
2,2026-02-02T19:00:00Z,2026-02-02T12:00:00Z,2026-02-03T09:00:00Z,14,0.135430,hgb-v2-train-before-20260201,false
2,2026-02-02T19:00:00Z,2026-02-02T12:00:00Z,2026-02-03T10:00:00Z,15,0.029867,hgb-v2-train-before-20260201,false
2,2026-02-02T19:00:00Z,2026-02-02T12:00:00Z,2026-02-03T11:00:00Z,16,0.036796,hgb-v2-train-before-20260201,false
2,2026-02-02T19:00:00Z,2026-02-02T12:00:00Z,2026-02-03T12:00:00Z,17,0.187456,hgb-v2-train-before-20260201,false
2,2026-02-02T19:00:00Z,2026-02-02T12:00:00Z,2026-02-03T13:00:00Z,18,0.155879,hgb-v2-train-before-20260201,false
2,2026-02-02T19:00:00Z,2026-02-02T12:00:00Z,2026-02-03T14:00:00Z,19,0.432862,hgb-v2-train-before-20260201,false
2,2026-02-02T19:00:00Z,2026-02-02T12:00:00Z,2026-02-03T15:00:00Z,20,0.675153,hgb-v2-train-before-20260201,false
2,2026-02-02T19:00:00Z,2026-02-02T12:00:00Z,2026-02-03T16:00:00Z,21,0.541590,hgb-v2-train-before-20260201,false
2,2026-02-02T19:00:00Z,2026-02-02T12:00:00Z,2026-02-03T17:00:00Z,22,0.468468,hgb-v2-train-before-20260201,false
2,2026-02-02T19:00:00Z,2026-02-02T12:00:00Z,2026-02-03T18:00:00Z,23,0.565774,hgb-v2-train-before-20260201,false
2,2026-02-02T19:00:00Z,2026-02-02T12:00:00Z,2026-02-03T19:00:00Z,24,0.564277,hgb-v2-train-before-20260201,false
2,2026-02-02T19:00:00Z,2026-02-02T12:00:00Z,2026-02-03T20:00:00Z,25,0.573042,hgb-v2-train-before-20260201,false
2,2026-02-02T19:00:00Z,2026-02-02T12:00:00Z,2026-02-03T21:00:00Z,26,0.516653,hgb-v2-train-before-20260201,false
2,2026-02-02T19:00:00Z,2026-02-02T12:00:00Z,2026-02-03T22:00:00Z,27,0.412119,hgb-v2-train-before-20260201,false
2,2026-02-02T19:00:00Z,2026-02-02T12:00:00Z,2026-02-03T23:00:00Z,28,0.388633,hgb-v2-train-before-20260201,false
2,2026-02-02T19:00:00Z,2026-02-02T12:00:00Z,2026-02-04T00:00:00Z,29,0.412119,hgb-v2-train-before-20260201,false
2,2026-02-02T19:00:00Z,2026-02-02T12:00:00Z,2026-02-04T01:00:00Z,30,0.412468,hgb-v2-train-before-20260201,false
2,2026-02-02T19:00:00Z,2026-02-02T12:00:00Z,2026-02-04T02:00:00Z,31,0.413342,hgb-v2-train-before-20260201,false
2,2026-02-02T19:00:00Z,2026-02-02T12:00:00Z,2026-02-04T03:00:00Z,32,0.494822,hgb-v2-train-before-20260201,false
2,2026-02-02T19:00:00Z,2026-02-02T12:00:00Z,2026-02-04T04:00:00Z,33,0.466700,hgb-v2-train-before-20260201,false
2,2026-02-02T19:00:00Z,2026-02-02T12:00:00Z,2026-02-04T05:00:00Z,34,0.296564,hgb-v2-train-before-20260201,false
2,2026-02-02T19:00:00Z,2026-02-02T12:00:00Z,2026-02-04T06:00:00Z,35,0.160043,hgb-v2-train-before-20260201,false
2,2026-02-02T19:00:00Z,2026-02-02T12:00:00Z,2026-02-04T07:00:00Z,36,0.171770,hgb-v2-train-before-20260201,false
2,2026-02-02T19:00:00Z,2026-02-02T12:00:00Z,2026-02-04T08:00:00Z,37,0.189186,hgb-v2-train-before-20260201,false
2,2026-02-02T19:00:00Z,2026-02-02T12:00:00Z,2026-02-04T09:00:00Z,38,0.174612,hgb-v2-train-before-20260201,false
2,2026-02-02T19:00:00Z,2026-02-02T12:00:00Z,2026-02-04T10:00:00Z,39,0.165831,hgb-v2-train-before-20260201,false
2,2026-02-02T19:00:00Z,2026-02-02T12:00:00Z,2026-02-04T11:00:00Z,40,0.151642,hgb-v2-train-before-20260201,false
2,2026-02-02T19:00:00Z,2026-02-02T12:00:00Z,2026-02-04T12:00:00Z,41,0.038554,hgb-v2-train-before-20260201,false
2,2026-02-02T19:00:00Z,2026-02-02T12:00:00Z,2026-02-04T13:00:00Z,42,0.015446,hgb-v2-train-before-20260201,false
2,2026-02-02T19:00:00Z,2026-02-02T12:00:00Z,2026-02-04T14:00:00Z,43,0.103306,hgb-v2-train-before-20260201,false
2,2026-02-02T19:00:00Z,2026-02-02T12:00:00Z,2026-02-04T15:00:00Z,44,0.438985,hgb-v2-train-before-20260201,false
2,2026-02-02T19:00:00Z,2026-02-02T12:00:00Z,2026-02-04T16:00:00Z,45,0.599928,hgb-v2-train-before-20260201,false
2,2026-02-02T19:00:00Z,2026-02-02T12:00:00Z,2026-02-04T17:00:00Z,46,0.662027,hgb-v2-train-before-20260201,false
2,2026-02-02T19:00:00Z,2026-02-02T12:00:00Z,2026-02-04T18:00:00Z,47,0.631421,hgb-v2-train-before-20260201,false
2,2026-02-02T19:00:00Z,2026-02-02T12:00:00Z,2026-02-04T19:00:00Z,48,0.647813,hgb-v2-train-before-20260201,false
1,2026-02-03T19:00:00Z,2026-02-03T12:00:00Z,2026-02-03T20:00:00Z,1,0.325677,hgb-v2-train-before-20260201,false
1,2026-02-03T19:00:00Z,2026-02-03T12:00:00Z,2026-02-03T21:00:00Z,2,0.296267,hgb-v2-train-before-20260201,false
1,2026-02-03T19:00:00Z,2026-02-03T12:00:00Z,2026-02-03T22:00:00Z,3,0.174472,hgb-v2-train-before-20260201,false
1,2026-02-03T19:00:00Z,2026-02-03T12:00:00Z,2026-02-03T23:00:00Z,4,0.281278,hgb-v2-train-before-20260201,false
1,2026-02-03T19:00:00Z,2026-02-03T12:00:00Z,2026-02-04T00:00:00Z,5,0.540810,hgb-v2-train-before-20260201,false
1,2026-02-03T19:00:00Z,2026-02-03T12:00:00Z,2026-02-04T01:00:00Z,6,0.734307,hgb-v2-train-before-20260201,false
1,2026-02-03T19:00:00Z,2026-02-03T12:00:00Z,2026-02-04T02:00:00Z,7,0.799981,hgb-v2-train-before-20260201,false
1,2026-02-03T19:00:00Z,2026-02-03T12:00:00Z,2026-02-04T03:00:00Z,8,0.713843,hgb-v2-train-before-20260201,false
1,2026-02-03T19:00:00Z,2026-02-03T12:00:00Z,2026-02-04T04:00:00Z,9,0.531005,hgb-v2-train-before-20260201,false
1,2026-02-03T19:00:00Z,2026-02-03T12:00:00Z,2026-02-04T05:00:00Z,10,0.436840,hgb-v2-train-before-20260201,false
1,2026-02-03T19:00:00Z,2026-02-03T12:00:00Z,2026-02-04T06:00:00Z,11,0.303585,hgb-v2-train-before-20260201,false
1,2026-02-03T19:00:00Z,2026-02-03T12:00:00Z,2026-02-04T07:00:00Z,12,0.287357,hgb-v2-train-before-20260201,false
1,2026-02-03T19:00:00Z,2026-02-03T12:00:00Z,2026-02-04T08:00:00Z,13,0.279905,hgb-v2-train-before-20260201,false
1,2026-02-03T19:00:00Z,2026-02-03T12:00:00Z,2026-02-04T09:00:00Z,14,0.166161,hgb-v2-train-before-20260201,false
1,2026-02-03T19:00:00Z,2026-02-03T12:00:00Z,2026-02-04T10:00:00Z,15,0.148237,hgb-v2-train-before-20260201,false
1,2026-02-03T19:00:00Z,2026-02-03T12:00:00Z,2026-02-04T11:00:00Z,16,0.056756,hgb-v2-train-before-20260201,false
1,2026-02-03T19:00:00Z,2026-02-03T12:00:00Z,2026-02-04T12:00:00Z,17,0.036457,hgb-v2-train-before-20260201,false
1,2026-02-03T19:00:00Z,2026-02-03T12:00:00Z,2026-02-04T13:00:00Z,18,0.015101,hgb-v2-train-before-20260201,false
1,2026-02-03T19:00:00Z,2026-02-03T12:00:00Z,2026-02-04T14:00:00Z,19,0.020268,hgb-v2-train-before-20260201,false
1,2026-02-03T19:00:00Z,2026-02-03T12:00:00Z,2026-02-04T15:00:00Z,20,0.366314,hgb-v2-train-before-20260201,false
1,2026-02-03T19:00:00Z,2026-02-03T12:00:00Z,2026-02-04T16:00:00Z,21,0.445900,hgb-v2-train-before-20260201,false
1,2026-02-03T19:00:00Z,2026-02-03T12:00:00Z,2026-02-04T17:00:00Z,22,0.544179,hgb-v2-train-before-20260201,false
1,2026-02-03T19:00:00Z,2026-02-03T12:00:00Z,2026-02-04T18:00:00Z,23,0.648666,hgb-v2-train-before-20260201,false
1,2026-02-03T19:00:00Z,2026-02-03T12:00:00Z,2026-02-04T19:00:00Z,24,0.665490,hgb-v2-train-before-20260201,false
1,2026-02-03T19:00:00Z,2026-02-03T12:00:00Z,2026-02-04T20:00:00Z,25,0.745323,hgb-v2-train-before-20260201,false
1,2026-02-03T19:00:00Z,2026-02-03T12:00:00Z,2026-02-04T21:00:00Z,26,0.760404,hgb-v2-train-before-20260201,false
1,2026-02-03T19:00:00Z,2026-02-03T12:00:00Z,2026-02-04T22:00:00Z,27,0.890866,hgb-v2-train-before-20260201,false
1,2026-02-03T19:00:00Z,2026-02-03T12:00:00Z,2026-02-04T23:00:00Z,28,0.976130,hgb-v2-train-before-20260201,false
1,2026-02-03T19:00:00Z,2026-02-03T12:00:00Z,2026-02-05T00:00:00Z,29,0.970639,hgb-v2-train-before-20260201,false
1,2026-02-03T19:00:00Z,2026-02-03T12:00:00Z,2026-02-05T01:00:00Z,30,0.976584,hgb-v2-train-before-20260201,false
1,2026-02-03T19:00:00Z,2026-02-03T12:00:00Z,2026-02-05T02:00:00Z,31,0.983828,hgb-v2-train-before-20260201,false
1,2026-02-03T19:00:00Z,2026-02-03T12:00:00Z,2026-02-05T03:00:00Z,32,0.984239,hgb-v2-train-before-20260201,false
1,2026-02-03T19:00:00Z,2026-02-03T12:00:00Z,2026-02-05T04:00:00Z,33,0.978834,hgb-v2-train-before-20260201,false
1,2026-02-03T19:00:00Z,2026-02-03T12:00:00Z,2026-02-05T05:00:00Z,34,0.977428,hgb-v2-train-before-20260201,false
1,2026-02-03T19:00:00Z,2026-02-03T12:00:00Z,2026-02-05T06:00:00Z,35,0.990607,hgb-v2-train-before-20260201,false
1,2026-02-03T19:00:00Z,2026-02-03T12:00:00Z,2026-02-05T07:00:00Z,36,0.989229,hgb-v2-train-before-20260201,false
1,2026-02-03T19:00:00Z,2026-02-03T12:00:00Z,2026-02-05T08:00:00Z,37,0.991034,hgb-v2-train-before-20260201,false
1,2026-02-03T19:00:00Z,2026-02-03T12:00:00Z,2026-02-05T09:00:00Z,38,0.997825,hgb-v2-train-before-20260201,false
1,2026-02-03T19:00:00Z,2026-02-03T12:00:00Z,2026-02-05T10:00:00Z,39,0.978227,hgb-v2-train-before-20260201,false
1,2026-02-03T19:00:00Z,2026-02-03T12:00:00Z,2026-02-05T11:00:00Z,40,0.953822,hgb-v2-train-before-20260201,false
1,2026-02-03T19:00:00Z,2026-02-03T12:00:00Z,2026-02-05T12:00:00Z,41,0.971491,hgb-v2-train-before-20260201,false
1,2026-02-03T19:00:00Z,2026-02-03T12:00:00Z,2026-02-05T13:00:00Z,42,0.873135,hgb-v2-train-before-20260201,false
1,2026-02-03T19:00:00Z,2026-02-03T12:00:00Z,2026-02-05T14:00:00Z,43,0.579761,hgb-v2-train-before-20260201,false
1,2026-02-03T19:00:00Z,2026-02-03T12:00:00Z,2026-02-05T15:00:00Z,44,0.590454,hgb-v2-train-before-20260201,false
1,2026-02-03T19:00:00Z,2026-02-03T12:00:00Z,2026-02-05T16:00:00Z,45,0.578045,hgb-v2-train-before-20260201,false
1,2026-02-03T19:00:00Z,2026-02-03T12:00:00Z,2026-02-05T17:00:00Z,46,0.636760,hgb-v2-train-before-20260201,false
1,2026-02-03T19:00:00Z,2026-02-03T12:00:00Z,2026-02-05T18:00:00Z,47,0.484252,hgb-v2-train-before-20260201,false
1,2026-02-03T19:00:00Z,2026-02-03T12:00:00Z,2026-02-05T19:00:00Z,48,0.377650,hgb-v2-train-before-20260201,false
2,2026-02-03T19:00:00Z,2026-02-03T12:00:00Z,2026-02-03T20:00:00Z,1,0.325321,hgb-v2-train-before-20260201,false
2,2026-02-03T19:00:00Z,2026-02-03T12:00:00Z,2026-02-03T21:00:00Z,2,0.295911,hgb-v2-train-before-20260201,false
2,2026-02-03T19:00:00Z,2026-02-03T12:00:00Z,2026-02-03T22:00:00Z,3,0.174116,hgb-v2-train-before-20260201,false
2,2026-02-03T19:00:00Z,2026-02-03T12:00:00Z,2026-02-03T23:00:00Z,4,0.280923,hgb-v2-train-before-20260201,false
2,2026-02-03T19:00:00Z,2026-02-03T12:00:00Z,2026-02-04T00:00:00Z,5,0.540455,hgb-v2-train-before-20260201,false
2,2026-02-03T19:00:00Z,2026-02-03T12:00:00Z,2026-02-04T01:00:00Z,6,0.738171,hgb-v2-train-before-20260201,false
2,2026-02-03T19:00:00Z,2026-02-03T12:00:00Z,2026-02-04T02:00:00Z,7,0.803848,hgb-v2-train-before-20260201,false
2,2026-02-03T19:00:00Z,2026-02-03T12:00:00Z,2026-02-04T03:00:00Z,8,0.717711,hgb-v2-train-before-20260201,false
2,2026-02-03T19:00:00Z,2026-02-03T12:00:00Z,2026-02-04T04:00:00Z,9,0.534868,hgb-v2-train-before-20260201,false
2,2026-02-03T19:00:00Z,2026-02-03T12:00:00Z,2026-02-04T05:00:00Z,10,0.436484,hgb-v2-train-before-20260201,false
2,2026-02-03T19:00:00Z,2026-02-03T12:00:00Z,2026-02-04T06:00:00Z,11,0.303230,hgb-v2-train-before-20260201,false
2,2026-02-03T19:00:00Z,2026-02-03T12:00:00Z,2026-02-04T07:00:00Z,12,0.291224,hgb-v2-train-before-20260201,false
2,2026-02-03T19:00:00Z,2026-02-03T12:00:00Z,2026-02-04T08:00:00Z,13,0.283773,hgb-v2-train-before-20260201,false
2,2026-02-03T19:00:00Z,2026-02-03T12:00:00Z,2026-02-04T09:00:00Z,14,0.165902,hgb-v2-train-before-20260201,false
2,2026-02-03T19:00:00Z,2026-02-03T12:00:00Z,2026-02-04T10:00:00Z,15,0.147974,hgb-v2-train-before-20260201,false
2,2026-02-03T19:00:00Z,2026-02-03T12:00:00Z,2026-02-04T11:00:00Z,16,0.056401,hgb-v2-train-before-20260201,false
2,2026-02-03T19:00:00Z,2026-02-03T12:00:00Z,2026-02-04T12:00:00Z,17,0.036101,hgb-v2-train-before-20260201,false
2,2026-02-03T19:00:00Z,2026-02-03T12:00:00Z,2026-02-04T13:00:00Z,18,0.014745,hgb-v2-train-before-20260201,false
2,2026-02-03T19:00:00Z,2026-02-03T12:00:00Z,2026-02-04T14:00:00Z,19,0.019874,hgb-v2-train-before-20260201,false
2,2026-02-03T19:00:00Z,2026-02-03T12:00:00Z,2026-02-04T15:00:00Z,20,0.365668,hgb-v2-train-before-20260201,false
2,2026-02-03T19:00:00Z,2026-02-03T12:00:00Z,2026-02-04T16:00:00Z,21,0.445254,hgb-v2-train-before-20260201,false
2,2026-02-03T19:00:00Z,2026-02-03T12:00:00Z,2026-02-04T17:00:00Z,22,0.543532,hgb-v2-train-before-20260201,false
2,2026-02-03T19:00:00Z,2026-02-03T12:00:00Z,2026-02-04T18:00:00Z,23,0.648020,hgb-v2-train-before-20260201,false
2,2026-02-03T19:00:00Z,2026-02-03T12:00:00Z,2026-02-04T19:00:00Z,24,0.663836,hgb-v2-train-before-20260201,false
2,2026-02-03T19:00:00Z,2026-02-03T12:00:00Z,2026-02-04T20:00:00Z,25,0.744090,hgb-v2-train-before-20260201,false
2,2026-02-03T19:00:00Z,2026-02-03T12:00:00Z,2026-02-04T21:00:00Z,26,0.759171,hgb-v2-train-before-20260201,false
2,2026-02-03T19:00:00Z,2026-02-03T12:00:00Z,2026-02-04T22:00:00Z,27,0.888154,hgb-v2-train-before-20260201,false
2,2026-02-03T19:00:00Z,2026-02-03T12:00:00Z,2026-02-04T23:00:00Z,28,0.971461,hgb-v2-train-before-20260201,false
2,2026-02-03T19:00:00Z,2026-02-03T12:00:00Z,2026-02-05T00:00:00Z,29,0.965156,hgb-v2-train-before-20260201,false
2,2026-02-03T19:00:00Z,2026-02-03T12:00:00Z,2026-02-05T01:00:00Z,30,0.967909,hgb-v2-train-before-20260201,false
2,2026-02-03T19:00:00Z,2026-02-03T12:00:00Z,2026-02-05T02:00:00Z,31,0.966770,hgb-v2-train-before-20260201,false
2,2026-02-03T19:00:00Z,2026-02-03T12:00:00Z,2026-02-05T03:00:00Z,32,0.966563,hgb-v2-train-before-20260201,false
2,2026-02-03T19:00:00Z,2026-02-03T12:00:00Z,2026-02-05T04:00:00Z,33,0.970199,hgb-v2-train-before-20260201,false
2,2026-02-03T19:00:00Z,2026-02-03T12:00:00Z,2026-02-05T05:00:00Z,34,0.966309,hgb-v2-train-before-20260201,false
2,2026-02-03T19:00:00Z,2026-02-03T12:00:00Z,2026-02-05T06:00:00Z,35,0.970514,hgb-v2-train-before-20260201,false
2,2026-02-03T19:00:00Z,2026-02-03T12:00:00Z,2026-02-05T07:00:00Z,36,0.970103,hgb-v2-train-before-20260201,false
2,2026-02-03T19:00:00Z,2026-02-03T12:00:00Z,2026-02-05T08:00:00Z,37,0.972335,hgb-v2-train-before-20260201,false
2,2026-02-03T19:00:00Z,2026-02-03T12:00:00Z,2026-02-05T09:00:00Z,38,0.978232,hgb-v2-train-before-20260201,false
2,2026-02-03T19:00:00Z,2026-02-03T12:00:00Z,2026-02-05T10:00:00Z,39,0.970742,hgb-v2-train-before-20260201,false
2,2026-02-03T19:00:00Z,2026-02-03T12:00:00Z,2026-02-05T11:00:00Z,40,0.948896,hgb-v2-train-before-20260201,false
2,2026-02-03T19:00:00Z,2026-02-03T12:00:00Z,2026-02-05T12:00:00Z,41,0.969208,hgb-v2-train-before-20260201,false
2,2026-02-03T19:00:00Z,2026-02-03T12:00:00Z,2026-02-05T13:00:00Z,42,0.888133,hgb-v2-train-before-20260201,false
2,2026-02-03T19:00:00Z,2026-02-03T12:00:00Z,2026-02-05T14:00:00Z,43,0.583472,hgb-v2-train-before-20260201,false
2,2026-02-03T19:00:00Z,2026-02-03T12:00:00Z,2026-02-05T15:00:00Z,44,0.585665,hgb-v2-train-before-20260201,false
2,2026-02-03T19:00:00Z,2026-02-03T12:00:00Z,2026-02-05T16:00:00Z,45,0.574534,hgb-v2-train-before-20260201,false
2,2026-02-03T19:00:00Z,2026-02-03T12:00:00Z,2026-02-05T17:00:00Z,46,0.633249,hgb-v2-train-before-20260201,false
2,2026-02-03T19:00:00Z,2026-02-03T12:00:00Z,2026-02-05T18:00:00Z,47,0.480741,hgb-v2-train-before-20260201,false
2,2026-02-03T19:00:00Z,2026-02-03T12:00:00Z,2026-02-05T19:00:00Z,48,0.377003,hgb-v2-train-before-20260201,false
1,2026-02-04T19:00:00Z,2026-02-04T12:00:00Z,2026-02-04T20:00:00Z,1,0.783740,hgb-v2-train-before-20260201,false
1,2026-02-04T19:00:00Z,2026-02-04T12:00:00Z,2026-02-04T21:00:00Z,2,0.918869,hgb-v2-train-before-20260201,false
1,2026-02-04T19:00:00Z,2026-02-04T12:00:00Z,2026-02-04T22:00:00Z,3,0.973735,hgb-v2-train-before-20260201,false
1,2026-02-04T19:00:00Z,2026-02-04T12:00:00Z,2026-02-04T23:00:00Z,4,0.973345,hgb-v2-train-before-20260201,false
1,2026-02-04T19:00:00Z,2026-02-04T12:00:00Z,2026-02-05T00:00:00Z,5,0.976584,hgb-v2-train-before-20260201,false
1,2026-02-04T19:00:00Z,2026-02-04T12:00:00Z,2026-02-05T01:00:00Z,6,0.989904,hgb-v2-train-before-20260201,false
1,2026-02-04T19:00:00Z,2026-02-04T12:00:00Z,2026-02-05T02:00:00Z,7,0.989288,hgb-v2-train-before-20260201,false
1,2026-02-04T19:00:00Z,2026-02-04T12:00:00Z,2026-02-05T03:00:00Z,8,0.989904,hgb-v2-train-before-20260201,false
1,2026-02-04T19:00:00Z,2026-02-04T12:00:00Z,2026-02-05T04:00:00Z,9,0.980136,hgb-v2-train-before-20260201,false
1,2026-02-04T19:00:00Z,2026-02-04T12:00:00Z,2026-02-05T05:00:00Z,10,0.990569,hgb-v2-train-before-20260201,false
1,2026-02-04T19:00:00Z,2026-02-04T12:00:00Z,2026-02-05T06:00:00Z,11,0.989776,hgb-v2-train-before-20260201,false
1,2026-02-04T19:00:00Z,2026-02-04T12:00:00Z,2026-02-05T07:00:00Z,12,0.989860,hgb-v2-train-before-20260201,false
1,2026-02-04T19:00:00Z,2026-02-04T12:00:00Z,2026-02-05T08:00:00Z,13,0.981316,hgb-v2-train-before-20260201,false
1,2026-02-04T19:00:00Z,2026-02-04T12:00:00Z,2026-02-05T09:00:00Z,14,0.994849,hgb-v2-train-before-20260201,false
1,2026-02-04T19:00:00Z,2026-02-04T12:00:00Z,2026-02-05T10:00:00Z,15,0.949085,hgb-v2-train-before-20260201,false
1,2026-02-04T19:00:00Z,2026-02-04T12:00:00Z,2026-02-05T11:00:00Z,16,0.933963,hgb-v2-train-before-20260201,false
1,2026-02-04T19:00:00Z,2026-02-04T12:00:00Z,2026-02-05T12:00:00Z,17,0.767091,hgb-v2-train-before-20260201,false
1,2026-02-04T19:00:00Z,2026-02-04T12:00:00Z,2026-02-05T13:00:00Z,18,0.544141,hgb-v2-train-before-20260201,false
1,2026-02-04T19:00:00Z,2026-02-04T12:00:00Z,2026-02-05T14:00:00Z,19,0.494947,hgb-v2-train-before-20260201,false
1,2026-02-04T19:00:00Z,2026-02-04T12:00:00Z,2026-02-05T15:00:00Z,20,0.598958,hgb-v2-train-before-20260201,false
1,2026-02-04T19:00:00Z,2026-02-04T12:00:00Z,2026-02-05T16:00:00Z,21,0.576503,hgb-v2-train-before-20260201,false
1,2026-02-04T19:00:00Z,2026-02-04T12:00:00Z,2026-02-05T17:00:00Z,22,0.524161,hgb-v2-train-before-20260201,false
1,2026-02-04T19:00:00Z,2026-02-04T12:00:00Z,2026-02-05T18:00:00Z,23,0.333175,hgb-v2-train-before-20260201,false
1,2026-02-04T19:00:00Z,2026-02-04T12:00:00Z,2026-02-05T19:00:00Z,24,0.281158,hgb-v2-train-before-20260201,false
1,2026-02-04T19:00:00Z,2026-02-04T12:00:00Z,2026-02-05T20:00:00Z,25,0.278121,hgb-v2-train-before-20260201,false
1,2026-02-04T19:00:00Z,2026-02-04T12:00:00Z,2026-02-05T21:00:00Z,26,0.158531,hgb-v2-train-before-20260201,false
1,2026-02-04T19:00:00Z,2026-02-04T12:00:00Z,2026-02-05T22:00:00Z,27,0.102911,hgb-v2-train-before-20260201,false
1,2026-02-04T19:00:00Z,2026-02-04T12:00:00Z,2026-02-05T23:00:00Z,28,0.035236,hgb-v2-train-before-20260201,false
1,2026-02-04T19:00:00Z,2026-02-04T12:00:00Z,2026-02-06T00:00:00Z,29,0.063912,hgb-v2-train-before-20260201,false
1,2026-02-04T19:00:00Z,2026-02-04T12:00:00Z,2026-02-06T01:00:00Z,30,0.258809,hgb-v2-train-before-20260201,false
1,2026-02-04T19:00:00Z,2026-02-04T12:00:00Z,2026-02-06T02:00:00Z,31,0.678363,hgb-v2-train-before-20260201,false
1,2026-02-04T19:00:00Z,2026-02-04T12:00:00Z,2026-02-06T03:00:00Z,32,0.272091,hgb-v2-train-before-20260201,false
1,2026-02-04T19:00:00Z,2026-02-04T12:00:00Z,2026-02-06T04:00:00Z,33,0.135311,hgb-v2-train-before-20260201,false
1,2026-02-04T19:00:00Z,2026-02-04T12:00:00Z,2026-02-06T05:00:00Z,34,0.044051,hgb-v2-train-before-20260201,false
1,2026-02-04T19:00:00Z,2026-02-04T12:00:00Z,2026-02-06T06:00:00Z,35,0.671798,hgb-v2-train-before-20260201,false
1,2026-02-04T19:00:00Z,2026-02-04T12:00:00Z,2026-02-06T07:00:00Z,36,0.990234,hgb-v2-train-before-20260201,false
1,2026-02-04T19:00:00Z,2026-02-04T12:00:00Z,2026-02-06T08:00:00Z,37,0.990497,hgb-v2-train-before-20260201,false
1,2026-02-04T19:00:00Z,2026-02-04T12:00:00Z,2026-02-06T09:00:00Z,38,0.989463,hgb-v2-train-before-20260201,false
1,2026-02-04T19:00:00Z,2026-02-04T12:00:00Z,2026-02-06T10:00:00Z,39,0.989576,hgb-v2-train-before-20260201,false
1,2026-02-04T19:00:00Z,2026-02-04T12:00:00Z,2026-02-06T11:00:00Z,40,0.989590,hgb-v2-train-before-20260201,false
1,2026-02-04T19:00:00Z,2026-02-04T12:00:00Z,2026-02-06T12:00:00Z,41,0.989413,hgb-v2-train-before-20260201,false
1,2026-02-04T19:00:00Z,2026-02-04T12:00:00Z,2026-02-06T13:00:00Z,42,0.989399,hgb-v2-train-before-20260201,false
1,2026-02-04T19:00:00Z,2026-02-04T12:00:00Z,2026-02-06T14:00:00Z,43,0.989527,hgb-v2-train-before-20260201,false
1,2026-02-04T19:00:00Z,2026-02-04T12:00:00Z,2026-02-06T15:00:00Z,44,0.989710,hgb-v2-train-before-20260201,false
1,2026-02-04T19:00:00Z,2026-02-04T12:00:00Z,2026-02-06T16:00:00Z,45,0.989710,hgb-v2-train-before-20260201,false
1,2026-02-04T19:00:00Z,2026-02-04T12:00:00Z,2026-02-06T17:00:00Z,46,0.990898,hgb-v2-train-before-20260201,false
1,2026-02-04T19:00:00Z,2026-02-04T12:00:00Z,2026-02-06T18:00:00Z,47,0.983390,hgb-v2-train-before-20260201,false
1,2026-02-04T19:00:00Z,2026-02-04T12:00:00Z,2026-02-06T19:00:00Z,48,0.977265,hgb-v2-train-before-20260201,false
2,2026-02-04T19:00:00Z,2026-02-04T12:00:00Z,2026-02-04T20:00:00Z,1,0.787632,hgb-v2-train-before-20260201,false
2,2026-02-04T19:00:00Z,2026-02-04T12:00:00Z,2026-02-04T21:00:00Z,2,0.916510,hgb-v2-train-before-20260201,false
2,2026-02-04T19:00:00Z,2026-02-04T12:00:00Z,2026-02-04T22:00:00Z,3,0.969067,hgb-v2-train-before-20260201,false
2,2026-02-04T19:00:00Z,2026-02-04T12:00:00Z,2026-02-04T23:00:00Z,4,0.968677,hgb-v2-train-before-20260201,false
2,2026-02-04T19:00:00Z,2026-02-04T12:00:00Z,2026-02-05T00:00:00Z,5,0.967909,hgb-v2-train-before-20260201,false
2,2026-02-04T19:00:00Z,2026-02-04T12:00:00Z,2026-02-05T01:00:00Z,6,0.972540,hgb-v2-train-before-20260201,false
2,2026-02-04T19:00:00Z,2026-02-04T12:00:00Z,2026-02-05T02:00:00Z,7,0.972235,hgb-v2-train-before-20260201,false
2,2026-02-04T19:00:00Z,2026-02-04T12:00:00Z,2026-02-05T03:00:00Z,8,0.972540,hgb-v2-train-before-20260201,false
2,2026-02-04T19:00:00Z,2026-02-04T12:00:00Z,2026-02-05T04:00:00Z,9,0.971467,hgb-v2-train-before-20260201,false
2,2026-02-04T19:00:00Z,2026-02-04T12:00:00Z,2026-02-05T05:00:00Z,10,0.970444,hgb-v2-train-before-20260201,false
2,2026-02-04T19:00:00Z,2026-02-04T12:00:00Z,2026-02-05T06:00:00Z,11,0.970534,hgb-v2-train-before-20260201,false
2,2026-02-04T19:00:00Z,2026-02-04T12:00:00Z,2026-02-05T07:00:00Z,12,0.970296,hgb-v2-train-before-20260201,false
2,2026-02-04T19:00:00Z,2026-02-04T12:00:00Z,2026-02-05T08:00:00Z,13,0.972769,hgb-v2-train-before-20260201,false
2,2026-02-04T19:00:00Z,2026-02-04T12:00:00Z,2026-02-05T09:00:00Z,14,0.987274,hgb-v2-train-before-20260201,false
2,2026-02-04T19:00:00Z,2026-02-04T12:00:00Z,2026-02-05T10:00:00Z,15,0.956678,hgb-v2-train-before-20260201,false
2,2026-02-04T19:00:00Z,2026-02-04T12:00:00Z,2026-02-05T11:00:00Z,16,0.944047,hgb-v2-train-before-20260201,false
2,2026-02-04T19:00:00Z,2026-02-04T12:00:00Z,2026-02-05T12:00:00Z,17,0.782089,hgb-v2-train-before-20260201,false
2,2026-02-04T19:00:00Z,2026-02-04T12:00:00Z,2026-02-05T13:00:00Z,18,0.547852,hgb-v2-train-before-20260201,false
2,2026-02-04T19:00:00Z,2026-02-04T12:00:00Z,2026-02-05T14:00:00Z,19,0.498659,hgb-v2-train-before-20260201,false
2,2026-02-04T19:00:00Z,2026-02-04T12:00:00Z,2026-02-05T15:00:00Z,20,0.595448,hgb-v2-train-before-20260201,false
2,2026-02-04T19:00:00Z,2026-02-04T12:00:00Z,2026-02-05T16:00:00Z,21,0.572993,hgb-v2-train-before-20260201,false
2,2026-02-04T19:00:00Z,2026-02-04T12:00:00Z,2026-02-05T17:00:00Z,22,0.520650,hgb-v2-train-before-20260201,false
2,2026-02-04T19:00:00Z,2026-02-04T12:00:00Z,2026-02-05T18:00:00Z,23,0.332529,hgb-v2-train-before-20260201,false
2,2026-02-04T19:00:00Z,2026-02-04T12:00:00Z,2026-02-05T19:00:00Z,24,0.280512,hgb-v2-train-before-20260201,false
2,2026-02-04T19:00:00Z,2026-02-04T12:00:00Z,2026-02-05T20:00:00Z,25,0.277475,hgb-v2-train-before-20260201,false
2,2026-02-04T19:00:00Z,2026-02-04T12:00:00Z,2026-02-05T21:00:00Z,26,0.158137,hgb-v2-train-before-20260201,false
2,2026-02-04T19:00:00Z,2026-02-04T12:00:00Z,2026-02-05T22:00:00Z,27,0.102153,hgb-v2-train-before-20260201,false
2,2026-02-04T19:00:00Z,2026-02-04T12:00:00Z,2026-02-05T23:00:00Z,28,0.034362,hgb-v2-train-before-20260201,false
2,2026-02-04T19:00:00Z,2026-02-04T12:00:00Z,2026-02-06T00:00:00Z,29,0.063556,hgb-v2-train-before-20260201,false
2,2026-02-04T19:00:00Z,2026-02-04T12:00:00Z,2026-02-06T01:00:00Z,30,0.258453,hgb-v2-train-before-20260201,false
2,2026-02-04T19:00:00Z,2026-02-04T12:00:00Z,2026-02-06T02:00:00Z,31,0.678008,hgb-v2-train-before-20260201,false
2,2026-02-04T19:00:00Z,2026-02-04T12:00:00Z,2026-02-06T03:00:00Z,32,0.271736,hgb-v2-train-before-20260201,false
2,2026-02-04T19:00:00Z,2026-02-04T12:00:00Z,2026-02-06T04:00:00Z,33,0.134956,hgb-v2-train-before-20260201,false
2,2026-02-04T19:00:00Z,2026-02-04T12:00:00Z,2026-02-06T05:00:00Z,34,0.043695,hgb-v2-train-before-20260201,false
2,2026-02-04T19:00:00Z,2026-02-04T12:00:00Z,2026-02-06T06:00:00Z,35,0.675666,hgb-v2-train-before-20260201,false
2,2026-02-04T19:00:00Z,2026-02-04T12:00:00Z,2026-02-06T07:00:00Z,36,0.972224,hgb-v2-train-before-20260201,false
2,2026-02-04T19:00:00Z,2026-02-04T12:00:00Z,2026-02-06T08:00:00Z,37,0.971846,hgb-v2-train-before-20260201,false
2,2026-02-04T19:00:00Z,2026-02-04T12:00:00Z,2026-02-06T09:00:00Z,38,0.971612,hgb-v2-train-before-20260201,false
2,2026-02-04T19:00:00Z,2026-02-04T12:00:00Z,2026-02-06T10:00:00Z,39,0.971632,hgb-v2-train-before-20260201,false
2,2026-02-04T19:00:00Z,2026-02-04T12:00:00Z,2026-02-06T11:00:00Z,40,0.971646,hgb-v2-train-before-20260201,false
2,2026-02-04T19:00:00Z,2026-02-04T12:00:00Z,2026-02-06T12:00:00Z,41,0.972560,hgb-v2-train-before-20260201,false
2,2026-02-04T19:00:00Z,2026-02-04T12:00:00Z,2026-02-06T13:00:00Z,42,0.972704,hgb-v2-train-before-20260201,false
2,2026-02-04T19:00:00Z,2026-02-04T12:00:00Z,2026-02-06T14:00:00Z,43,0.973426,hgb-v2-train-before-20260201,false
2,2026-02-04T19:00:00Z,2026-02-04T12:00:00Z,2026-02-06T15:00:00Z,44,0.973016,hgb-v2-train-before-20260201,false
2,2026-02-04T19:00:00Z,2026-02-04T12:00:00Z,2026-02-06T16:00:00Z,45,0.973016,hgb-v2-train-before-20260201,false
2,2026-02-04T19:00:00Z,2026-02-04T12:00:00Z,2026-02-06T17:00:00Z,46,0.974398,hgb-v2-train-before-20260201,false
2,2026-02-04T19:00:00Z,2026-02-04T12:00:00Z,2026-02-06T18:00:00Z,47,0.966785,hgb-v2-train-before-20260201,false
2,2026-02-04T19:00:00Z,2026-02-04T12:00:00Z,2026-02-06T19:00:00Z,48,0.970965,hgb-v2-train-before-20260201,false
1,2026-02-05T19:00:00Z,2026-02-05T12:00:00Z,2026-02-05T20:00:00Z,1,0.236318,hgb-v2-train-before-20260201,false
1,2026-02-05T19:00:00Z,2026-02-05T12:00:00Z,2026-02-05T21:00:00Z,2,0.186289,hgb-v2-train-before-20260201,false
1,2026-02-05T19:00:00Z,2026-02-05T12:00:00Z,2026-02-05T22:00:00Z,3,0.175829,hgb-v2-train-before-20260201,false
1,2026-02-05T19:00:00Z,2026-02-05T12:00:00Z,2026-02-05T23:00:00Z,4,0.100779,hgb-v2-train-before-20260201,false
1,2026-02-05T19:00:00Z,2026-02-05T12:00:00Z,2026-02-06T00:00:00Z,5,0.035268,hgb-v2-train-before-20260201,false
1,2026-02-05T19:00:00Z,2026-02-05T12:00:00Z,2026-02-06T01:00:00Z,6,0.017617,hgb-v2-train-before-20260201,false
1,2026-02-05T19:00:00Z,2026-02-05T12:00:00Z,2026-02-06T02:00:00Z,7,0.434314,hgb-v2-train-before-20260201,false
1,2026-02-05T19:00:00Z,2026-02-05T12:00:00Z,2026-02-06T03:00:00Z,8,0.684522,hgb-v2-train-before-20260201,false
1,2026-02-05T19:00:00Z,2026-02-05T12:00:00Z,2026-02-06T04:00:00Z,9,0.471431,hgb-v2-train-before-20260201,false
1,2026-02-05T19:00:00Z,2026-02-05T12:00:00Z,2026-02-06T05:00:00Z,10,0.161817,hgb-v2-train-before-20260201,false
1,2026-02-05T19:00:00Z,2026-02-05T12:00:00Z,2026-02-06T06:00:00Z,11,0.138660,hgb-v2-train-before-20260201,false
1,2026-02-05T19:00:00Z,2026-02-05T12:00:00Z,2026-02-06T07:00:00Z,12,0.929075,hgb-v2-train-before-20260201,false
1,2026-02-05T19:00:00Z,2026-02-05T12:00:00Z,2026-02-06T08:00:00Z,13,0.970235,hgb-v2-train-before-20260201,false
1,2026-02-05T19:00:00Z,2026-02-05T12:00:00Z,2026-02-06T09:00:00Z,14,0.989568,hgb-v2-train-before-20260201,false
1,2026-02-05T19:00:00Z,2026-02-05T12:00:00Z,2026-02-06T10:00:00Z,15,0.989576,hgb-v2-train-before-20260201,false
1,2026-02-05T19:00:00Z,2026-02-05T12:00:00Z,2026-02-06T11:00:00Z,16,0.989399,hgb-v2-train-before-20260201,false
1,2026-02-05T19:00:00Z,2026-02-05T12:00:00Z,2026-02-06T12:00:00Z,17,0.989399,hgb-v2-train-before-20260201,false
1,2026-02-05T19:00:00Z,2026-02-05T12:00:00Z,2026-02-06T13:00:00Z,18,0.989541,hgb-v2-train-before-20260201,false
1,2026-02-05T19:00:00Z,2026-02-05T12:00:00Z,2026-02-06T14:00:00Z,19,0.989724,hgb-v2-train-before-20260201,false
1,2026-02-05T19:00:00Z,2026-02-05T12:00:00Z,2026-02-06T15:00:00Z,20,0.989710,hgb-v2-train-before-20260201,false
1,2026-02-05T19:00:00Z,2026-02-05T12:00:00Z,2026-02-06T16:00:00Z,21,0.981826,hgb-v2-train-before-20260201,false
1,2026-02-05T19:00:00Z,2026-02-05T12:00:00Z,2026-02-06T17:00:00Z,22,0.983131,hgb-v2-train-before-20260201,false
1,2026-02-05T19:00:00Z,2026-02-05T12:00:00Z,2026-02-06T18:00:00Z,23,0.972791,hgb-v2-train-before-20260201,false
1,2026-02-05T19:00:00Z,2026-02-05T12:00:00Z,2026-02-06T19:00:00Z,24,0.781732,hgb-v2-train-before-20260201,false
1,2026-02-05T19:00:00Z,2026-02-05T12:00:00Z,2026-02-06T20:00:00Z,25,0.376847,hgb-v2-train-before-20260201,false
1,2026-02-05T19:00:00Z,2026-02-05T12:00:00Z,2026-02-06T21:00:00Z,26,0.351226,hgb-v2-train-before-20260201,false
1,2026-02-05T19:00:00Z,2026-02-05T12:00:00Z,2026-02-06T22:00:00Z,27,0.386437,hgb-v2-train-before-20260201,false
1,2026-02-05T19:00:00Z,2026-02-05T12:00:00Z,2026-02-06T23:00:00Z,28,0.346938,hgb-v2-train-before-20260201,false
1,2026-02-05T19:00:00Z,2026-02-05T12:00:00Z,2026-02-07T00:00:00Z,29,0.315665,hgb-v2-train-before-20260201,false
1,2026-02-05T19:00:00Z,2026-02-05T12:00:00Z,2026-02-07T01:00:00Z,30,0.176837,hgb-v2-train-before-20260201,false
1,2026-02-05T19:00:00Z,2026-02-05T12:00:00Z,2026-02-07T02:00:00Z,31,0.008049,hgb-v2-train-before-20260201,false
1,2026-02-05T19:00:00Z,2026-02-05T12:00:00Z,2026-02-07T03:00:00Z,32,0.002292,hgb-v2-train-before-20260201,false
1,2026-02-05T19:00:00Z,2026-02-05T12:00:00Z,2026-02-07T04:00:00Z,33,0.004295,hgb-v2-train-before-20260201,false
1,2026-02-05T19:00:00Z,2026-02-05T12:00:00Z,2026-02-07T05:00:00Z,34,0.002843,hgb-v2-train-before-20260201,false
1,2026-02-05T19:00:00Z,2026-02-05T12:00:00Z,2026-02-07T06:00:00Z,35,0.010894,hgb-v2-train-before-20260201,false
1,2026-02-05T19:00:00Z,2026-02-05T12:00:00Z,2026-02-07T07:00:00Z,36,0.060572,hgb-v2-train-before-20260201,false
1,2026-02-05T19:00:00Z,2026-02-05T12:00:00Z,2026-02-07T08:00:00Z,37,0.075317,hgb-v2-train-before-20260201,false
1,2026-02-05T19:00:00Z,2026-02-05T12:00:00Z,2026-02-07T09:00:00Z,38,0.073307,hgb-v2-train-before-20260201,false
1,2026-02-05T19:00:00Z,2026-02-05T12:00:00Z,2026-02-07T10:00:00Z,39,0.057092,hgb-v2-train-before-20260201,false
1,2026-02-05T19:00:00Z,2026-02-05T12:00:00Z,2026-02-07T11:00:00Z,40,0.058815,hgb-v2-train-before-20260201,false
1,2026-02-05T19:00:00Z,2026-02-05T12:00:00Z,2026-02-07T12:00:00Z,41,0.021319,hgb-v2-train-before-20260201,false
1,2026-02-05T19:00:00Z,2026-02-05T12:00:00Z,2026-02-07T13:00:00Z,42,0.134861,hgb-v2-train-before-20260201,false
1,2026-02-05T19:00:00Z,2026-02-05T12:00:00Z,2026-02-07T14:00:00Z,43,0.711304,hgb-v2-train-before-20260201,false
1,2026-02-05T19:00:00Z,2026-02-05T12:00:00Z,2026-02-07T15:00:00Z,44,0.741034,hgb-v2-train-before-20260201,false
1,2026-02-05T19:00:00Z,2026-02-05T12:00:00Z,2026-02-07T16:00:00Z,45,0.754435,hgb-v2-train-before-20260201,false
1,2026-02-05T19:00:00Z,2026-02-05T12:00:00Z,2026-02-07T17:00:00Z,46,0.886652,hgb-v2-train-before-20260201,false
1,2026-02-05T19:00:00Z,2026-02-05T12:00:00Z,2026-02-07T18:00:00Z,47,0.963924,hgb-v2-train-before-20260201,false
1,2026-02-05T19:00:00Z,2026-02-05T12:00:00Z,2026-02-07T19:00:00Z,48,0.976404,hgb-v2-train-before-20260201,false
2,2026-02-05T19:00:00Z,2026-02-05T12:00:00Z,2026-02-05T20:00:00Z,1,0.235671,hgb-v2-train-before-20260201,false
2,2026-02-05T19:00:00Z,2026-02-05T12:00:00Z,2026-02-05T21:00:00Z,2,0.185531,hgb-v2-train-before-20260201,false
2,2026-02-05T19:00:00Z,2026-02-05T12:00:00Z,2026-02-05T22:00:00Z,3,0.175071,hgb-v2-train-before-20260201,false
2,2026-02-05T19:00:00Z,2026-02-05T12:00:00Z,2026-02-05T23:00:00Z,4,0.100049,hgb-v2-train-before-20260201,false
2,2026-02-05T19:00:00Z,2026-02-05T12:00:00Z,2026-02-06T00:00:00Z,5,0.034394,hgb-v2-train-before-20260201,false
2,2026-02-05T19:00:00Z,2026-02-05T12:00:00Z,2026-02-06T01:00:00Z,6,0.017261,hgb-v2-train-before-20260201,false
2,2026-02-05T19:00:00Z,2026-02-05T12:00:00Z,2026-02-06T02:00:00Z,7,0.433959,hgb-v2-train-before-20260201,false
2,2026-02-05T19:00:00Z,2026-02-05T12:00:00Z,2026-02-06T03:00:00Z,8,0.684166,hgb-v2-train-before-20260201,false
2,2026-02-05T19:00:00Z,2026-02-05T12:00:00Z,2026-02-06T04:00:00Z,9,0.475294,hgb-v2-train-before-20260201,false
2,2026-02-05T19:00:00Z,2026-02-05T12:00:00Z,2026-02-06T05:00:00Z,10,0.165680,hgb-v2-train-before-20260201,false
2,2026-02-05T19:00:00Z,2026-02-05T12:00:00Z,2026-02-06T06:00:00Z,11,0.138305,hgb-v2-train-before-20260201,false
2,2026-02-05T19:00:00Z,2026-02-05T12:00:00Z,2026-02-06T07:00:00Z,12,0.924592,hgb-v2-train-before-20260201,false
2,2026-02-05T19:00:00Z,2026-02-05T12:00:00Z,2026-02-06T08:00:00Z,13,0.962385,hgb-v2-train-before-20260201,false
2,2026-02-05T19:00:00Z,2026-02-05T12:00:00Z,2026-02-06T09:00:00Z,14,0.971411,hgb-v2-train-before-20260201,false
2,2026-02-05T19:00:00Z,2026-02-05T12:00:00Z,2026-02-06T10:00:00Z,15,0.971675,hgb-v2-train-before-20260201,false
2,2026-02-05T19:00:00Z,2026-02-05T12:00:00Z,2026-02-06T11:00:00Z,16,0.971599,hgb-v2-train-before-20260201,false
2,2026-02-05T19:00:00Z,2026-02-05T12:00:00Z,2026-02-06T12:00:00Z,17,0.971599,hgb-v2-train-before-20260201,false
2,2026-02-05T19:00:00Z,2026-02-05T12:00:00Z,2026-02-06T13:00:00Z,18,0.972688,hgb-v2-train-before-20260201,false
2,2026-02-05T19:00:00Z,2026-02-05T12:00:00Z,2026-02-06T14:00:00Z,19,0.972871,hgb-v2-train-before-20260201,false
2,2026-02-05T19:00:00Z,2026-02-05T12:00:00Z,2026-02-06T15:00:00Z,20,0.972857,hgb-v2-train-before-20260201,false
2,2026-02-05T19:00:00Z,2026-02-05T12:00:00Z,2026-02-06T16:00:00Z,21,0.965131,hgb-v2-train-before-20260201,false
2,2026-02-05T19:00:00Z,2026-02-05T12:00:00Z,2026-02-06T17:00:00Z,22,0.967205,hgb-v2-train-before-20260201,false
2,2026-02-05T19:00:00Z,2026-02-05T12:00:00Z,2026-02-06T18:00:00Z,23,0.968253,hgb-v2-train-before-20260201,false
2,2026-02-05T19:00:00Z,2026-02-05T12:00:00Z,2026-02-06T19:00:00Z,24,0.790235,hgb-v2-train-before-20260201,false
2,2026-02-05T19:00:00Z,2026-02-05T12:00:00Z,2026-02-06T20:00:00Z,25,0.385978,hgb-v2-train-before-20260201,false
2,2026-02-05T19:00:00Z,2026-02-05T12:00:00Z,2026-02-06T21:00:00Z,26,0.350773,hgb-v2-train-before-20260201,false
2,2026-02-05T19:00:00Z,2026-02-05T12:00:00Z,2026-02-06T22:00:00Z,27,0.385983,hgb-v2-train-before-20260201,false
2,2026-02-05T19:00:00Z,2026-02-05T12:00:00Z,2026-02-06T23:00:00Z,28,0.346484,hgb-v2-train-before-20260201,false
2,2026-02-05T19:00:00Z,2026-02-05T12:00:00Z,2026-02-07T00:00:00Z,29,0.315211,hgb-v2-train-before-20260201,false
2,2026-02-05T19:00:00Z,2026-02-05T12:00:00Z,2026-02-07T01:00:00Z,30,0.176383,hgb-v2-train-before-20260201,false
2,2026-02-05T19:00:00Z,2026-02-05T12:00:00Z,2026-02-07T02:00:00Z,31,0.007595,hgb-v2-train-before-20260201,false
2,2026-02-05T19:00:00Z,2026-02-05T12:00:00Z,2026-02-07T03:00:00Z,32,0.001980,hgb-v2-train-before-20260201,false
2,2026-02-05T19:00:00Z,2026-02-05T12:00:00Z,2026-02-07T04:00:00Z,33,0.003841,hgb-v2-train-before-20260201,false
2,2026-02-05T19:00:00Z,2026-02-05T12:00:00Z,2026-02-07T05:00:00Z,34,0.002506,hgb-v2-train-before-20260201,false
2,2026-02-05T19:00:00Z,2026-02-05T12:00:00Z,2026-02-07T06:00:00Z,35,0.010557,hgb-v2-train-before-20260201,false
2,2026-02-05T19:00:00Z,2026-02-05T12:00:00Z,2026-02-07T07:00:00Z,36,0.060158,hgb-v2-train-before-20260201,false
2,2026-02-05T19:00:00Z,2026-02-05T12:00:00Z,2026-02-07T08:00:00Z,37,0.078720,hgb-v2-train-before-20260201,false
2,2026-02-05T19:00:00Z,2026-02-05T12:00:00Z,2026-02-07T09:00:00Z,38,0.076808,hgb-v2-train-before-20260201,false
2,2026-02-05T19:00:00Z,2026-02-05T12:00:00Z,2026-02-07T10:00:00Z,39,0.056852,hgb-v2-train-before-20260201,false
2,2026-02-05T19:00:00Z,2026-02-05T12:00:00Z,2026-02-07T11:00:00Z,40,0.058420,hgb-v2-train-before-20260201,false
2,2026-02-05T19:00:00Z,2026-02-05T12:00:00Z,2026-02-07T12:00:00Z,41,0.026814,hgb-v2-train-before-20260201,false
2,2026-02-05T19:00:00Z,2026-02-05T12:00:00Z,2026-02-07T13:00:00Z,42,0.134505,hgb-v2-train-before-20260201,false
2,2026-02-05T19:00:00Z,2026-02-05T12:00:00Z,2026-02-07T14:00:00Z,43,0.713044,hgb-v2-train-before-20260201,false
2,2026-02-05T19:00:00Z,2026-02-05T12:00:00Z,2026-02-07T15:00:00Z,44,0.746136,hgb-v2-train-before-20260201,false
2,2026-02-05T19:00:00Z,2026-02-05T12:00:00Z,2026-02-07T16:00:00Z,45,0.759537,hgb-v2-train-before-20260201,false
2,2026-02-05T19:00:00Z,2026-02-05T12:00:00Z,2026-02-07T17:00:00Z,46,0.884715,hgb-v2-train-before-20260201,false
2,2026-02-05T19:00:00Z,2026-02-05T12:00:00Z,2026-02-07T18:00:00Z,47,0.958811,hgb-v2-train-before-20260201,false
2,2026-02-05T19:00:00Z,2026-02-05T12:00:00Z,2026-02-07T19:00:00Z,48,0.970104,hgb-v2-train-before-20260201,false
1,2026-02-06T19:00:00Z,2026-02-06T12:00:00Z,2026-02-06T20:00:00Z,1,0.940002,hgb-v2-train-before-20260201,false
1,2026-02-06T19:00:00Z,2026-02-06T12:00:00Z,2026-02-06T21:00:00Z,2,0.836458,hgb-v2-train-before-20260201,false
1,2026-02-06T19:00:00Z,2026-02-06T12:00:00Z,2026-02-06T22:00:00Z,3,0.691969,hgb-v2-train-before-20260201,false
1,2026-02-06T19:00:00Z,2026-02-06T12:00:00Z,2026-02-06T23:00:00Z,4,0.573590,hgb-v2-train-before-20260201,false
1,2026-02-06T19:00:00Z,2026-02-06T12:00:00Z,2026-02-07T00:00:00Z,5,0.390423,hgb-v2-train-before-20260201,false
1,2026-02-06T19:00:00Z,2026-02-06T12:00:00Z,2026-02-07T01:00:00Z,6,0.176837,hgb-v2-train-before-20260201,false
1,2026-02-06T19:00:00Z,2026-02-06T12:00:00Z,2026-02-07T02:00:00Z,7,0.051007,hgb-v2-train-before-20260201,false
1,2026-02-06T19:00:00Z,2026-02-06T12:00:00Z,2026-02-07T03:00:00Z,8,0.002308,hgb-v2-train-before-20260201,false
1,2026-02-06T19:00:00Z,2026-02-06T12:00:00Z,2026-02-07T04:00:00Z,9,0.002343,hgb-v2-train-before-20260201,false
1,2026-02-06T19:00:00Z,2026-02-06T12:00:00Z,2026-02-07T05:00:00Z,10,0.009639,hgb-v2-train-before-20260201,false
1,2026-02-06T19:00:00Z,2026-02-06T12:00:00Z,2026-02-07T06:00:00Z,11,0.157367,hgb-v2-train-before-20260201,false
1,2026-02-06T19:00:00Z,2026-02-06T12:00:00Z,2026-02-07T07:00:00Z,12,0.396549,hgb-v2-train-before-20260201,false
1,2026-02-06T19:00:00Z,2026-02-06T12:00:00Z,2026-02-07T08:00:00Z,13,0.423156,hgb-v2-train-before-20260201,false
1,2026-02-06T19:00:00Z,2026-02-06T12:00:00Z,2026-02-07T09:00:00Z,14,0.353111,hgb-v2-train-before-20260201,false
1,2026-02-06T19:00:00Z,2026-02-06T12:00:00Z,2026-02-07T10:00:00Z,15,0.240997,hgb-v2-train-before-20260201,false
1,2026-02-06T19:00:00Z,2026-02-06T12:00:00Z,2026-02-07T11:00:00Z,16,0.088699,hgb-v2-train-before-20260201,false
1,2026-02-06T19:00:00Z,2026-02-06T12:00:00Z,2026-02-07T12:00:00Z,17,0.020285,hgb-v2-train-before-20260201,false
1,2026-02-06T19:00:00Z,2026-02-06T12:00:00Z,2026-02-07T13:00:00Z,18,0.275787,hgb-v2-train-before-20260201,false
1,2026-02-06T19:00:00Z,2026-02-06T12:00:00Z,2026-02-07T14:00:00Z,19,0.769392,hgb-v2-train-before-20260201,false
1,2026-02-06T19:00:00Z,2026-02-06T12:00:00Z,2026-02-07T15:00:00Z,20,0.894917,hgb-v2-train-before-20260201,false
1,2026-02-06T19:00:00Z,2026-02-06T12:00:00Z,2026-02-07T16:00:00Z,21,0.941440,hgb-v2-train-before-20260201,false
1,2026-02-06T19:00:00Z,2026-02-06T12:00:00Z,2026-02-07T17:00:00Z,22,0.963406,hgb-v2-train-before-20260201,false
1,2026-02-06T19:00:00Z,2026-02-06T12:00:00Z,2026-02-07T18:00:00Z,23,0.975847,hgb-v2-train-before-20260201,false
1,2026-02-06T19:00:00Z,2026-02-06T12:00:00Z,2026-02-07T19:00:00Z,24,0.989015,hgb-v2-train-before-20260201,false
1,2026-02-06T19:00:00Z,2026-02-06T12:00:00Z,2026-02-07T20:00:00Z,25,0.982121,hgb-v2-train-before-20260201,false
1,2026-02-06T19:00:00Z,2026-02-06T12:00:00Z,2026-02-07T21:00:00Z,26,0.973514,hgb-v2-train-before-20260201,false
1,2026-02-06T19:00:00Z,2026-02-06T12:00:00Z,2026-02-07T22:00:00Z,27,0.954673,hgb-v2-train-before-20260201,false
1,2026-02-06T19:00:00Z,2026-02-06T12:00:00Z,2026-02-07T23:00:00Z,28,0.946895,hgb-v2-train-before-20260201,false
1,2026-02-06T19:00:00Z,2026-02-06T12:00:00Z,2026-02-08T00:00:00Z,29,0.909351,hgb-v2-train-before-20260201,false
1,2026-02-06T19:00:00Z,2026-02-06T12:00:00Z,2026-02-08T01:00:00Z,30,0.856751,hgb-v2-train-before-20260201,false
1,2026-02-06T19:00:00Z,2026-02-06T12:00:00Z,2026-02-08T02:00:00Z,31,0.602374,hgb-v2-train-before-20260201,false
1,2026-02-06T19:00:00Z,2026-02-06T12:00:00Z,2026-02-08T03:00:00Z,32,0.440990,hgb-v2-train-before-20260201,false
1,2026-02-06T19:00:00Z,2026-02-06T12:00:00Z,2026-02-08T04:00:00Z,33,0.148869,hgb-v2-train-before-20260201,false
1,2026-02-06T19:00:00Z,2026-02-06T12:00:00Z,2026-02-08T05:00:00Z,34,0.059728,hgb-v2-train-before-20260201,false
1,2026-02-06T19:00:00Z,2026-02-06T12:00:00Z,2026-02-08T06:00:00Z,35,0.004479,hgb-v2-train-before-20260201,false
1,2026-02-06T19:00:00Z,2026-02-06T12:00:00Z,2026-02-08T07:00:00Z,36,0.010170,hgb-v2-train-before-20260201,false
1,2026-02-06T19:00:00Z,2026-02-06T12:00:00Z,2026-02-08T08:00:00Z,37,0.011714,hgb-v2-train-before-20260201,false
1,2026-02-06T19:00:00Z,2026-02-06T12:00:00Z,2026-02-08T09:00:00Z,38,0.226363,hgb-v2-train-before-20260201,false
1,2026-02-06T19:00:00Z,2026-02-06T12:00:00Z,2026-02-08T10:00:00Z,39,0.748922,hgb-v2-train-before-20260201,false
1,2026-02-06T19:00:00Z,2026-02-06T12:00:00Z,2026-02-08T11:00:00Z,40,0.941302,hgb-v2-train-before-20260201,false
1,2026-02-06T19:00:00Z,2026-02-06T12:00:00Z,2026-02-08T12:00:00Z,41,0.974648,hgb-v2-train-before-20260201,false
1,2026-02-06T19:00:00Z,2026-02-06T12:00:00Z,2026-02-08T13:00:00Z,42,0.976311,hgb-v2-train-before-20260201,false
1,2026-02-06T19:00:00Z,2026-02-06T12:00:00Z,2026-02-08T14:00:00Z,43,0.983499,hgb-v2-train-before-20260201,false
1,2026-02-06T19:00:00Z,2026-02-06T12:00:00Z,2026-02-08T15:00:00Z,44,0.985387,hgb-v2-train-before-20260201,false
1,2026-02-06T19:00:00Z,2026-02-06T12:00:00Z,2026-02-08T16:00:00Z,45,0.989832,hgb-v2-train-before-20260201,false
1,2026-02-06T19:00:00Z,2026-02-06T12:00:00Z,2026-02-08T17:00:00Z,46,0.992446,hgb-v2-train-before-20260201,false
1,2026-02-06T19:00:00Z,2026-02-06T12:00:00Z,2026-02-08T18:00:00Z,47,0.992461,hgb-v2-train-before-20260201,false
1,2026-02-06T19:00:00Z,2026-02-06T12:00:00Z,2026-02-08T19:00:00Z,48,0.989268,hgb-v2-train-before-20260201,false
2,2026-02-06T19:00:00Z,2026-02-06T12:00:00Z,2026-02-06T20:00:00Z,1,0.938065,hgb-v2-train-before-20260201,false
2,2026-02-06T19:00:00Z,2026-02-06T12:00:00Z,2026-02-06T21:00:00Z,2,0.844961,hgb-v2-train-before-20260201,false
2,2026-02-06T19:00:00Z,2026-02-06T12:00:00Z,2026-02-06T22:00:00Z,3,0.701100,hgb-v2-train-before-20260201,false
2,2026-02-06T19:00:00Z,2026-02-06T12:00:00Z,2026-02-06T23:00:00Z,4,0.577355,hgb-v2-train-before-20260201,false
2,2026-02-06T19:00:00Z,2026-02-06T12:00:00Z,2026-02-07T00:00:00Z,5,0.389970,hgb-v2-train-before-20260201,false
2,2026-02-06T19:00:00Z,2026-02-06T12:00:00Z,2026-02-07T01:00:00Z,6,0.176383,hgb-v2-train-before-20260201,false
2,2026-02-06T19:00:00Z,2026-02-06T12:00:00Z,2026-02-07T02:00:00Z,7,0.050553,hgb-v2-train-before-20260201,false
2,2026-02-06T19:00:00Z,2026-02-06T12:00:00Z,2026-02-07T03:00:00Z,8,0.001854,hgb-v2-train-before-20260201,false
2,2026-02-06T19:00:00Z,2026-02-06T12:00:00Z,2026-02-07T04:00:00Z,9,0.002005,hgb-v2-train-before-20260201,false
2,2026-02-06T19:00:00Z,2026-02-06T12:00:00Z,2026-02-07T05:00:00Z,10,0.009301,hgb-v2-train-before-20260201,false
2,2026-02-06T19:00:00Z,2026-02-06T12:00:00Z,2026-02-07T06:00:00Z,11,0.156953,hgb-v2-train-before-20260201,false
2,2026-02-06T19:00:00Z,2026-02-06T12:00:00Z,2026-02-07T07:00:00Z,12,0.403385,hgb-v2-train-before-20260201,false
2,2026-02-06T19:00:00Z,2026-02-06T12:00:00Z,2026-02-07T08:00:00Z,13,0.422213,hgb-v2-train-before-20260201,false
2,2026-02-06T19:00:00Z,2026-02-06T12:00:00Z,2026-02-07T09:00:00Z,14,0.352168,hgb-v2-train-before-20260201,false
2,2026-02-06T19:00:00Z,2026-02-06T12:00:00Z,2026-02-07T10:00:00Z,15,0.240054,hgb-v2-train-before-20260201,false
2,2026-02-06T19:00:00Z,2026-02-06T12:00:00Z,2026-02-07T11:00:00Z,16,0.088384,hgb-v2-train-before-20260201,false
2,2026-02-06T19:00:00Z,2026-02-06T12:00:00Z,2026-02-07T12:00:00Z,17,0.023997,hgb-v2-train-before-20260201,false
2,2026-02-06T19:00:00Z,2026-02-06T12:00:00Z,2026-02-07T13:00:00Z,18,0.275432,hgb-v2-train-before-20260201,false
2,2026-02-06T19:00:00Z,2026-02-06T12:00:00Z,2026-02-07T14:00:00Z,19,0.771132,hgb-v2-train-before-20260201,false
2,2026-02-06T19:00:00Z,2026-02-06T12:00:00Z,2026-02-07T15:00:00Z,20,0.893078,hgb-v2-train-before-20260201,false
2,2026-02-06T19:00:00Z,2026-02-06T12:00:00Z,2026-02-07T16:00:00Z,21,0.936860,hgb-v2-train-before-20260201,false
2,2026-02-06T19:00:00Z,2026-02-06T12:00:00Z,2026-02-07T17:00:00Z,22,0.957106,hgb-v2-train-before-20260201,false
2,2026-02-06T19:00:00Z,2026-02-06T12:00:00Z,2026-02-07T18:00:00Z,23,0.969547,hgb-v2-train-before-20260201,false
2,2026-02-06T19:00:00Z,2026-02-06T12:00:00Z,2026-02-07T19:00:00Z,24,0.972355,hgb-v2-train-before-20260201,false
2,2026-02-06T19:00:00Z,2026-02-06T12:00:00Z,2026-02-07T20:00:00Z,25,0.975821,hgb-v2-train-before-20260201,false
2,2026-02-06T19:00:00Z,2026-02-06T12:00:00Z,2026-02-07T21:00:00Z,26,0.968616,hgb-v2-train-before-20260201,false
2,2026-02-06T19:00:00Z,2026-02-06T12:00:00Z,2026-02-07T22:00:00Z,27,0.950092,hgb-v2-train-before-20260201,false
2,2026-02-06T19:00:00Z,2026-02-06T12:00:00Z,2026-02-07T23:00:00Z,28,0.944958,hgb-v2-train-before-20260201,false
2,2026-02-06T19:00:00Z,2026-02-06T12:00:00Z,2026-02-08T00:00:00Z,29,0.907413,hgb-v2-train-before-20260201,false
2,2026-02-06T19:00:00Z,2026-02-06T12:00:00Z,2026-02-08T01:00:00Z,30,0.861892,hgb-v2-train-before-20260201,false
2,2026-02-06T19:00:00Z,2026-02-06T12:00:00Z,2026-02-08T02:00:00Z,31,0.606144,hgb-v2-train-before-20260201,false
2,2026-02-06T19:00:00Z,2026-02-06T12:00:00Z,2026-02-08T03:00:00Z,32,0.440536,hgb-v2-train-before-20260201,false
2,2026-02-06T19:00:00Z,2026-02-06T12:00:00Z,2026-02-08T04:00:00Z,33,0.148415,hgb-v2-train-before-20260201,false
2,2026-02-06T19:00:00Z,2026-02-06T12:00:00Z,2026-02-08T05:00:00Z,34,0.059274,hgb-v2-train-before-20260201,false
2,2026-02-06T19:00:00Z,2026-02-06T12:00:00Z,2026-02-08T06:00:00Z,35,0.004025,hgb-v2-train-before-20260201,false
2,2026-02-06T19:00:00Z,2026-02-06T12:00:00Z,2026-02-08T07:00:00Z,36,0.009833,hgb-v2-train-before-20260201,false
2,2026-02-06T19:00:00Z,2026-02-06T12:00:00Z,2026-02-08T08:00:00Z,37,0.011376,hgb-v2-train-before-20260201,false
2,2026-02-06T19:00:00Z,2026-02-06T12:00:00Z,2026-02-08T09:00:00Z,38,0.225870,hgb-v2-train-before-20260201,false
2,2026-02-06T19:00:00Z,2026-02-06T12:00:00Z,2026-02-08T10:00:00Z,39,0.756385,hgb-v2-train-before-20260201,false
2,2026-02-06T19:00:00Z,2026-02-06T12:00:00Z,2026-02-08T11:00:00Z,40,0.938581,hgb-v2-train-before-20260201,false
2,2026-02-06T19:00:00Z,2026-02-06T12:00:00Z,2026-02-08T12:00:00Z,41,0.969268,hgb-v2-train-before-20260201,false
2,2026-02-06T19:00:00Z,2026-02-06T12:00:00Z,2026-02-08T13:00:00Z,42,0.969737,hgb-v2-train-before-20260201,false
2,2026-02-06T19:00:00Z,2026-02-06T12:00:00Z,2026-02-08T14:00:00Z,43,0.965886,hgb-v2-train-before-20260201,false
2,2026-02-06T19:00:00Z,2026-02-06T12:00:00Z,2026-02-08T15:00:00Z,44,0.967815,hgb-v2-train-before-20260201,false
2,2026-02-06T19:00:00Z,2026-02-06T12:00:00Z,2026-02-08T16:00:00Z,45,0.971612,hgb-v2-train-before-20260201,false
2,2026-02-06T19:00:00Z,2026-02-06T12:00:00Z,2026-02-08T17:00:00Z,46,0.975148,hgb-v2-train-before-20260201,false
2,2026-02-06T19:00:00Z,2026-02-06T12:00:00Z,2026-02-08T18:00:00Z,47,0.975330,hgb-v2-train-before-20260201,false
2,2026-02-06T19:00:00Z,2026-02-06T12:00:00Z,2026-02-08T19:00:00Z,48,0.971842,hgb-v2-train-before-20260201,false
1,2026-02-07T19:00:00Z,2026-02-07T12:00:00Z,2026-02-07T20:00:00Z,1,0.892501,hgb-v2-train-before-20260201,false
1,2026-02-07T19:00:00Z,2026-02-07T12:00:00Z,2026-02-07T21:00:00Z,2,0.830071,hgb-v2-train-before-20260201,false
1,2026-02-07T19:00:00Z,2026-02-07T12:00:00Z,2026-02-07T22:00:00Z,3,0.863192,hgb-v2-train-before-20260201,false
1,2026-02-07T19:00:00Z,2026-02-07T12:00:00Z,2026-02-07T23:00:00Z,4,0.901311,hgb-v2-train-before-20260201,false
1,2026-02-07T19:00:00Z,2026-02-07T12:00:00Z,2026-02-08T00:00:00Z,5,0.903223,hgb-v2-train-before-20260201,false
1,2026-02-07T19:00:00Z,2026-02-07T12:00:00Z,2026-02-08T01:00:00Z,6,0.859774,hgb-v2-train-before-20260201,false
1,2026-02-07T19:00:00Z,2026-02-07T12:00:00Z,2026-02-08T02:00:00Z,7,0.610615,hgb-v2-train-before-20260201,false
1,2026-02-07T19:00:00Z,2026-02-07T12:00:00Z,2026-02-08T03:00:00Z,8,0.309115,hgb-v2-train-before-20260201,false
1,2026-02-07T19:00:00Z,2026-02-07T12:00:00Z,2026-02-08T04:00:00Z,9,0.069557,hgb-v2-train-before-20260201,false
1,2026-02-07T19:00:00Z,2026-02-07T12:00:00Z,2026-02-08T05:00:00Z,10,0.014542,hgb-v2-train-before-20260201,false
1,2026-02-07T19:00:00Z,2026-02-07T12:00:00Z,2026-02-08T06:00:00Z,11,0.003599,hgb-v2-train-before-20260201,false
1,2026-02-07T19:00:00Z,2026-02-07T12:00:00Z,2026-02-08T07:00:00Z,12,0.010343,hgb-v2-train-before-20260201,false
1,2026-02-07T19:00:00Z,2026-02-07T12:00:00Z,2026-02-08T08:00:00Z,13,0.010507,hgb-v2-train-before-20260201,false
1,2026-02-07T19:00:00Z,2026-02-07T12:00:00Z,2026-02-08T09:00:00Z,14,0.164764,hgb-v2-train-before-20260201,false
1,2026-02-07T19:00:00Z,2026-02-07T12:00:00Z,2026-02-08T10:00:00Z,15,0.748220,hgb-v2-train-before-20260201,false
1,2026-02-07T19:00:00Z,2026-02-07T12:00:00Z,2026-02-08T11:00:00Z,16,0.978713,hgb-v2-train-before-20260201,false
1,2026-02-07T19:00:00Z,2026-02-07T12:00:00Z,2026-02-08T12:00:00Z,17,0.968039,hgb-v2-train-before-20260201,false
1,2026-02-07T19:00:00Z,2026-02-07T12:00:00Z,2026-02-08T13:00:00Z,18,0.978506,hgb-v2-train-before-20260201,false
1,2026-02-07T19:00:00Z,2026-02-07T12:00:00Z,2026-02-08T14:00:00Z,19,0.985656,hgb-v2-train-before-20260201,false
1,2026-02-07T19:00:00Z,2026-02-07T12:00:00Z,2026-02-08T15:00:00Z,20,0.989402,hgb-v2-train-before-20260201,false
1,2026-02-07T19:00:00Z,2026-02-07T12:00:00Z,2026-02-08T16:00:00Z,21,0.991991,hgb-v2-train-before-20260201,false
1,2026-02-07T19:00:00Z,2026-02-07T12:00:00Z,2026-02-08T17:00:00Z,22,0.991072,hgb-v2-train-before-20260201,false
1,2026-02-07T19:00:00Z,2026-02-07T12:00:00Z,2026-02-08T18:00:00Z,23,0.991087,hgb-v2-train-before-20260201,false
1,2026-02-07T19:00:00Z,2026-02-07T12:00:00Z,2026-02-08T19:00:00Z,24,0.988855,hgb-v2-train-before-20260201,false
1,2026-02-07T19:00:00Z,2026-02-07T12:00:00Z,2026-02-08T20:00:00Z,25,0.964974,hgb-v2-train-before-20260201,false
1,2026-02-07T19:00:00Z,2026-02-07T12:00:00Z,2026-02-08T21:00:00Z,26,0.967973,hgb-v2-train-before-20260201,false
1,2026-02-07T19:00:00Z,2026-02-07T12:00:00Z,2026-02-08T22:00:00Z,27,0.974004,hgb-v2-train-before-20260201,false
1,2026-02-07T19:00:00Z,2026-02-07T12:00:00Z,2026-02-08T23:00:00Z,28,0.942986,hgb-v2-train-before-20260201,false
1,2026-02-07T19:00:00Z,2026-02-07T12:00:00Z,2026-02-09T00:00:00Z,29,0.959448,hgb-v2-train-before-20260201,false
1,2026-02-07T19:00:00Z,2026-02-07T12:00:00Z,2026-02-09T01:00:00Z,30,0.949713,hgb-v2-train-before-20260201,false
1,2026-02-07T19:00:00Z,2026-02-07T12:00:00Z,2026-02-09T02:00:00Z,31,0.945536,hgb-v2-train-before-20260201,false
1,2026-02-07T19:00:00Z,2026-02-07T12:00:00Z,2026-02-09T03:00:00Z,32,0.944672,hgb-v2-train-before-20260201,false
1,2026-02-07T19:00:00Z,2026-02-07T12:00:00Z,2026-02-09T04:00:00Z,33,0.931106,hgb-v2-train-before-20260201,false
1,2026-02-07T19:00:00Z,2026-02-07T12:00:00Z,2026-02-09T05:00:00Z,34,0.951837,hgb-v2-train-before-20260201,false
1,2026-02-07T19:00:00Z,2026-02-07T12:00:00Z,2026-02-09T06:00:00Z,35,0.949275,hgb-v2-train-before-20260201,false
1,2026-02-07T19:00:00Z,2026-02-07T12:00:00Z,2026-02-09T07:00:00Z,36,0.953358,hgb-v2-train-before-20260201,false
1,2026-02-07T19:00:00Z,2026-02-07T12:00:00Z,2026-02-09T08:00:00Z,37,0.953177,hgb-v2-train-before-20260201,false
1,2026-02-07T19:00:00Z,2026-02-07T12:00:00Z,2026-02-09T09:00:00Z,38,0.962750,hgb-v2-train-before-20260201,false
1,2026-02-07T19:00:00Z,2026-02-07T12:00:00Z,2026-02-09T10:00:00Z,39,0.955829,hgb-v2-train-before-20260201,false
1,2026-02-07T19:00:00Z,2026-02-07T12:00:00Z,2026-02-09T11:00:00Z,40,0.957145,hgb-v2-train-before-20260201,false
1,2026-02-07T19:00:00Z,2026-02-07T12:00:00Z,2026-02-09T12:00:00Z,41,0.959869,hgb-v2-train-before-20260201,false
1,2026-02-07T19:00:00Z,2026-02-07T12:00:00Z,2026-02-09T13:00:00Z,42,0.981397,hgb-v2-train-before-20260201,false
1,2026-02-07T19:00:00Z,2026-02-07T12:00:00Z,2026-02-09T14:00:00Z,43,0.890490,hgb-v2-train-before-20260201,false
1,2026-02-07T19:00:00Z,2026-02-07T12:00:00Z,2026-02-09T15:00:00Z,44,0.588492,hgb-v2-train-before-20260201,false
1,2026-02-07T19:00:00Z,2026-02-07T12:00:00Z,2026-02-09T16:00:00Z,45,0.134750,hgb-v2-train-before-20260201,false
1,2026-02-07T19:00:00Z,2026-02-07T12:00:00Z,2026-02-09T17:00:00Z,46,0.035933,hgb-v2-train-before-20260201,false
1,2026-02-07T19:00:00Z,2026-02-07T12:00:00Z,2026-02-09T18:00:00Z,47,0.044628,hgb-v2-train-before-20260201,false
1,2026-02-07T19:00:00Z,2026-02-07T12:00:00Z,2026-02-09T19:00:00Z,48,0.064772,hgb-v2-train-before-20260201,false
2,2026-02-07T19:00:00Z,2026-02-07T12:00:00Z,2026-02-07T20:00:00Z,1,0.901004,hgb-v2-train-before-20260201,false
2,2026-02-07T19:00:00Z,2026-02-07T12:00:00Z,2026-02-07T21:00:00Z,2,0.839202,hgb-v2-train-before-20260201,false
2,2026-02-07T19:00:00Z,2026-02-07T12:00:00Z,2026-02-07T22:00:00Z,3,0.862424,hgb-v2-train-before-20260201,false
2,2026-02-07T19:00:00Z,2026-02-07T12:00:00Z,2026-02-07T23:00:00Z,4,0.899374,hgb-v2-train-before-20260201,false
2,2026-02-07T19:00:00Z,2026-02-07T12:00:00Z,2026-02-08T00:00:00Z,5,0.901286,hgb-v2-train-before-20260201,false
2,2026-02-07T19:00:00Z,2026-02-07T12:00:00Z,2026-02-08T01:00:00Z,6,0.865542,hgb-v2-train-before-20260201,false
2,2026-02-07T19:00:00Z,2026-02-07T12:00:00Z,2026-02-08T02:00:00Z,7,0.614385,hgb-v2-train-before-20260201,false
2,2026-02-07T19:00:00Z,2026-02-07T12:00:00Z,2026-02-08T03:00:00Z,8,0.308661,hgb-v2-train-before-20260201,false
2,2026-02-07T19:00:00Z,2026-02-07T12:00:00Z,2026-02-08T04:00:00Z,9,0.069103,hgb-v2-train-before-20260201,false
2,2026-02-07T19:00:00Z,2026-02-07T12:00:00Z,2026-02-08T05:00:00Z,10,0.014088,hgb-v2-train-before-20260201,false
2,2026-02-07T19:00:00Z,2026-02-07T12:00:00Z,2026-02-08T06:00:00Z,11,0.003145,hgb-v2-train-before-20260201,false
2,2026-02-07T19:00:00Z,2026-02-07T12:00:00Z,2026-02-08T07:00:00Z,12,0.010005,hgb-v2-train-before-20260201,false
2,2026-02-07T19:00:00Z,2026-02-07T12:00:00Z,2026-02-08T08:00:00Z,13,0.010014,hgb-v2-train-before-20260201,false
2,2026-02-07T19:00:00Z,2026-02-07T12:00:00Z,2026-02-08T09:00:00Z,14,0.164020,hgb-v2-train-before-20260201,false
2,2026-02-07T19:00:00Z,2026-02-07T12:00:00Z,2026-02-08T10:00:00Z,15,0.756461,hgb-v2-train-before-20260201,false
2,2026-02-07T19:00:00Z,2026-02-07T12:00:00Z,2026-02-08T11:00:00Z,16,0.975388,hgb-v2-train-before-20260201,false
2,2026-02-07T19:00:00Z,2026-02-07T12:00:00Z,2026-02-08T12:00:00Z,17,0.961465,hgb-v2-train-before-20260201,false
2,2026-02-07T19:00:00Z,2026-02-07T12:00:00Z,2026-02-08T13:00:00Z,18,0.969058,hgb-v2-train-before-20260201,false
2,2026-02-07T19:00:00Z,2026-02-07T12:00:00Z,2026-02-08T14:00:00Z,19,0.968913,hgb-v2-train-before-20260201,false
2,2026-02-07T19:00:00Z,2026-02-07T12:00:00Z,2026-02-08T15:00:00Z,20,0.971591,hgb-v2-train-before-20260201,false
2,2026-02-07T19:00:00Z,2026-02-07T12:00:00Z,2026-02-08T16:00:00Z,21,0.974459,hgb-v2-train-before-20260201,false
2,2026-02-07T19:00:00Z,2026-02-07T12:00:00Z,2026-02-08T17:00:00Z,22,0.974535,hgb-v2-train-before-20260201,false
2,2026-02-07T19:00:00Z,2026-02-07T12:00:00Z,2026-02-08T18:00:00Z,23,0.974718,hgb-v2-train-before-20260201,false
2,2026-02-07T19:00:00Z,2026-02-07T12:00:00Z,2026-02-08T19:00:00Z,24,0.972367,hgb-v2-train-before-20260201,false
2,2026-02-07T19:00:00Z,2026-02-07T12:00:00Z,2026-02-08T20:00:00Z,25,0.949025,hgb-v2-train-before-20260201,false
2,2026-02-07T19:00:00Z,2026-02-07T12:00:00Z,2026-02-08T21:00:00Z,26,0.952086,hgb-v2-train-before-20260201,false
2,2026-02-07T19:00:00Z,2026-02-07T12:00:00Z,2026-02-08T22:00:00Z,27,0.958537,hgb-v2-train-before-20260201,false
2,2026-02-07T19:00:00Z,2026-02-07T12:00:00Z,2026-02-08T23:00:00Z,28,0.934898,hgb-v2-train-before-20260201,false
2,2026-02-07T19:00:00Z,2026-02-07T12:00:00Z,2026-02-09T00:00:00Z,29,0.954067,hgb-v2-train-before-20260201,false
2,2026-02-07T19:00:00Z,2026-02-07T12:00:00Z,2026-02-09T01:00:00Z,30,0.948340,hgb-v2-train-before-20260201,false
2,2026-02-07T19:00:00Z,2026-02-07T12:00:00Z,2026-02-09T02:00:00Z,31,0.944162,hgb-v2-train-before-20260201,false
2,2026-02-07T19:00:00Z,2026-02-07T12:00:00Z,2026-02-09T03:00:00Z,32,0.943347,hgb-v2-train-before-20260201,false
2,2026-02-07T19:00:00Z,2026-02-07T12:00:00Z,2026-02-09T04:00:00Z,33,0.930048,hgb-v2-train-before-20260201,false
2,2026-02-07T19:00:00Z,2026-02-07T12:00:00Z,2026-02-09T05:00:00Z,34,0.948673,hgb-v2-train-before-20260201,false
2,2026-02-07T19:00:00Z,2026-02-07T12:00:00Z,2026-02-09T06:00:00Z,35,0.946111,hgb-v2-train-before-20260201,false
2,2026-02-07T19:00:00Z,2026-02-07T12:00:00Z,2026-02-09T07:00:00Z,36,0.949834,hgb-v2-train-before-20260201,false
2,2026-02-07T19:00:00Z,2026-02-07T12:00:00Z,2026-02-09T08:00:00Z,37,0.949654,hgb-v2-train-before-20260201,false
2,2026-02-07T19:00:00Z,2026-02-07T12:00:00Z,2026-02-09T09:00:00Z,38,0.957510,hgb-v2-train-before-20260201,false
2,2026-02-07T19:00:00Z,2026-02-07T12:00:00Z,2026-02-09T10:00:00Z,39,0.952309,hgb-v2-train-before-20260201,false
2,2026-02-07T19:00:00Z,2026-02-07T12:00:00Z,2026-02-09T11:00:00Z,40,0.952223,hgb-v2-train-before-20260201,false
2,2026-02-07T19:00:00Z,2026-02-07T12:00:00Z,2026-02-09T12:00:00Z,41,0.957187,hgb-v2-train-before-20260201,false
2,2026-02-07T19:00:00Z,2026-02-07T12:00:00Z,2026-02-09T13:00:00Z,42,0.980283,hgb-v2-train-before-20260201,false
2,2026-02-07T19:00:00Z,2026-02-07T12:00:00Z,2026-02-09T14:00:00Z,43,0.904229,hgb-v2-train-before-20260201,false
2,2026-02-07T19:00:00Z,2026-02-07T12:00:00Z,2026-02-09T15:00:00Z,44,0.587845,hgb-v2-train-before-20260201,false
2,2026-02-07T19:00:00Z,2026-02-07T12:00:00Z,2026-02-09T16:00:00Z,45,0.131240,hgb-v2-train-before-20260201,false
2,2026-02-07T19:00:00Z,2026-02-07T12:00:00Z,2026-02-09T17:00:00Z,46,0.035577,hgb-v2-train-before-20260201,false
2,2026-02-07T19:00:00Z,2026-02-07T12:00:00Z,2026-02-09T18:00:00Z,47,0.044273,hgb-v2-train-before-20260201,false
2,2026-02-07T19:00:00Z,2026-02-07T12:00:00Z,2026-02-09T19:00:00Z,48,0.063641,hgb-v2-train-before-20260201,false
1,2026-02-08T19:00:00Z,2026-02-08T12:00:00Z,2026-02-08T20:00:00Z,1,0.965067,hgb-v2-train-before-20260201,false
1,2026-02-08T19:00:00Z,2026-02-08T12:00:00Z,2026-02-08T21:00:00Z,2,0.963933,hgb-v2-train-before-20260201,false
1,2026-02-08T19:00:00Z,2026-02-08T12:00:00Z,2026-02-08T22:00:00Z,3,0.938604,hgb-v2-train-before-20260201,false
1,2026-02-08T19:00:00Z,2026-02-08T12:00:00Z,2026-02-08T23:00:00Z,4,0.960216,hgb-v2-train-before-20260201,false
1,2026-02-08T19:00:00Z,2026-02-08T12:00:00Z,2026-02-09T00:00:00Z,5,0.958895,hgb-v2-train-before-20260201,false
1,2026-02-08T19:00:00Z,2026-02-08T12:00:00Z,2026-02-09T01:00:00Z,6,0.948694,hgb-v2-train-before-20260201,false
1,2026-02-08T19:00:00Z,2026-02-08T12:00:00Z,2026-02-09T02:00:00Z,7,0.945536,hgb-v2-train-before-20260201,false
1,2026-02-08T19:00:00Z,2026-02-08T12:00:00Z,2026-02-09T03:00:00Z,8,0.944672,hgb-v2-train-before-20260201,false
1,2026-02-08T19:00:00Z,2026-02-08T12:00:00Z,2026-02-09T04:00:00Z,9,0.925726,hgb-v2-train-before-20260201,false
1,2026-02-08T19:00:00Z,2026-02-08T12:00:00Z,2026-02-09T05:00:00Z,10,0.909576,hgb-v2-train-before-20260201,false
1,2026-02-08T19:00:00Z,2026-02-08T12:00:00Z,2026-02-09T06:00:00Z,11,0.951234,hgb-v2-train-before-20260201,false
1,2026-02-08T19:00:00Z,2026-02-08T12:00:00Z,2026-02-09T07:00:00Z,12,0.959512,hgb-v2-train-before-20260201,false
1,2026-02-08T19:00:00Z,2026-02-08T12:00:00Z,2026-02-09T08:00:00Z,13,0.952292,hgb-v2-train-before-20260201,false
1,2026-02-08T19:00:00Z,2026-02-08T12:00:00Z,2026-02-09T09:00:00Z,14,0.963972,hgb-v2-train-before-20260201,false
1,2026-02-08T19:00:00Z,2026-02-08T12:00:00Z,2026-02-09T10:00:00Z,15,0.941450,hgb-v2-train-before-20260201,false
1,2026-02-08T19:00:00Z,2026-02-08T12:00:00Z,2026-02-09T11:00:00Z,16,0.942883,hgb-v2-train-before-20260201,false
1,2026-02-08T19:00:00Z,2026-02-08T12:00:00Z,2026-02-09T12:00:00Z,17,0.912991,hgb-v2-train-before-20260201,false
1,2026-02-08T19:00:00Z,2026-02-08T12:00:00Z,2026-02-09T13:00:00Z,18,0.561924,hgb-v2-train-before-20260201,false
1,2026-02-08T19:00:00Z,2026-02-08T12:00:00Z,2026-02-09T14:00:00Z,19,0.234154,hgb-v2-train-before-20260201,false
1,2026-02-08T19:00:00Z,2026-02-08T12:00:00Z,2026-02-09T15:00:00Z,20,0.104512,hgb-v2-train-before-20260201,false
1,2026-02-08T19:00:00Z,2026-02-08T12:00:00Z,2026-02-09T16:00:00Z,21,0.051697,hgb-v2-train-before-20260201,false
1,2026-02-08T19:00:00Z,2026-02-08T12:00:00Z,2026-02-09T17:00:00Z,22,0.019593,hgb-v2-train-before-20260201,false
1,2026-02-08T19:00:00Z,2026-02-08T12:00:00Z,2026-02-09T18:00:00Z,23,0.085696,hgb-v2-train-before-20260201,false
1,2026-02-08T19:00:00Z,2026-02-08T12:00:00Z,2026-02-09T19:00:00Z,24,0.092252,hgb-v2-train-before-20260201,false
1,2026-02-08T19:00:00Z,2026-02-08T12:00:00Z,2026-02-09T20:00:00Z,25,0.038533,hgb-v2-train-before-20260201,false
1,2026-02-08T19:00:00Z,2026-02-08T12:00:00Z,2026-02-09T21:00:00Z,26,0.032686,hgb-v2-train-before-20260201,false
1,2026-02-08T19:00:00Z,2026-02-08T12:00:00Z,2026-02-09T22:00:00Z,27,0.023466,hgb-v2-train-before-20260201,false
1,2026-02-08T19:00:00Z,2026-02-08T12:00:00Z,2026-02-09T23:00:00Z,28,0.014100,hgb-v2-train-before-20260201,false
1,2026-02-08T19:00:00Z,2026-02-08T12:00:00Z,2026-02-10T00:00:00Z,29,0.021397,hgb-v2-train-before-20260201,false
1,2026-02-08T19:00:00Z,2026-02-08T12:00:00Z,2026-02-10T01:00:00Z,30,0.012051,hgb-v2-train-before-20260201,false
1,2026-02-08T19:00:00Z,2026-02-08T12:00:00Z,2026-02-10T02:00:00Z,31,0.014295,hgb-v2-train-before-20260201,false
1,2026-02-08T19:00:00Z,2026-02-08T12:00:00Z,2026-02-10T03:00:00Z,32,0.069403,hgb-v2-train-before-20260201,false
1,2026-02-08T19:00:00Z,2026-02-08T12:00:00Z,2026-02-10T04:00:00Z,33,0.016110,hgb-v2-train-before-20260201,false
1,2026-02-08T19:00:00Z,2026-02-08T12:00:00Z,2026-02-10T05:00:00Z,34,0.257624,hgb-v2-train-before-20260201,false
1,2026-02-08T19:00:00Z,2026-02-08T12:00:00Z,2026-02-10T06:00:00Z,35,0.260471,hgb-v2-train-before-20260201,false
1,2026-02-08T19:00:00Z,2026-02-08T12:00:00Z,2026-02-10T07:00:00Z,36,0.180200,hgb-v2-train-before-20260201,false
1,2026-02-08T19:00:00Z,2026-02-08T12:00:00Z,2026-02-10T08:00:00Z,37,0.623121,hgb-v2-train-before-20260201,false
1,2026-02-08T19:00:00Z,2026-02-08T12:00:00Z,2026-02-10T09:00:00Z,38,0.416215,hgb-v2-train-before-20260201,false
1,2026-02-08T19:00:00Z,2026-02-08T12:00:00Z,2026-02-10T10:00:00Z,39,0.265969,hgb-v2-train-before-20260201,false
1,2026-02-08T19:00:00Z,2026-02-08T12:00:00Z,2026-02-10T11:00:00Z,40,0.154310,hgb-v2-train-before-20260201,false
1,2026-02-08T19:00:00Z,2026-02-08T12:00:00Z,2026-02-10T12:00:00Z,41,0.111555,hgb-v2-train-before-20260201,false
1,2026-02-08T19:00:00Z,2026-02-08T12:00:00Z,2026-02-10T13:00:00Z,42,0.151997,hgb-v2-train-before-20260201,false
1,2026-02-08T19:00:00Z,2026-02-08T12:00:00Z,2026-02-10T14:00:00Z,43,0.130506,hgb-v2-train-before-20260201,false
1,2026-02-08T19:00:00Z,2026-02-08T12:00:00Z,2026-02-10T15:00:00Z,44,0.761496,hgb-v2-train-before-20260201,false
1,2026-02-08T19:00:00Z,2026-02-08T12:00:00Z,2026-02-10T16:00:00Z,45,0.761393,hgb-v2-train-before-20260201,false
1,2026-02-08T19:00:00Z,2026-02-08T12:00:00Z,2026-02-10T17:00:00Z,46,0.780526,hgb-v2-train-before-20260201,false
1,2026-02-08T19:00:00Z,2026-02-08T12:00:00Z,2026-02-10T18:00:00Z,47,0.757814,hgb-v2-train-before-20260201,false
1,2026-02-08T19:00:00Z,2026-02-08T12:00:00Z,2026-02-10T19:00:00Z,48,0.883882,hgb-v2-train-before-20260201,false
2,2026-02-08T19:00:00Z,2026-02-08T12:00:00Z,2026-02-08T20:00:00Z,1,0.949118,hgb-v2-train-before-20260201,false
2,2026-02-08T19:00:00Z,2026-02-08T12:00:00Z,2026-02-08T21:00:00Z,2,0.947918,hgb-v2-train-before-20260201,false
2,2026-02-08T19:00:00Z,2026-02-08T12:00:00Z,2026-02-08T22:00:00Z,3,0.930516,hgb-v2-train-before-20260201,false
2,2026-02-08T19:00:00Z,2026-02-08T12:00:00Z,2026-02-08T23:00:00Z,4,0.952345,hgb-v2-train-before-20260201,false
2,2026-02-08T19:00:00Z,2026-02-08T12:00:00Z,2026-02-09T00:00:00Z,5,0.953515,hgb-v2-train-before-20260201,false
2,2026-02-08T19:00:00Z,2026-02-08T12:00:00Z,2026-02-09T01:00:00Z,6,0.947321,hgb-v2-train-before-20260201,false
2,2026-02-08T19:00:00Z,2026-02-08T12:00:00Z,2026-02-09T02:00:00Z,7,0.944162,hgb-v2-train-before-20260201,false
2,2026-02-08T19:00:00Z,2026-02-08T12:00:00Z,2026-02-09T03:00:00Z,8,0.943298,hgb-v2-train-before-20260201,false
2,2026-02-08T19:00:00Z,2026-02-08T12:00:00Z,2026-02-09T04:00:00Z,9,0.927411,hgb-v2-train-before-20260201,false
2,2026-02-08T19:00:00Z,2026-02-08T12:00:00Z,2026-02-09T05:00:00Z,10,0.906587,hgb-v2-train-before-20260201,false
2,2026-02-08T19:00:00Z,2026-02-08T12:00:00Z,2026-02-09T06:00:00Z,11,0.948070,hgb-v2-train-before-20260201,false
2,2026-02-08T19:00:00Z,2026-02-08T12:00:00Z,2026-02-09T07:00:00Z,12,0.955850,hgb-v2-train-before-20260201,false
2,2026-02-08T19:00:00Z,2026-02-08T12:00:00Z,2026-02-09T08:00:00Z,13,0.948989,hgb-v2-train-before-20260201,false
2,2026-02-08T19:00:00Z,2026-02-08T12:00:00Z,2026-02-09T09:00:00Z,14,0.961229,hgb-v2-train-before-20260201,false
2,2026-02-08T19:00:00Z,2026-02-08T12:00:00Z,2026-02-09T10:00:00Z,15,0.940749,hgb-v2-train-before-20260201,false
2,2026-02-08T19:00:00Z,2026-02-08T12:00:00Z,2026-02-09T11:00:00Z,16,0.942428,hgb-v2-train-before-20260201,false
2,2026-02-08T19:00:00Z,2026-02-08T12:00:00Z,2026-02-09T12:00:00Z,17,0.927989,hgb-v2-train-before-20260201,false
2,2026-02-08T19:00:00Z,2026-02-08T12:00:00Z,2026-02-09T13:00:00Z,18,0.567418,hgb-v2-train-before-20260201,false
2,2026-02-08T19:00:00Z,2026-02-08T12:00:00Z,2026-02-09T14:00:00Z,19,0.233759,hgb-v2-train-before-20260201,false
2,2026-02-08T19:00:00Z,2026-02-08T12:00:00Z,2026-02-09T15:00:00Z,20,0.103352,hgb-v2-train-before-20260201,false
2,2026-02-08T19:00:00Z,2026-02-08T12:00:00Z,2026-02-09T16:00:00Z,21,0.050823,hgb-v2-train-before-20260201,false
2,2026-02-08T19:00:00Z,2026-02-08T12:00:00Z,2026-02-09T17:00:00Z,22,0.019158,hgb-v2-train-before-20260201,false
2,2026-02-08T19:00:00Z,2026-02-08T12:00:00Z,2026-02-09T18:00:00Z,23,0.084565,hgb-v2-train-before-20260201,false
2,2026-02-08T19:00:00Z,2026-02-08T12:00:00Z,2026-02-09T19:00:00Z,24,0.091121,hgb-v2-train-before-20260201,false
2,2026-02-08T19:00:00Z,2026-02-08T12:00:00Z,2026-02-09T20:00:00Z,25,0.037660,hgb-v2-train-before-20260201,false
2,2026-02-08T19:00:00Z,2026-02-08T12:00:00Z,2026-02-09T21:00:00Z,26,0.032331,hgb-v2-train-before-20260201,false
2,2026-02-08T19:00:00Z,2026-02-08T12:00:00Z,2026-02-09T22:00:00Z,27,0.022564,hgb-v2-train-before-20260201,false
2,2026-02-08T19:00:00Z,2026-02-08T12:00:00Z,2026-02-09T23:00:00Z,28,0.013664,hgb-v2-train-before-20260201,false
2,2026-02-08T19:00:00Z,2026-02-08T12:00:00Z,2026-02-10T00:00:00Z,29,0.021006,hgb-v2-train-before-20260201,false
2,2026-02-08T19:00:00Z,2026-02-08T12:00:00Z,2026-02-10T01:00:00Z,30,0.011540,hgb-v2-train-before-20260201,false
2,2026-02-08T19:00:00Z,2026-02-08T12:00:00Z,2026-02-10T02:00:00Z,31,0.013904,hgb-v2-train-before-20260201,false
2,2026-02-08T19:00:00Z,2026-02-08T12:00:00Z,2026-02-10T03:00:00Z,32,0.069047,hgb-v2-train-before-20260201,false
2,2026-02-08T19:00:00Z,2026-02-08T12:00:00Z,2026-02-10T04:00:00Z,33,0.015754,hgb-v2-train-before-20260201,false
2,2026-02-08T19:00:00Z,2026-02-08T12:00:00Z,2026-02-10T05:00:00Z,34,0.257269,hgb-v2-train-before-20260201,false
2,2026-02-08T19:00:00Z,2026-02-08T12:00:00Z,2026-02-10T06:00:00Z,35,0.264334,hgb-v2-train-before-20260201,false
2,2026-02-08T19:00:00Z,2026-02-08T12:00:00Z,2026-02-10T07:00:00Z,36,0.184063,hgb-v2-train-before-20260201,false
2,2026-02-08T19:00:00Z,2026-02-08T12:00:00Z,2026-02-10T08:00:00Z,37,0.626362,hgb-v2-train-before-20260201,false
2,2026-02-08T19:00:00Z,2026-02-08T12:00:00Z,2026-02-10T09:00:00Z,38,0.415329,hgb-v2-train-before-20260201,false
2,2026-02-08T19:00:00Z,2026-02-08T12:00:00Z,2026-02-10T10:00:00Z,39,0.265710,hgb-v2-train-before-20260201,false
2,2026-02-08T19:00:00Z,2026-02-08T12:00:00Z,2026-02-10T11:00:00Z,40,0.153955,hgb-v2-train-before-20260201,false
2,2026-02-08T19:00:00Z,2026-02-08T12:00:00Z,2026-02-10T12:00:00Z,41,0.111200,hgb-v2-train-before-20260201,false
2,2026-02-08T19:00:00Z,2026-02-08T12:00:00Z,2026-02-10T13:00:00Z,42,0.151642,hgb-v2-train-before-20260201,false
2,2026-02-08T19:00:00Z,2026-02-08T12:00:00Z,2026-02-10T14:00:00Z,43,0.134217,hgb-v2-train-before-20260201,false
2,2026-02-08T19:00:00Z,2026-02-08T12:00:00Z,2026-02-10T15:00:00Z,44,0.761397,hgb-v2-train-before-20260201,false
2,2026-02-08T19:00:00Z,2026-02-08T12:00:00Z,2026-02-10T16:00:00Z,45,0.760747,hgb-v2-train-before-20260201,false
2,2026-02-08T19:00:00Z,2026-02-08T12:00:00Z,2026-02-10T17:00:00Z,46,0.780995,hgb-v2-train-before-20260201,false
2,2026-02-08T19:00:00Z,2026-02-08T12:00:00Z,2026-02-10T18:00:00Z,47,0.760669,hgb-v2-train-before-20260201,false
2,2026-02-08T19:00:00Z,2026-02-08T12:00:00Z,2026-02-10T19:00:00Z,48,0.884519,hgb-v2-train-before-20260201,false
1,2026-02-09T19:00:00Z,2026-02-09T12:00:00Z,2026-02-09T20:00:00Z,1,0.220696,hgb-v2-train-before-20260201,false
1,2026-02-09T19:00:00Z,2026-02-09T12:00:00Z,2026-02-09T21:00:00Z,2,0.086499,hgb-v2-train-before-20260201,false
1,2026-02-09T19:00:00Z,2026-02-09T12:00:00Z,2026-02-09T22:00:00Z,3,0.054728,hgb-v2-train-before-20260201,false
1,2026-02-09T19:00:00Z,2026-02-09T12:00:00Z,2026-02-09T23:00:00Z,4,0.041380,hgb-v2-train-before-20260201,false
1,2026-02-09T19:00:00Z,2026-02-09T12:00:00Z,2026-02-10T00:00:00Z,5,0.069836,hgb-v2-train-before-20260201,false
1,2026-02-09T19:00:00Z,2026-02-09T12:00:00Z,2026-02-10T01:00:00Z,6,0.081686,hgb-v2-train-before-20260201,false
1,2026-02-09T19:00:00Z,2026-02-09T12:00:00Z,2026-02-10T02:00:00Z,7,0.065880,hgb-v2-train-before-20260201,false
1,2026-02-09T19:00:00Z,2026-02-09T12:00:00Z,2026-02-10T03:00:00Z,8,0.222705,hgb-v2-train-before-20260201,false
1,2026-02-09T19:00:00Z,2026-02-09T12:00:00Z,2026-02-10T04:00:00Z,9,0.514493,hgb-v2-train-before-20260201,false
1,2026-02-09T19:00:00Z,2026-02-09T12:00:00Z,2026-02-10T05:00:00Z,10,0.267981,hgb-v2-train-before-20260201,false
1,2026-02-09T19:00:00Z,2026-02-09T12:00:00Z,2026-02-10T06:00:00Z,11,0.157984,hgb-v2-train-before-20260201,false
1,2026-02-09T19:00:00Z,2026-02-09T12:00:00Z,2026-02-10T07:00:00Z,12,0.133769,hgb-v2-train-before-20260201,false
1,2026-02-09T19:00:00Z,2026-02-09T12:00:00Z,2026-02-10T08:00:00Z,13,0.380899,hgb-v2-train-before-20260201,false
1,2026-02-09T19:00:00Z,2026-02-09T12:00:00Z,2026-02-10T09:00:00Z,14,0.424557,hgb-v2-train-before-20260201,false
1,2026-02-09T19:00:00Z,2026-02-09T12:00:00Z,2026-02-10T10:00:00Z,15,0.260328,hgb-v2-train-before-20260201,false
1,2026-02-09T19:00:00Z,2026-02-09T12:00:00Z,2026-02-10T11:00:00Z,16,0.227273,hgb-v2-train-before-20260201,false
1,2026-02-09T19:00:00Z,2026-02-09T12:00:00Z,2026-02-10T12:00:00Z,17,0.207142,hgb-v2-train-before-20260201,false
1,2026-02-09T19:00:00Z,2026-02-09T12:00:00Z,2026-02-10T13:00:00Z,18,0.140935,hgb-v2-train-before-20260201,false
1,2026-02-09T19:00:00Z,2026-02-09T12:00:00Z,2026-02-10T14:00:00Z,19,0.187461,hgb-v2-train-before-20260201,false
1,2026-02-09T19:00:00Z,2026-02-09T12:00:00Z,2026-02-10T15:00:00Z,20,0.723630,hgb-v2-train-before-20260201,false
1,2026-02-09T19:00:00Z,2026-02-09T12:00:00Z,2026-02-10T16:00:00Z,21,0.946334,hgb-v2-train-before-20260201,false
1,2026-02-09T19:00:00Z,2026-02-09T12:00:00Z,2026-02-10T17:00:00Z,22,0.824285,hgb-v2-train-before-20260201,false
1,2026-02-09T19:00:00Z,2026-02-09T12:00:00Z,2026-02-10T18:00:00Z,23,0.949813,hgb-v2-train-before-20260201,false
1,2026-02-09T19:00:00Z,2026-02-09T12:00:00Z,2026-02-10T19:00:00Z,24,0.949580,hgb-v2-train-before-20260201,false
1,2026-02-09T19:00:00Z,2026-02-09T12:00:00Z,2026-02-10T20:00:00Z,25,0.952094,hgb-v2-train-before-20260201,false
1,2026-02-09T19:00:00Z,2026-02-09T12:00:00Z,2026-02-10T21:00:00Z,26,0.899511,hgb-v2-train-before-20260201,false
1,2026-02-09T19:00:00Z,2026-02-09T12:00:00Z,2026-02-10T22:00:00Z,27,0.638352,hgb-v2-train-before-20260201,false
1,2026-02-09T19:00:00Z,2026-02-09T12:00:00Z,2026-02-10T23:00:00Z,28,0.168730,hgb-v2-train-before-20260201,false
1,2026-02-09T19:00:00Z,2026-02-09T12:00:00Z,2026-02-11T00:00:00Z,29,0.034889,hgb-v2-train-before-20260201,false
1,2026-02-09T19:00:00Z,2026-02-09T12:00:00Z,2026-02-11T01:00:00Z,30,0.071527,hgb-v2-train-before-20260201,false
1,2026-02-09T19:00:00Z,2026-02-09T12:00:00Z,2026-02-11T02:00:00Z,31,0.120233,hgb-v2-train-before-20260201,false
1,2026-02-09T19:00:00Z,2026-02-09T12:00:00Z,2026-02-11T03:00:00Z,32,0.020369,hgb-v2-train-before-20260201,false
1,2026-02-09T19:00:00Z,2026-02-09T12:00:00Z,2026-02-11T04:00:00Z,33,0.025100,hgb-v2-train-before-20260201,false
1,2026-02-09T19:00:00Z,2026-02-09T12:00:00Z,2026-02-11T05:00:00Z,34,0.039483,hgb-v2-train-before-20260201,false
1,2026-02-09T19:00:00Z,2026-02-09T12:00:00Z,2026-02-11T06:00:00Z,35,0.013866,hgb-v2-train-before-20260201,false
1,2026-02-09T19:00:00Z,2026-02-09T12:00:00Z,2026-02-11T07:00:00Z,36,0.018743,hgb-v2-train-before-20260201,false
1,2026-02-09T19:00:00Z,2026-02-09T12:00:00Z,2026-02-11T08:00:00Z,37,0.029664,hgb-v2-train-before-20260201,false
1,2026-02-09T19:00:00Z,2026-02-09T12:00:00Z,2026-02-11T09:00:00Z,38,0.944114,hgb-v2-train-before-20260201,false
1,2026-02-09T19:00:00Z,2026-02-09T12:00:00Z,2026-02-11T10:00:00Z,39,0.964310,hgb-v2-train-before-20260201,false
1,2026-02-09T19:00:00Z,2026-02-09T12:00:00Z,2026-02-11T11:00:00Z,40,0.989206,hgb-v2-train-before-20260201,false
1,2026-02-09T19:00:00Z,2026-02-09T12:00:00Z,2026-02-11T12:00:00Z,41,0.989399,hgb-v2-train-before-20260201,false
1,2026-02-09T19:00:00Z,2026-02-09T12:00:00Z,2026-02-11T13:00:00Z,42,0.989861,hgb-v2-train-before-20260201,false
1,2026-02-09T19:00:00Z,2026-02-09T12:00:00Z,2026-02-11T14:00:00Z,43,0.986845,hgb-v2-train-before-20260201,false
1,2026-02-09T19:00:00Z,2026-02-09T12:00:00Z,2026-02-11T15:00:00Z,44,0.964339,hgb-v2-train-before-20260201,false
1,2026-02-09T19:00:00Z,2026-02-09T12:00:00Z,2026-02-11T16:00:00Z,45,0.948214,hgb-v2-train-before-20260201,false
1,2026-02-09T19:00:00Z,2026-02-09T12:00:00Z,2026-02-11T17:00:00Z,46,0.927344,hgb-v2-train-before-20260201,false
1,2026-02-09T19:00:00Z,2026-02-09T12:00:00Z,2026-02-11T18:00:00Z,47,0.855391,hgb-v2-train-before-20260201,false
1,2026-02-09T19:00:00Z,2026-02-09T12:00:00Z,2026-02-11T19:00:00Z,48,0.869791,hgb-v2-train-before-20260201,false
2,2026-02-09T19:00:00Z,2026-02-09T12:00:00Z,2026-02-09T20:00:00Z,1,0.219967,hgb-v2-train-before-20260201,false
2,2026-02-09T19:00:00Z,2026-02-09T12:00:00Z,2026-02-09T21:00:00Z,2,0.085741,hgb-v2-train-before-20260201,false
2,2026-02-09T19:00:00Z,2026-02-09T12:00:00Z,2026-02-09T22:00:00Z,3,0.053597,hgb-v2-train-before-20260201,false
2,2026-02-09T19:00:00Z,2026-02-09T12:00:00Z,2026-02-09T23:00:00Z,4,0.040507,hgb-v2-train-before-20260201,false
2,2026-02-09T19:00:00Z,2026-02-09T12:00:00Z,2026-02-10T00:00:00Z,5,0.068705,hgb-v2-train-before-20260201,false
2,2026-02-09T19:00:00Z,2026-02-09T12:00:00Z,2026-02-10T01:00:00Z,6,0.080555,hgb-v2-train-before-20260201,false
2,2026-02-09T19:00:00Z,2026-02-09T12:00:00Z,2026-02-10T02:00:00Z,7,0.064748,hgb-v2-train-before-20260201,false
2,2026-02-09T19:00:00Z,2026-02-09T12:00:00Z,2026-02-10T03:00:00Z,8,0.222349,hgb-v2-train-before-20260201,false
2,2026-02-09T19:00:00Z,2026-02-09T12:00:00Z,2026-02-10T04:00:00Z,9,0.518356,hgb-v2-train-before-20260201,false
2,2026-02-09T19:00:00Z,2026-02-09T12:00:00Z,2026-02-10T05:00:00Z,10,0.267625,hgb-v2-train-before-20260201,false
2,2026-02-09T19:00:00Z,2026-02-09T12:00:00Z,2026-02-10T06:00:00Z,11,0.157628,hgb-v2-train-before-20260201,false
2,2026-02-09T19:00:00Z,2026-02-09T12:00:00Z,2026-02-10T07:00:00Z,12,0.133414,hgb-v2-train-before-20260201,false
2,2026-02-09T19:00:00Z,2026-02-09T12:00:00Z,2026-02-10T08:00:00Z,13,0.384767,hgb-v2-train-before-20260201,false
2,2026-02-09T19:00:00Z,2026-02-09T12:00:00Z,2026-02-10T09:00:00Z,14,0.424299,hgb-v2-train-before-20260201,false
2,2026-02-09T19:00:00Z,2026-02-09T12:00:00Z,2026-02-10T10:00:00Z,15,0.260069,hgb-v2-train-before-20260201,false
2,2026-02-09T19:00:00Z,2026-02-09T12:00:00Z,2026-02-10T11:00:00Z,16,0.226917,hgb-v2-train-before-20260201,false
2,2026-02-09T19:00:00Z,2026-02-09T12:00:00Z,2026-02-10T12:00:00Z,17,0.206787,hgb-v2-train-before-20260201,false
2,2026-02-09T19:00:00Z,2026-02-09T12:00:00Z,2026-02-10T13:00:00Z,18,0.140579,hgb-v2-train-before-20260201,false
2,2026-02-09T19:00:00Z,2026-02-09T12:00:00Z,2026-02-10T14:00:00Z,19,0.191172,hgb-v2-train-before-20260201,false
2,2026-02-09T19:00:00Z,2026-02-09T12:00:00Z,2026-02-10T15:00:00Z,20,0.720120,hgb-v2-train-before-20260201,false
2,2026-02-09T19:00:00Z,2026-02-09T12:00:00Z,2026-02-10T16:00:00Z,21,0.946971,hgb-v2-train-before-20260201,false
2,2026-02-09T19:00:00Z,2026-02-09T12:00:00Z,2026-02-10T17:00:00Z,22,0.827140,hgb-v2-train-before-20260201,false
2,2026-02-09T19:00:00Z,2026-02-09T12:00:00Z,2026-02-10T18:00:00Z,23,0.947899,hgb-v2-train-before-20260201,false
2,2026-02-09T19:00:00Z,2026-02-09T12:00:00Z,2026-02-10T19:00:00Z,24,0.946844,hgb-v2-train-before-20260201,false
2,2026-02-09T19:00:00Z,2026-02-09T12:00:00Z,2026-02-10T20:00:00Z,25,0.950552,hgb-v2-train-before-20260201,false
2,2026-02-09T19:00:00Z,2026-02-09T12:00:00Z,2026-02-10T21:00:00Z,26,0.900478,hgb-v2-train-before-20260201,false
2,2026-02-09T19:00:00Z,2026-02-09T12:00:00Z,2026-02-10T22:00:00Z,27,0.639653,hgb-v2-train-before-20260201,false
2,2026-02-09T19:00:00Z,2026-02-09T12:00:00Z,2026-02-10T23:00:00Z,28,0.165220,hgb-v2-train-before-20260201,false
2,2026-02-09T19:00:00Z,2026-02-09T12:00:00Z,2026-02-11T00:00:00Z,29,0.034534,hgb-v2-train-before-20260201,false
2,2026-02-09T19:00:00Z,2026-02-09T12:00:00Z,2026-02-11T01:00:00Z,30,0.071172,hgb-v2-train-before-20260201,false
2,2026-02-09T19:00:00Z,2026-02-09T12:00:00Z,2026-02-11T02:00:00Z,31,0.119877,hgb-v2-train-before-20260201,false
2,2026-02-09T19:00:00Z,2026-02-09T12:00:00Z,2026-02-11T03:00:00Z,32,0.020013,hgb-v2-train-before-20260201,false
2,2026-02-09T19:00:00Z,2026-02-09T12:00:00Z,2026-02-11T04:00:00Z,33,0.024744,hgb-v2-train-before-20260201,false
2,2026-02-09T19:00:00Z,2026-02-09T12:00:00Z,2026-02-11T05:00:00Z,34,0.038857,hgb-v2-train-before-20260201,false
2,2026-02-09T19:00:00Z,2026-02-09T12:00:00Z,2026-02-11T06:00:00Z,35,0.013471,hgb-v2-train-before-20260201,false
2,2026-02-09T19:00:00Z,2026-02-09T12:00:00Z,2026-02-11T07:00:00Z,36,0.018503,hgb-v2-train-before-20260201,false
2,2026-02-09T19:00:00Z,2026-02-09T12:00:00Z,2026-02-11T08:00:00Z,37,0.029308,hgb-v2-train-before-20260201,false
2,2026-02-09T19:00:00Z,2026-02-09T12:00:00Z,2026-02-11T09:00:00Z,38,0.939315,hgb-v2-train-before-20260201,false
2,2026-02-09T19:00:00Z,2026-02-09T12:00:00Z,2026-02-11T10:00:00Z,39,0.957989,hgb-v2-train-before-20260201,false
2,2026-02-09T19:00:00Z,2026-02-09T12:00:00Z,2026-02-11T11:00:00Z,40,0.971422,hgb-v2-train-before-20260201,false
2,2026-02-09T19:00:00Z,2026-02-09T12:00:00Z,2026-02-11T12:00:00Z,41,0.973298,hgb-v2-train-before-20260201,false
2,2026-02-09T19:00:00Z,2026-02-09T12:00:00Z,2026-02-11T13:00:00Z,42,0.973253,hgb-v2-train-before-20260201,false
2,2026-02-09T19:00:00Z,2026-02-09T12:00:00Z,2026-02-11T14:00:00Z,43,0.970434,hgb-v2-train-before-20260201,false
2,2026-02-09T19:00:00Z,2026-02-09T12:00:00Z,2026-02-11T15:00:00Z,44,0.958137,hgb-v2-train-before-20260201,false
2,2026-02-09T19:00:00Z,2026-02-09T12:00:00Z,2026-02-11T16:00:00Z,45,0.943773,hgb-v2-train-before-20260201,false
2,2026-02-09T19:00:00Z,2026-02-09T12:00:00Z,2026-02-11T17:00:00Z,46,0.925505,hgb-v2-train-before-20260201,false
2,2026-02-09T19:00:00Z,2026-02-09T12:00:00Z,2026-02-11T18:00:00Z,47,0.854721,hgb-v2-train-before-20260201,false
2,2026-02-09T19:00:00Z,2026-02-09T12:00:00Z,2026-02-11T19:00:00Z,48,0.879020,hgb-v2-train-before-20260201,false
1,2026-02-10T19:00:00Z,2026-02-10T12:00:00Z,2026-02-10T20:00:00Z,1,0.954673,hgb-v2-train-before-20260201,false
1,2026-02-10T19:00:00Z,2026-02-10T12:00:00Z,2026-02-10T21:00:00Z,2,0.950099,hgb-v2-train-before-20260201,false
1,2026-02-10T19:00:00Z,2026-02-10T12:00:00Z,2026-02-10T22:00:00Z,3,0.507391,hgb-v2-train-before-20260201,false
1,2026-02-10T19:00:00Z,2026-02-10T12:00:00Z,2026-02-10T23:00:00Z,4,0.291699,hgb-v2-train-before-20260201,false
1,2026-02-10T19:00:00Z,2026-02-10T12:00:00Z,2026-02-11T00:00:00Z,5,0.094986,hgb-v2-train-before-20260201,false
1,2026-02-10T19:00:00Z,2026-02-10T12:00:00Z,2026-02-11T01:00:00Z,6,0.031479,hgb-v2-train-before-20260201,false
1,2026-02-10T19:00:00Z,2026-02-10T12:00:00Z,2026-02-11T02:00:00Z,7,0.031924,hgb-v2-train-before-20260201,false
1,2026-02-10T19:00:00Z,2026-02-10T12:00:00Z,2026-02-11T03:00:00Z,8,0.096782,hgb-v2-train-before-20260201,false
1,2026-02-10T19:00:00Z,2026-02-10T12:00:00Z,2026-02-11T04:00:00Z,9,0.029489,hgb-v2-train-before-20260201,false
1,2026-02-10T19:00:00Z,2026-02-10T12:00:00Z,2026-02-11T05:00:00Z,10,0.011103,hgb-v2-train-before-20260201,false
1,2026-02-10T19:00:00Z,2026-02-10T12:00:00Z,2026-02-11T06:00:00Z,11,0.024443,hgb-v2-train-before-20260201,false
1,2026-02-10T19:00:00Z,2026-02-10T12:00:00Z,2026-02-11T07:00:00Z,12,0.025854,hgb-v2-train-before-20260201,false
1,2026-02-10T19:00:00Z,2026-02-10T12:00:00Z,2026-02-11T08:00:00Z,13,0.113191,hgb-v2-train-before-20260201,false
1,2026-02-10T19:00:00Z,2026-02-10T12:00:00Z,2026-02-11T09:00:00Z,14,0.974388,hgb-v2-train-before-20260201,false
1,2026-02-10T19:00:00Z,2026-02-10T12:00:00Z,2026-02-11T10:00:00Z,15,0.989877,hgb-v2-train-before-20260201,false
1,2026-02-10T19:00:00Z,2026-02-10T12:00:00Z,2026-02-11T11:00:00Z,16,0.990226,hgb-v2-train-before-20260201,false
1,2026-02-10T19:00:00Z,2026-02-10T12:00:00Z,2026-02-11T12:00:00Z,17,0.986891,hgb-v2-train-before-20260201,false
1,2026-02-10T19:00:00Z,2026-02-10T12:00:00Z,2026-02-11T13:00:00Z,18,0.963605,hgb-v2-train-before-20260201,false
1,2026-02-10T19:00:00Z,2026-02-10T12:00:00Z,2026-02-11T14:00:00Z,19,0.951296,hgb-v2-train-before-20260201,false
1,2026-02-10T19:00:00Z,2026-02-10T12:00:00Z,2026-02-11T15:00:00Z,20,0.935054,hgb-v2-train-before-20260201,false
1,2026-02-10T19:00:00Z,2026-02-10T12:00:00Z,2026-02-11T16:00:00Z,21,0.928411,hgb-v2-train-before-20260201,false
1,2026-02-10T19:00:00Z,2026-02-10T12:00:00Z,2026-02-11T17:00:00Z,22,0.914476,hgb-v2-train-before-20260201,false
1,2026-02-10T19:00:00Z,2026-02-10T12:00:00Z,2026-02-11T18:00:00Z,23,0.870351,hgb-v2-train-before-20260201,false
1,2026-02-10T19:00:00Z,2026-02-10T12:00:00Z,2026-02-11T19:00:00Z,24,0.794082,hgb-v2-train-before-20260201,false
1,2026-02-10T19:00:00Z,2026-02-10T12:00:00Z,2026-02-11T20:00:00Z,25,0.756270,hgb-v2-train-before-20260201,false
1,2026-02-10T19:00:00Z,2026-02-10T12:00:00Z,2026-02-11T21:00:00Z,26,0.465092,hgb-v2-train-before-20260201,false
1,2026-02-10T19:00:00Z,2026-02-10T12:00:00Z,2026-02-11T22:00:00Z,27,0.355799,hgb-v2-train-before-20260201,false
1,2026-02-10T19:00:00Z,2026-02-10T12:00:00Z,2026-02-11T23:00:00Z,28,0.235956,hgb-v2-train-before-20260201,false
1,2026-02-10T19:00:00Z,2026-02-10T12:00:00Z,2026-02-12T00:00:00Z,29,0.187300,hgb-v2-train-before-20260201,false
1,2026-02-10T19:00:00Z,2026-02-10T12:00:00Z,2026-02-12T01:00:00Z,30,0.090422,hgb-v2-train-before-20260201,false
1,2026-02-10T19:00:00Z,2026-02-10T12:00:00Z,2026-02-12T02:00:00Z,31,0.063432,hgb-v2-train-before-20260201,false
1,2026-02-10T19:00:00Z,2026-02-10T12:00:00Z,2026-02-12T03:00:00Z,32,0.025939,hgb-v2-train-before-20260201,false
1,2026-02-10T19:00:00Z,2026-02-10T12:00:00Z,2026-02-12T04:00:00Z,33,0.022806,hgb-v2-train-before-20260201,false
1,2026-02-10T19:00:00Z,2026-02-10T12:00:00Z,2026-02-12T05:00:00Z,34,0.018721,hgb-v2-train-before-20260201,false
1,2026-02-10T19:00:00Z,2026-02-10T12:00:00Z,2026-02-12T06:00:00Z,35,0.018668,hgb-v2-train-before-20260201,false
1,2026-02-10T19:00:00Z,2026-02-10T12:00:00Z,2026-02-12T07:00:00Z,36,0.017208,hgb-v2-train-before-20260201,false
1,2026-02-10T19:00:00Z,2026-02-10T12:00:00Z,2026-02-12T08:00:00Z,37,0.031879,hgb-v2-train-before-20260201,false
1,2026-02-10T19:00:00Z,2026-02-10T12:00:00Z,2026-02-12T09:00:00Z,38,0.038042,hgb-v2-train-before-20260201,false
1,2026-02-10T19:00:00Z,2026-02-10T12:00:00Z,2026-02-12T10:00:00Z,39,0.018797,hgb-v2-train-before-20260201,false
1,2026-02-10T19:00:00Z,2026-02-10T12:00:00Z,2026-02-12T11:00:00Z,40,0.042734,hgb-v2-train-before-20260201,false
1,2026-02-10T19:00:00Z,2026-02-10T12:00:00Z,2026-02-12T12:00:00Z,41,0.307846,hgb-v2-train-before-20260201,false
1,2026-02-10T19:00:00Z,2026-02-10T12:00:00Z,2026-02-12T13:00:00Z,42,0.368499,hgb-v2-train-before-20260201,false
1,2026-02-10T19:00:00Z,2026-02-10T12:00:00Z,2026-02-12T14:00:00Z,43,0.357328,hgb-v2-train-before-20260201,false
1,2026-02-10T19:00:00Z,2026-02-10T12:00:00Z,2026-02-12T15:00:00Z,44,0.169628,hgb-v2-train-before-20260201,false
1,2026-02-10T19:00:00Z,2026-02-10T12:00:00Z,2026-02-12T16:00:00Z,45,0.127313,hgb-v2-train-before-20260201,false
1,2026-02-10T19:00:00Z,2026-02-10T12:00:00Z,2026-02-12T17:00:00Z,46,0.025298,hgb-v2-train-before-20260201,false
1,2026-02-10T19:00:00Z,2026-02-10T12:00:00Z,2026-02-12T18:00:00Z,47,0.043273,hgb-v2-train-before-20260201,false
1,2026-02-10T19:00:00Z,2026-02-10T12:00:00Z,2026-02-12T19:00:00Z,48,0.012032,hgb-v2-train-before-20260201,false
2,2026-02-10T19:00:00Z,2026-02-10T12:00:00Z,2026-02-10T20:00:00Z,1,0.949747,hgb-v2-train-before-20260201,false
2,2026-02-10T19:00:00Z,2026-02-10T12:00:00Z,2026-02-10T21:00:00Z,2,0.945206,hgb-v2-train-before-20260201,false
2,2026-02-10T19:00:00Z,2026-02-10T12:00:00Z,2026-02-10T22:00:00Z,3,0.508691,hgb-v2-train-before-20260201,false
2,2026-02-10T19:00:00Z,2026-02-10T12:00:00Z,2026-02-10T23:00:00Z,4,0.288189,hgb-v2-train-before-20260201,false
2,2026-02-10T19:00:00Z,2026-02-10T12:00:00Z,2026-02-11T00:00:00Z,5,0.090197,hgb-v2-train-before-20260201,false
2,2026-02-10T19:00:00Z,2026-02-10T12:00:00Z,2026-02-11T01:00:00Z,6,0.030968,hgb-v2-train-before-20260201,false
2,2026-02-10T19:00:00Z,2026-02-10T12:00:00Z,2026-02-11T02:00:00Z,7,0.031568,hgb-v2-train-before-20260201,false
2,2026-02-10T19:00:00Z,2026-02-10T12:00:00Z,2026-02-11T03:00:00Z,8,0.096427,hgb-v2-train-before-20260201,false
2,2026-02-10T19:00:00Z,2026-02-10T12:00:00Z,2026-02-11T04:00:00Z,9,0.029134,hgb-v2-train-before-20260201,false
2,2026-02-10T19:00:00Z,2026-02-10T12:00:00Z,2026-02-11T05:00:00Z,10,0.010864,hgb-v2-train-before-20260201,false
2,2026-02-10T19:00:00Z,2026-02-10T12:00:00Z,2026-02-11T06:00:00Z,11,0.024204,hgb-v2-train-before-20260201,false
2,2026-02-10T19:00:00Z,2026-02-10T12:00:00Z,2026-02-11T07:00:00Z,12,0.025459,hgb-v2-train-before-20260201,false
2,2026-02-10T19:00:00Z,2026-02-10T12:00:00Z,2026-02-11T08:00:00Z,13,0.112836,hgb-v2-train-before-20260201,false
2,2026-02-10T19:00:00Z,2026-02-10T12:00:00Z,2026-02-11T09:00:00Z,14,0.966983,hgb-v2-train-before-20260201,false
2,2026-02-10T19:00:00Z,2026-02-10T12:00:00Z,2026-02-11T10:00:00Z,15,0.971498,hgb-v2-train-before-20260201,false
2,2026-02-10T19:00:00Z,2026-02-10T12:00:00Z,2026-02-11T11:00:00Z,16,0.971995,hgb-v2-train-before-20260201,false
2,2026-02-10T19:00:00Z,2026-02-10T12:00:00Z,2026-02-11T12:00:00Z,17,0.970287,hgb-v2-train-before-20260201,false
2,2026-02-10T19:00:00Z,2026-02-10T12:00:00Z,2026-02-11T13:00:00Z,18,0.957403,hgb-v2-train-before-20260201,false
2,2026-02-10T19:00:00Z,2026-02-10T12:00:00Z,2026-02-11T14:00:00Z,19,0.946496,hgb-v2-train-before-20260201,false
2,2026-02-10T19:00:00Z,2026-02-10T12:00:00Z,2026-02-11T15:00:00Z,20,0.930572,hgb-v2-train-before-20260201,false
2,2026-02-10T19:00:00Z,2026-02-10T12:00:00Z,2026-02-11T16:00:00Z,21,0.926572,hgb-v2-train-before-20260201,false
2,2026-02-10T19:00:00Z,2026-02-10T12:00:00Z,2026-02-11T17:00:00Z,22,0.915023,hgb-v2-train-before-20260201,false
2,2026-02-10T19:00:00Z,2026-02-10T12:00:00Z,2026-02-11T18:00:00Z,23,0.874826,hgb-v2-train-before-20260201,false
2,2026-02-10T19:00:00Z,2026-02-10T12:00:00Z,2026-02-11T19:00:00Z,24,0.803310,hgb-v2-train-before-20260201,false
2,2026-02-10T19:00:00Z,2026-02-10T12:00:00Z,2026-02-11T20:00:00Z,25,0.765499,hgb-v2-train-before-20260201,false
2,2026-02-10T19:00:00Z,2026-02-10T12:00:00Z,2026-02-11T21:00:00Z,26,0.474320,hgb-v2-train-before-20260201,false
2,2026-02-10T19:00:00Z,2026-02-10T12:00:00Z,2026-02-11T22:00:00Z,27,0.355443,hgb-v2-train-before-20260201,false
2,2026-02-10T19:00:00Z,2026-02-10T12:00:00Z,2026-02-11T23:00:00Z,28,0.235600,hgb-v2-train-before-20260201,false
2,2026-02-10T19:00:00Z,2026-02-10T12:00:00Z,2026-02-12T00:00:00Z,29,0.186945,hgb-v2-train-before-20260201,false
2,2026-02-10T19:00:00Z,2026-02-10T12:00:00Z,2026-02-12T01:00:00Z,30,0.090067,hgb-v2-train-before-20260201,false
2,2026-02-10T19:00:00Z,2026-02-10T12:00:00Z,2026-02-12T02:00:00Z,31,0.063076,hgb-v2-train-before-20260201,false
2,2026-02-10T19:00:00Z,2026-02-10T12:00:00Z,2026-02-12T03:00:00Z,32,0.025584,hgb-v2-train-before-20260201,false
2,2026-02-10T19:00:00Z,2026-02-10T12:00:00Z,2026-02-12T04:00:00Z,33,0.022450,hgb-v2-train-before-20260201,false
2,2026-02-10T19:00:00Z,2026-02-10T12:00:00Z,2026-02-12T05:00:00Z,34,0.018482,hgb-v2-train-before-20260201,false
2,2026-02-10T19:00:00Z,2026-02-10T12:00:00Z,2026-02-12T06:00:00Z,35,0.018429,hgb-v2-train-before-20260201,false
2,2026-02-10T19:00:00Z,2026-02-10T12:00:00Z,2026-02-12T07:00:00Z,36,0.016969,hgb-v2-train-before-20260201,false
2,2026-02-10T19:00:00Z,2026-02-10T12:00:00Z,2026-02-12T08:00:00Z,37,0.031639,hgb-v2-train-before-20260201,false
2,2026-02-10T19:00:00Z,2026-02-10T12:00:00Z,2026-02-12T09:00:00Z,38,0.037802,hgb-v2-train-before-20260201,false
2,2026-02-10T19:00:00Z,2026-02-10T12:00:00Z,2026-02-12T10:00:00Z,39,0.018557,hgb-v2-train-before-20260201,false
2,2026-02-10T19:00:00Z,2026-02-10T12:00:00Z,2026-02-12T11:00:00Z,40,0.042494,hgb-v2-train-before-20260201,false
2,2026-02-10T19:00:00Z,2026-02-10T12:00:00Z,2026-02-12T12:00:00Z,41,0.307491,hgb-v2-train-before-20260201,false
2,2026-02-10T19:00:00Z,2026-02-10T12:00:00Z,2026-02-12T13:00:00Z,42,0.368144,hgb-v2-train-before-20260201,false
2,2026-02-10T19:00:00Z,2026-02-10T12:00:00Z,2026-02-12T14:00:00Z,43,0.356972,hgb-v2-train-before-20260201,false
2,2026-02-10T19:00:00Z,2026-02-10T12:00:00Z,2026-02-12T15:00:00Z,44,0.169272,hgb-v2-train-before-20260201,false
2,2026-02-10T19:00:00Z,2026-02-10T12:00:00Z,2026-02-12T16:00:00Z,45,0.126958,hgb-v2-train-before-20260201,false
2,2026-02-10T19:00:00Z,2026-02-10T12:00:00Z,2026-02-12T17:00:00Z,46,0.024942,hgb-v2-train-before-20260201,false
2,2026-02-10T19:00:00Z,2026-02-10T12:00:00Z,2026-02-12T18:00:00Z,47,0.043033,hgb-v2-train-before-20260201,false
2,2026-02-10T19:00:00Z,2026-02-10T12:00:00Z,2026-02-12T19:00:00Z,48,0.011792,hgb-v2-train-before-20260201,false
1,2026-02-11T19:00:00Z,2026-02-11T12:00:00Z,2026-02-11T20:00:00Z,1,0.734596,hgb-v2-train-before-20260201,false
1,2026-02-11T19:00:00Z,2026-02-11T12:00:00Z,2026-02-11T21:00:00Z,2,0.451951,hgb-v2-train-before-20260201,false
1,2026-02-11T19:00:00Z,2026-02-11T12:00:00Z,2026-02-11T22:00:00Z,3,0.564975,hgb-v2-train-before-20260201,false
1,2026-02-11T19:00:00Z,2026-02-11T12:00:00Z,2026-02-11T23:00:00Z,4,0.371224,hgb-v2-train-before-20260201,false
1,2026-02-11T19:00:00Z,2026-02-11T12:00:00Z,2026-02-12T00:00:00Z,5,0.197935,hgb-v2-train-before-20260201,false
1,2026-02-11T19:00:00Z,2026-02-11T12:00:00Z,2026-02-12T01:00:00Z,6,0.143168,hgb-v2-train-before-20260201,false
1,2026-02-11T19:00:00Z,2026-02-11T12:00:00Z,2026-02-12T02:00:00Z,7,0.014850,hgb-v2-train-before-20260201,false
1,2026-02-11T19:00:00Z,2026-02-11T12:00:00Z,2026-02-12T03:00:00Z,8,0.027561,hgb-v2-train-before-20260201,false
1,2026-02-11T19:00:00Z,2026-02-11T12:00:00Z,2026-02-12T04:00:00Z,9,0.018757,hgb-v2-train-before-20260201,false
1,2026-02-11T19:00:00Z,2026-02-11T12:00:00Z,2026-02-12T05:00:00Z,10,0.018729,hgb-v2-train-before-20260201,false
1,2026-02-11T19:00:00Z,2026-02-11T12:00:00Z,2026-02-12T06:00:00Z,11,0.010701,hgb-v2-train-before-20260201,false
1,2026-02-11T19:00:00Z,2026-02-11T12:00:00Z,2026-02-12T07:00:00Z,12,0.012705,hgb-v2-train-before-20260201,false
1,2026-02-11T19:00:00Z,2026-02-11T12:00:00Z,2026-02-12T08:00:00Z,13,0.018941,hgb-v2-train-before-20260201,false
1,2026-02-11T19:00:00Z,2026-02-11T12:00:00Z,2026-02-12T09:00:00Z,14,0.023428,hgb-v2-train-before-20260201,false
1,2026-02-11T19:00:00Z,2026-02-11T12:00:00Z,2026-02-12T10:00:00Z,15,0.027380,hgb-v2-train-before-20260201,false
1,2026-02-11T19:00:00Z,2026-02-11T12:00:00Z,2026-02-12T11:00:00Z,16,0.042539,hgb-v2-train-before-20260201,false
1,2026-02-11T19:00:00Z,2026-02-11T12:00:00Z,2026-02-12T12:00:00Z,17,0.189265,hgb-v2-train-before-20260201,false
1,2026-02-11T19:00:00Z,2026-02-11T12:00:00Z,2026-02-12T13:00:00Z,18,0.146254,hgb-v2-train-before-20260201,false
1,2026-02-11T19:00:00Z,2026-02-11T12:00:00Z,2026-02-12T14:00:00Z,19,0.180492,hgb-v2-train-before-20260201,false
1,2026-02-11T19:00:00Z,2026-02-11T12:00:00Z,2026-02-12T15:00:00Z,20,0.132919,hgb-v2-train-before-20260201,false
1,2026-02-11T19:00:00Z,2026-02-11T12:00:00Z,2026-02-12T16:00:00Z,21,0.185249,hgb-v2-train-before-20260201,false
1,2026-02-11T19:00:00Z,2026-02-11T12:00:00Z,2026-02-12T17:00:00Z,22,0.032821,hgb-v2-train-before-20260201,false
1,2026-02-11T19:00:00Z,2026-02-11T12:00:00Z,2026-02-12T18:00:00Z,23,0.022720,hgb-v2-train-before-20260201,false
1,2026-02-11T19:00:00Z,2026-02-11T12:00:00Z,2026-02-12T19:00:00Z,24,0.037877,hgb-v2-train-before-20260201,false
1,2026-02-11T19:00:00Z,2026-02-11T12:00:00Z,2026-02-12T20:00:00Z,25,0.014607,hgb-v2-train-before-20260201,false
1,2026-02-11T19:00:00Z,2026-02-11T12:00:00Z,2026-02-12T21:00:00Z,26,0.013130,hgb-v2-train-before-20260201,false
1,2026-02-11T19:00:00Z,2026-02-11T12:00:00Z,2026-02-12T22:00:00Z,27,0.011904,hgb-v2-train-before-20260201,false
1,2026-02-11T19:00:00Z,2026-02-11T12:00:00Z,2026-02-12T23:00:00Z,28,0.008908,hgb-v2-train-before-20260201,false
1,2026-02-11T19:00:00Z,2026-02-11T12:00:00Z,2026-02-13T00:00:00Z,29,0.014828,hgb-v2-train-before-20260201,false
1,2026-02-11T19:00:00Z,2026-02-11T12:00:00Z,2026-02-13T01:00:00Z,30,0.092863,hgb-v2-train-before-20260201,false
1,2026-02-11T19:00:00Z,2026-02-11T12:00:00Z,2026-02-13T02:00:00Z,31,0.022158,hgb-v2-train-before-20260201,false
1,2026-02-11T19:00:00Z,2026-02-11T12:00:00Z,2026-02-13T03:00:00Z,32,0.014359,hgb-v2-train-before-20260201,false
1,2026-02-11T19:00:00Z,2026-02-11T12:00:00Z,2026-02-13T04:00:00Z,33,0.014134,hgb-v2-train-before-20260201,false
1,2026-02-11T19:00:00Z,2026-02-11T12:00:00Z,2026-02-13T05:00:00Z,34,0.016620,hgb-v2-train-before-20260201,false
1,2026-02-11T19:00:00Z,2026-02-11T12:00:00Z,2026-02-13T06:00:00Z,35,0.010628,hgb-v2-train-before-20260201,false
1,2026-02-11T19:00:00Z,2026-02-11T12:00:00Z,2026-02-13T07:00:00Z,36,0.011285,hgb-v2-train-before-20260201,false
1,2026-02-11T19:00:00Z,2026-02-11T12:00:00Z,2026-02-13T08:00:00Z,37,0.013823,hgb-v2-train-before-20260201,false
1,2026-02-11T19:00:00Z,2026-02-11T12:00:00Z,2026-02-13T09:00:00Z,38,0.014905,hgb-v2-train-before-20260201,false
1,2026-02-11T19:00:00Z,2026-02-11T12:00:00Z,2026-02-13T10:00:00Z,39,0.019138,hgb-v2-train-before-20260201,false
1,2026-02-11T19:00:00Z,2026-02-11T12:00:00Z,2026-02-13T11:00:00Z,40,0.064329,hgb-v2-train-before-20260201,false
1,2026-02-11T19:00:00Z,2026-02-11T12:00:00Z,2026-02-13T12:00:00Z,41,0.104112,hgb-v2-train-before-20260201,false
1,2026-02-11T19:00:00Z,2026-02-11T12:00:00Z,2026-02-13T13:00:00Z,42,0.149734,hgb-v2-train-before-20260201,false
1,2026-02-11T19:00:00Z,2026-02-11T12:00:00Z,2026-02-13T14:00:00Z,43,0.097099,hgb-v2-train-before-20260201,false
1,2026-02-11T19:00:00Z,2026-02-11T12:00:00Z,2026-02-13T15:00:00Z,44,0.309196,hgb-v2-train-before-20260201,false
1,2026-02-11T19:00:00Z,2026-02-11T12:00:00Z,2026-02-13T16:00:00Z,45,0.336388,hgb-v2-train-before-20260201,false
1,2026-02-11T19:00:00Z,2026-02-11T12:00:00Z,2026-02-13T17:00:00Z,46,0.414428,hgb-v2-train-before-20260201,false
1,2026-02-11T19:00:00Z,2026-02-11T12:00:00Z,2026-02-13T18:00:00Z,47,0.472830,hgb-v2-train-before-20260201,false
1,2026-02-11T19:00:00Z,2026-02-11T12:00:00Z,2026-02-13T19:00:00Z,48,0.584920,hgb-v2-train-before-20260201,false
2,2026-02-11T19:00:00Z,2026-02-11T12:00:00Z,2026-02-11T20:00:00Z,1,0.743825,hgb-v2-train-before-20260201,false
2,2026-02-11T19:00:00Z,2026-02-11T12:00:00Z,2026-02-11T21:00:00Z,2,0.461180,hgb-v2-train-before-20260201,false
2,2026-02-11T19:00:00Z,2026-02-11T12:00:00Z,2026-02-11T22:00:00Z,3,0.564619,hgb-v2-train-before-20260201,false
2,2026-02-11T19:00:00Z,2026-02-11T12:00:00Z,2026-02-11T23:00:00Z,4,0.370868,hgb-v2-train-before-20260201,false
2,2026-02-11T19:00:00Z,2026-02-11T12:00:00Z,2026-02-12T00:00:00Z,5,0.197579,hgb-v2-train-before-20260201,false
2,2026-02-11T19:00:00Z,2026-02-11T12:00:00Z,2026-02-12T01:00:00Z,6,0.142812,hgb-v2-train-before-20260201,false
2,2026-02-11T19:00:00Z,2026-02-11T12:00:00Z,2026-02-12T02:00:00Z,7,0.014495,hgb-v2-train-before-20260201,false
2,2026-02-11T19:00:00Z,2026-02-11T12:00:00Z,2026-02-12T03:00:00Z,8,0.027322,hgb-v2-train-before-20260201,false
2,2026-02-11T19:00:00Z,2026-02-11T12:00:00Z,2026-02-12T04:00:00Z,9,0.018518,hgb-v2-train-before-20260201,false
2,2026-02-11T19:00:00Z,2026-02-11T12:00:00Z,2026-02-12T05:00:00Z,10,0.018490,hgb-v2-train-before-20260201,false
2,2026-02-11T19:00:00Z,2026-02-11T12:00:00Z,2026-02-12T06:00:00Z,11,0.010462,hgb-v2-train-before-20260201,false
2,2026-02-11T19:00:00Z,2026-02-11T12:00:00Z,2026-02-12T07:00:00Z,12,0.012465,hgb-v2-train-before-20260201,false
2,2026-02-11T19:00:00Z,2026-02-11T12:00:00Z,2026-02-12T08:00:00Z,13,0.018702,hgb-v2-train-before-20260201,false
2,2026-02-11T19:00:00Z,2026-02-11T12:00:00Z,2026-02-12T09:00:00Z,14,0.023189,hgb-v2-train-before-20260201,false
2,2026-02-11T19:00:00Z,2026-02-11T12:00:00Z,2026-02-12T10:00:00Z,15,0.027140,hgb-v2-train-before-20260201,false
2,2026-02-11T19:00:00Z,2026-02-11T12:00:00Z,2026-02-12T11:00:00Z,16,0.042300,hgb-v2-train-before-20260201,false
2,2026-02-11T19:00:00Z,2026-02-11T12:00:00Z,2026-02-12T12:00:00Z,17,0.188910,hgb-v2-train-before-20260201,false
2,2026-02-11T19:00:00Z,2026-02-11T12:00:00Z,2026-02-12T13:00:00Z,18,0.145898,hgb-v2-train-before-20260201,false
2,2026-02-11T19:00:00Z,2026-02-11T12:00:00Z,2026-02-12T14:00:00Z,19,0.180136,hgb-v2-train-before-20260201,false
2,2026-02-11T19:00:00Z,2026-02-11T12:00:00Z,2026-02-12T15:00:00Z,20,0.132563,hgb-v2-train-before-20260201,false
2,2026-02-11T19:00:00Z,2026-02-11T12:00:00Z,2026-02-12T16:00:00Z,21,0.184893,hgb-v2-train-before-20260201,false
2,2026-02-11T19:00:00Z,2026-02-11T12:00:00Z,2026-02-12T17:00:00Z,22,0.032465,hgb-v2-train-before-20260201,false
2,2026-02-11T19:00:00Z,2026-02-11T12:00:00Z,2026-02-12T18:00:00Z,23,0.022480,hgb-v2-train-before-20260201,false
2,2026-02-11T19:00:00Z,2026-02-11T12:00:00Z,2026-02-12T19:00:00Z,24,0.037637,hgb-v2-train-before-20260201,false
2,2026-02-11T19:00:00Z,2026-02-11T12:00:00Z,2026-02-12T20:00:00Z,25,0.014368,hgb-v2-train-before-20260201,false
2,2026-02-11T19:00:00Z,2026-02-11T12:00:00Z,2026-02-12T21:00:00Z,26,0.012891,hgb-v2-train-before-20260201,false
2,2026-02-11T19:00:00Z,2026-02-11T12:00:00Z,2026-02-12T22:00:00Z,27,0.011665,hgb-v2-train-before-20260201,false
2,2026-02-11T19:00:00Z,2026-02-11T12:00:00Z,2026-02-12T23:00:00Z,28,0.008669,hgb-v2-train-before-20260201,false
2,2026-02-11T19:00:00Z,2026-02-11T12:00:00Z,2026-02-13T00:00:00Z,29,0.014472,hgb-v2-train-before-20260201,false
2,2026-02-11T19:00:00Z,2026-02-11T12:00:00Z,2026-02-13T01:00:00Z,30,0.092507,hgb-v2-train-before-20260201,false
2,2026-02-11T19:00:00Z,2026-02-11T12:00:00Z,2026-02-13T02:00:00Z,31,0.021802,hgb-v2-train-before-20260201,false
2,2026-02-11T19:00:00Z,2026-02-11T12:00:00Z,2026-02-13T03:00:00Z,32,0.014120,hgb-v2-train-before-20260201,false
2,2026-02-11T19:00:00Z,2026-02-11T12:00:00Z,2026-02-13T04:00:00Z,33,0.013895,hgb-v2-train-before-20260201,false
2,2026-02-11T19:00:00Z,2026-02-11T12:00:00Z,2026-02-13T05:00:00Z,34,0.016265,hgb-v2-train-before-20260201,false
2,2026-02-11T19:00:00Z,2026-02-11T12:00:00Z,2026-02-13T06:00:00Z,35,0.010272,hgb-v2-train-before-20260201,false
2,2026-02-11T19:00:00Z,2026-02-11T12:00:00Z,2026-02-13T07:00:00Z,36,0.011045,hgb-v2-train-before-20260201,false
2,2026-02-11T19:00:00Z,2026-02-11T12:00:00Z,2026-02-13T08:00:00Z,37,0.013584,hgb-v2-train-before-20260201,false
2,2026-02-11T19:00:00Z,2026-02-11T12:00:00Z,2026-02-13T09:00:00Z,38,0.014665,hgb-v2-train-before-20260201,false
2,2026-02-11T19:00:00Z,2026-02-11T12:00:00Z,2026-02-13T10:00:00Z,39,0.018899,hgb-v2-train-before-20260201,false
2,2026-02-11T19:00:00Z,2026-02-11T12:00:00Z,2026-02-13T11:00:00Z,40,0.064089,hgb-v2-train-before-20260201,false
2,2026-02-11T19:00:00Z,2026-02-11T12:00:00Z,2026-02-13T12:00:00Z,41,0.103718,hgb-v2-train-before-20260201,false
2,2026-02-11T19:00:00Z,2026-02-11T12:00:00Z,2026-02-13T13:00:00Z,42,0.155228,hgb-v2-train-before-20260201,false
2,2026-02-11T19:00:00Z,2026-02-11T12:00:00Z,2026-02-13T14:00:00Z,43,0.102594,hgb-v2-train-before-20260201,false
2,2026-02-11T19:00:00Z,2026-02-11T12:00:00Z,2026-02-13T15:00:00Z,44,0.308801,hgb-v2-train-before-20260201,false
2,2026-02-11T19:00:00Z,2026-02-11T12:00:00Z,2026-02-13T16:00:00Z,45,0.335741,hgb-v2-train-before-20260201,false
2,2026-02-11T19:00:00Z,2026-02-11T12:00:00Z,2026-02-13T17:00:00Z,46,0.413781,hgb-v2-train-before-20260201,false
2,2026-02-11T19:00:00Z,2026-02-11T12:00:00Z,2026-02-13T18:00:00Z,47,0.472183,hgb-v2-train-before-20260201,false
2,2026-02-11T19:00:00Z,2026-02-11T12:00:00Z,2026-02-13T19:00:00Z,48,0.584273,hgb-v2-train-before-20260201,false
1,2026-02-12T19:00:00Z,2026-02-12T12:00:00Z,2026-02-12T20:00:00Z,1,0.010183,hgb-v2-train-before-20260201,false
1,2026-02-12T19:00:00Z,2026-02-12T12:00:00Z,2026-02-12T21:00:00Z,2,0.010183,hgb-v2-train-before-20260201,false
1,2026-02-12T19:00:00Z,2026-02-12T12:00:00Z,2026-02-12T22:00:00Z,3,0.012274,hgb-v2-train-before-20260201,false
1,2026-02-12T19:00:00Z,2026-02-12T12:00:00Z,2026-02-12T23:00:00Z,4,0.012156,hgb-v2-train-before-20260201,false
1,2026-02-12T19:00:00Z,2026-02-12T12:00:00Z,2026-02-13T00:00:00Z,5,0.011989,hgb-v2-train-before-20260201,false
1,2026-02-12T19:00:00Z,2026-02-12T12:00:00Z,2026-02-13T01:00:00Z,6,0.012007,hgb-v2-train-before-20260201,false
1,2026-02-12T19:00:00Z,2026-02-12T12:00:00Z,2026-02-13T02:00:00Z,7,0.009930,hgb-v2-train-before-20260201,false
1,2026-02-12T19:00:00Z,2026-02-12T12:00:00Z,2026-02-13T03:00:00Z,8,0.009930,hgb-v2-train-before-20260201,false
1,2026-02-12T19:00:00Z,2026-02-12T12:00:00Z,2026-02-13T04:00:00Z,9,0.010094,hgb-v2-train-before-20260201,false
1,2026-02-12T19:00:00Z,2026-02-12T12:00:00Z,2026-02-13T05:00:00Z,10,0.009971,hgb-v2-train-before-20260201,false
1,2026-02-12T19:00:00Z,2026-02-12T12:00:00Z,2026-02-13T06:00:00Z,11,0.010186,hgb-v2-train-before-20260201,false
1,2026-02-12T19:00:00Z,2026-02-12T12:00:00Z,2026-02-13T07:00:00Z,12,0.009972,hgb-v2-train-before-20260201,false
1,2026-02-12T19:00:00Z,2026-02-12T12:00:00Z,2026-02-13T08:00:00Z,13,0.003916,hgb-v2-train-before-20260201,false
1,2026-02-12T19:00:00Z,2026-02-12T12:00:00Z,2026-02-13T09:00:00Z,14,0.052613,hgb-v2-train-before-20260201,false
1,2026-02-12T19:00:00Z,2026-02-12T12:00:00Z,2026-02-13T10:00:00Z,15,0.029910,hgb-v2-train-before-20260201,false
1,2026-02-12T19:00:00Z,2026-02-12T12:00:00Z,2026-02-13T11:00:00Z,16,0.015547,hgb-v2-train-before-20260201,false
1,2026-02-12T19:00:00Z,2026-02-12T12:00:00Z,2026-02-13T12:00:00Z,17,0.026734,hgb-v2-train-before-20260201,false
1,2026-02-12T19:00:00Z,2026-02-12T12:00:00Z,2026-02-13T13:00:00Z,18,0.019626,hgb-v2-train-before-20260201,false
1,2026-02-12T19:00:00Z,2026-02-12T12:00:00Z,2026-02-13T14:00:00Z,19,0.081775,hgb-v2-train-before-20260201,false
1,2026-02-12T19:00:00Z,2026-02-12T12:00:00Z,2026-02-13T15:00:00Z,20,0.345020,hgb-v2-train-before-20260201,false
1,2026-02-12T19:00:00Z,2026-02-12T12:00:00Z,2026-02-13T16:00:00Z,21,0.753225,hgb-v2-train-before-20260201,false
1,2026-02-12T19:00:00Z,2026-02-12T12:00:00Z,2026-02-13T17:00:00Z,22,0.752941,hgb-v2-train-before-20260201,false
1,2026-02-12T19:00:00Z,2026-02-12T12:00:00Z,2026-02-13T18:00:00Z,23,0.683023,hgb-v2-train-before-20260201,false
1,2026-02-12T19:00:00Z,2026-02-12T12:00:00Z,2026-02-13T19:00:00Z,24,0.718595,hgb-v2-train-before-20260201,false
1,2026-02-12T19:00:00Z,2026-02-12T12:00:00Z,2026-02-13T20:00:00Z,25,0.785823,hgb-v2-train-before-20260201,false
1,2026-02-12T19:00:00Z,2026-02-12T12:00:00Z,2026-02-13T21:00:00Z,26,0.909687,hgb-v2-train-before-20260201,false
1,2026-02-12T19:00:00Z,2026-02-12T12:00:00Z,2026-02-13T22:00:00Z,27,0.851157,hgb-v2-train-before-20260201,false
1,2026-02-12T19:00:00Z,2026-02-12T12:00:00Z,2026-02-13T23:00:00Z,28,0.800744,hgb-v2-train-before-20260201,false
1,2026-02-12T19:00:00Z,2026-02-12T12:00:00Z,2026-02-14T00:00:00Z,29,0.634010,hgb-v2-train-before-20260201,false
1,2026-02-12T19:00:00Z,2026-02-12T12:00:00Z,2026-02-14T01:00:00Z,30,0.245268,hgb-v2-train-before-20260201,false
1,2026-02-12T19:00:00Z,2026-02-12T12:00:00Z,2026-02-14T02:00:00Z,31,0.041446,hgb-v2-train-before-20260201,false
1,2026-02-12T19:00:00Z,2026-02-12T12:00:00Z,2026-02-14T03:00:00Z,32,0.021715,hgb-v2-train-before-20260201,false
1,2026-02-12T19:00:00Z,2026-02-12T12:00:00Z,2026-02-14T04:00:00Z,33,0.012811,hgb-v2-train-before-20260201,false
1,2026-02-12T19:00:00Z,2026-02-12T12:00:00Z,2026-02-14T05:00:00Z,34,0.010174,hgb-v2-train-before-20260201,false
1,2026-02-12T19:00:00Z,2026-02-12T12:00:00Z,2026-02-14T06:00:00Z,35,0.009947,hgb-v2-train-before-20260201,false
1,2026-02-12T19:00:00Z,2026-02-12T12:00:00Z,2026-02-14T07:00:00Z,36,0.010260,hgb-v2-train-before-20260201,false
1,2026-02-12T19:00:00Z,2026-02-12T12:00:00Z,2026-02-14T08:00:00Z,37,0.011203,hgb-v2-train-before-20260201,false
1,2026-02-12T19:00:00Z,2026-02-12T12:00:00Z,2026-02-14T09:00:00Z,38,0.011340,hgb-v2-train-before-20260201,false
1,2026-02-12T19:00:00Z,2026-02-12T12:00:00Z,2026-02-14T10:00:00Z,39,0.014458,hgb-v2-train-before-20260201,false
1,2026-02-12T19:00:00Z,2026-02-12T12:00:00Z,2026-02-14T11:00:00Z,40,0.068616,hgb-v2-train-before-20260201,false
1,2026-02-12T19:00:00Z,2026-02-12T12:00:00Z,2026-02-14T12:00:00Z,41,0.295124,hgb-v2-train-before-20260201,false
1,2026-02-12T19:00:00Z,2026-02-12T12:00:00Z,2026-02-14T13:00:00Z,42,0.296981,hgb-v2-train-before-20260201,false
1,2026-02-12T19:00:00Z,2026-02-12T12:00:00Z,2026-02-14T14:00:00Z,43,0.343912,hgb-v2-train-before-20260201,false
1,2026-02-12T19:00:00Z,2026-02-12T12:00:00Z,2026-02-14T15:00:00Z,44,0.312556,hgb-v2-train-before-20260201,false
1,2026-02-12T19:00:00Z,2026-02-12T12:00:00Z,2026-02-14T16:00:00Z,45,0.174401,hgb-v2-train-before-20260201,false
1,2026-02-12T19:00:00Z,2026-02-12T12:00:00Z,2026-02-14T17:00:00Z,46,0.157699,hgb-v2-train-before-20260201,false
1,2026-02-12T19:00:00Z,2026-02-12T12:00:00Z,2026-02-14T18:00:00Z,47,0.116051,hgb-v2-train-before-20260201,false
1,2026-02-12T19:00:00Z,2026-02-12T12:00:00Z,2026-02-14T19:00:00Z,48,0.033901,hgb-v2-train-before-20260201,false
2,2026-02-12T19:00:00Z,2026-02-12T12:00:00Z,2026-02-12T20:00:00Z,1,0.009944,hgb-v2-train-before-20260201,false
2,2026-02-12T19:00:00Z,2026-02-12T12:00:00Z,2026-02-12T21:00:00Z,2,0.009944,hgb-v2-train-before-20260201,false
2,2026-02-12T19:00:00Z,2026-02-12T12:00:00Z,2026-02-12T22:00:00Z,3,0.012035,hgb-v2-train-before-20260201,false
2,2026-02-12T19:00:00Z,2026-02-12T12:00:00Z,2026-02-12T23:00:00Z,4,0.011916,hgb-v2-train-before-20260201,false
2,2026-02-12T19:00:00Z,2026-02-12T12:00:00Z,2026-02-13T00:00:00Z,5,0.011750,hgb-v2-train-before-20260201,false
2,2026-02-12T19:00:00Z,2026-02-12T12:00:00Z,2026-02-13T01:00:00Z,6,0.011768,hgb-v2-train-before-20260201,false
2,2026-02-12T19:00:00Z,2026-02-12T12:00:00Z,2026-02-13T02:00:00Z,7,0.009690,hgb-v2-train-before-20260201,false
2,2026-02-12T19:00:00Z,2026-02-12T12:00:00Z,2026-02-13T03:00:00Z,8,0.009690,hgb-v2-train-before-20260201,false
2,2026-02-12T19:00:00Z,2026-02-12T12:00:00Z,2026-02-13T04:00:00Z,9,0.009855,hgb-v2-train-before-20260201,false
2,2026-02-12T19:00:00Z,2026-02-12T12:00:00Z,2026-02-13T05:00:00Z,10,0.009731,hgb-v2-train-before-20260201,false
2,2026-02-12T19:00:00Z,2026-02-12T12:00:00Z,2026-02-13T06:00:00Z,11,0.009947,hgb-v2-train-before-20260201,false
2,2026-02-12T19:00:00Z,2026-02-12T12:00:00Z,2026-02-13T07:00:00Z,12,0.009537,hgb-v2-train-before-20260201,false
2,2026-02-12T19:00:00Z,2026-02-12T12:00:00Z,2026-02-13T08:00:00Z,13,0.003148,hgb-v2-train-before-20260201,false
2,2026-02-12T19:00:00Z,2026-02-12T12:00:00Z,2026-02-13T09:00:00Z,14,0.051966,hgb-v2-train-before-20260201,false
2,2026-02-12T19:00:00Z,2026-02-12T12:00:00Z,2026-02-13T10:00:00Z,15,0.029515,hgb-v2-train-before-20260201,false
2,2026-02-12T19:00:00Z,2026-02-12T12:00:00Z,2026-02-13T11:00:00Z,16,0.015047,hgb-v2-train-before-20260201,false
2,2026-02-12T19:00:00Z,2026-02-12T12:00:00Z,2026-02-13T12:00:00Z,17,0.032228,hgb-v2-train-before-20260201,false
2,2026-02-12T19:00:00Z,2026-02-12T12:00:00Z,2026-02-13T13:00:00Z,18,0.019231,hgb-v2-train-before-20260201,false
2,2026-02-12T19:00:00Z,2026-02-12T12:00:00Z,2026-02-13T14:00:00Z,19,0.081380,hgb-v2-train-before-20260201,false
2,2026-02-12T19:00:00Z,2026-02-12T12:00:00Z,2026-02-13T15:00:00Z,20,0.344373,hgb-v2-train-before-20260201,false
2,2026-02-12T19:00:00Z,2026-02-12T12:00:00Z,2026-02-13T16:00:00Z,21,0.752579,hgb-v2-train-before-20260201,false
2,2026-02-12T19:00:00Z,2026-02-12T12:00:00Z,2026-02-13T17:00:00Z,22,0.763308,hgb-v2-train-before-20260201,false
2,2026-02-12T19:00:00Z,2026-02-12T12:00:00Z,2026-02-13T18:00:00Z,23,0.687015,hgb-v2-train-before-20260201,false
2,2026-02-12T19:00:00Z,2026-02-12T12:00:00Z,2026-02-13T19:00:00Z,24,0.728962,hgb-v2-train-before-20260201,false
2,2026-02-12T19:00:00Z,2026-02-12T12:00:00Z,2026-02-13T20:00:00Z,25,0.789715,hgb-v2-train-before-20260201,false
2,2026-02-12T19:00:00Z,2026-02-12T12:00:00Z,2026-02-13T21:00:00Z,26,0.914400,hgb-v2-train-before-20260201,false
2,2026-02-12T19:00:00Z,2026-02-12T12:00:00Z,2026-02-13T22:00:00Z,27,0.852457,hgb-v2-train-before-20260201,false
2,2026-02-12T19:00:00Z,2026-02-12T12:00:00Z,2026-02-13T23:00:00Z,28,0.802044,hgb-v2-train-before-20260201,false
2,2026-02-12T19:00:00Z,2026-02-12T12:00:00Z,2026-02-14T00:00:00Z,29,0.634032,hgb-v2-train-before-20260201,false
2,2026-02-12T19:00:00Z,2026-02-12T12:00:00Z,2026-02-14T01:00:00Z,30,0.241757,hgb-v2-train-before-20260201,false
2,2026-02-12T19:00:00Z,2026-02-12T12:00:00Z,2026-02-14T02:00:00Z,31,0.040975,hgb-v2-train-before-20260201,false
2,2026-02-12T19:00:00Z,2026-02-12T12:00:00Z,2026-02-14T03:00:00Z,32,0.020842,hgb-v2-train-before-20260201,false
2,2026-02-12T19:00:00Z,2026-02-12T12:00:00Z,2026-02-14T04:00:00Z,33,0.012376,hgb-v2-train-before-20260201,false
2,2026-02-12T19:00:00Z,2026-02-12T12:00:00Z,2026-02-14T05:00:00Z,34,0.009935,hgb-v2-train-before-20260201,false
2,2026-02-12T19:00:00Z,2026-02-12T12:00:00Z,2026-02-14T06:00:00Z,35,0.009708,hgb-v2-train-before-20260201,false
2,2026-02-12T19:00:00Z,2026-02-12T12:00:00Z,2026-02-14T07:00:00Z,36,0.010021,hgb-v2-train-before-20260201,false
2,2026-02-12T19:00:00Z,2026-02-12T12:00:00Z,2026-02-14T08:00:00Z,37,0.010847,hgb-v2-train-before-20260201,false
2,2026-02-12T19:00:00Z,2026-02-12T12:00:00Z,2026-02-14T09:00:00Z,38,0.011100,hgb-v2-train-before-20260201,false
2,2026-02-12T19:00:00Z,2026-02-12T12:00:00Z,2026-02-14T10:00:00Z,39,0.014219,hgb-v2-train-before-20260201,false
2,2026-02-12T19:00:00Z,2026-02-12T12:00:00Z,2026-02-14T11:00:00Z,40,0.068261,hgb-v2-train-before-20260201,false
2,2026-02-12T19:00:00Z,2026-02-12T12:00:00Z,2026-02-14T12:00:00Z,41,0.294768,hgb-v2-train-before-20260201,false
2,2026-02-12T19:00:00Z,2026-02-12T12:00:00Z,2026-02-14T13:00:00Z,42,0.296625,hgb-v2-train-before-20260201,false
2,2026-02-12T19:00:00Z,2026-02-12T12:00:00Z,2026-02-14T14:00:00Z,43,0.343556,hgb-v2-train-before-20260201,false
2,2026-02-12T19:00:00Z,2026-02-12T12:00:00Z,2026-02-14T15:00:00Z,44,0.312200,hgb-v2-train-before-20260201,false
2,2026-02-12T19:00:00Z,2026-02-12T12:00:00Z,2026-02-14T16:00:00Z,45,0.174046,hgb-v2-train-before-20260201,false
2,2026-02-12T19:00:00Z,2026-02-12T12:00:00Z,2026-02-14T17:00:00Z,46,0.157343,hgb-v2-train-before-20260201,false
2,2026-02-12T19:00:00Z,2026-02-12T12:00:00Z,2026-02-14T18:00:00Z,47,0.115696,hgb-v2-train-before-20260201,false
2,2026-02-12T19:00:00Z,2026-02-12T12:00:00Z,2026-02-14T19:00:00Z,48,0.033545,hgb-v2-train-before-20260201,false
1,2026-02-13T19:00:00Z,2026-02-13T12:00:00Z,2026-02-13T20:00:00Z,1,0.776681,hgb-v2-train-before-20260201,false
1,2026-02-13T19:00:00Z,2026-02-13T12:00:00Z,2026-02-13T21:00:00Z,2,0.981534,hgb-v2-train-before-20260201,false
1,2026-02-13T19:00:00Z,2026-02-13T12:00:00Z,2026-02-13T22:00:00Z,3,0.874299,hgb-v2-train-before-20260201,false
1,2026-02-13T19:00:00Z,2026-02-13T12:00:00Z,2026-02-13T23:00:00Z,4,0.804311,hgb-v2-train-before-20260201,false
1,2026-02-13T19:00:00Z,2026-02-13T12:00:00Z,2026-02-14T00:00:00Z,5,0.629488,hgb-v2-train-before-20260201,false
1,2026-02-13T19:00:00Z,2026-02-13T12:00:00Z,2026-02-14T01:00:00Z,6,0.417490,hgb-v2-train-before-20260201,false
1,2026-02-13T19:00:00Z,2026-02-13T12:00:00Z,2026-02-14T02:00:00Z,7,0.095744,hgb-v2-train-before-20260201,false
1,2026-02-13T19:00:00Z,2026-02-13T12:00:00Z,2026-02-14T03:00:00Z,8,0.019784,hgb-v2-train-before-20260201,false
1,2026-02-13T19:00:00Z,2026-02-13T12:00:00Z,2026-02-14T04:00:00Z,9,0.012015,hgb-v2-train-before-20260201,false
1,2026-02-13T19:00:00Z,2026-02-13T12:00:00Z,2026-02-14T05:00:00Z,10,0.010091,hgb-v2-train-before-20260201,false
1,2026-02-13T19:00:00Z,2026-02-13T12:00:00Z,2026-02-14T06:00:00Z,11,0.015231,hgb-v2-train-before-20260201,false
1,2026-02-13T19:00:00Z,2026-02-13T12:00:00Z,2026-02-14T07:00:00Z,12,0.010570,hgb-v2-train-before-20260201,false
1,2026-02-13T19:00:00Z,2026-02-13T12:00:00Z,2026-02-14T08:00:00Z,13,0.012703,hgb-v2-train-before-20260201,false
1,2026-02-13T19:00:00Z,2026-02-13T12:00:00Z,2026-02-14T09:00:00Z,14,0.014496,hgb-v2-train-before-20260201,false
1,2026-02-13T19:00:00Z,2026-02-13T12:00:00Z,2026-02-14T10:00:00Z,15,0.016716,hgb-v2-train-before-20260201,false
1,2026-02-13T19:00:00Z,2026-02-13T12:00:00Z,2026-02-14T11:00:00Z,16,0.027835,hgb-v2-train-before-20260201,false
1,2026-02-13T19:00:00Z,2026-02-13T12:00:00Z,2026-02-14T12:00:00Z,17,0.017470,hgb-v2-train-before-20260201,false
1,2026-02-13T19:00:00Z,2026-02-13T12:00:00Z,2026-02-14T13:00:00Z,18,0.013211,hgb-v2-train-before-20260201,false
1,2026-02-13T19:00:00Z,2026-02-13T12:00:00Z,2026-02-14T14:00:00Z,19,0.014830,hgb-v2-train-before-20260201,false
1,2026-02-13T19:00:00Z,2026-02-13T12:00:00Z,2026-02-14T15:00:00Z,20,0.036311,hgb-v2-train-before-20260201,false
1,2026-02-13T19:00:00Z,2026-02-13T12:00:00Z,2026-02-14T16:00:00Z,21,0.063791,hgb-v2-train-before-20260201,false
1,2026-02-13T19:00:00Z,2026-02-13T12:00:00Z,2026-02-14T17:00:00Z,22,0.054665,hgb-v2-train-before-20260201,false
1,2026-02-13T19:00:00Z,2026-02-13T12:00:00Z,2026-02-14T18:00:00Z,23,0.021081,hgb-v2-train-before-20260201,false
1,2026-02-13T19:00:00Z,2026-02-13T12:00:00Z,2026-02-14T19:00:00Z,24,0.012453,hgb-v2-train-before-20260201,false
1,2026-02-13T19:00:00Z,2026-02-13T12:00:00Z,2026-02-14T20:00:00Z,25,0.010476,hgb-v2-train-before-20260201,false
1,2026-02-13T19:00:00Z,2026-02-13T12:00:00Z,2026-02-14T21:00:00Z,26,0.010024,hgb-v2-train-before-20260201,false
1,2026-02-13T19:00:00Z,2026-02-13T12:00:00Z,2026-02-14T22:00:00Z,27,0.010039,hgb-v2-train-before-20260201,false
1,2026-02-13T19:00:00Z,2026-02-13T12:00:00Z,2026-02-14T23:00:00Z,28,0.014072,hgb-v2-train-before-20260201,false
1,2026-02-13T19:00:00Z,2026-02-13T12:00:00Z,2026-02-15T00:00:00Z,29,0.110833,hgb-v2-train-before-20260201,false
1,2026-02-13T19:00:00Z,2026-02-13T12:00:00Z,2026-02-15T01:00:00Z,30,0.142075,hgb-v2-train-before-20260201,false
1,2026-02-13T19:00:00Z,2026-02-13T12:00:00Z,2026-02-15T02:00:00Z,31,0.163487,hgb-v2-train-before-20260201,false
1,2026-02-13T19:00:00Z,2026-02-13T12:00:00Z,2026-02-15T03:00:00Z,32,0.263665,hgb-v2-train-before-20260201,false
1,2026-02-13T19:00:00Z,2026-02-13T12:00:00Z,2026-02-15T04:00:00Z,33,0.338283,hgb-v2-train-before-20260201,false
1,2026-02-13T19:00:00Z,2026-02-13T12:00:00Z,2026-02-15T05:00:00Z,34,0.620954,hgb-v2-train-before-20260201,false
1,2026-02-13T19:00:00Z,2026-02-13T12:00:00Z,2026-02-15T06:00:00Z,35,0.881446,hgb-v2-train-before-20260201,false
1,2026-02-13T19:00:00Z,2026-02-13T12:00:00Z,2026-02-15T07:00:00Z,36,0.958050,hgb-v2-train-before-20260201,false
1,2026-02-13T19:00:00Z,2026-02-13T12:00:00Z,2026-02-15T08:00:00Z,37,0.975267,hgb-v2-train-before-20260201,false
1,2026-02-13T19:00:00Z,2026-02-13T12:00:00Z,2026-02-15T09:00:00Z,38,0.995228,hgb-v2-train-before-20260201,false
1,2026-02-13T19:00:00Z,2026-02-13T12:00:00Z,2026-02-15T10:00:00Z,39,0.973361,hgb-v2-train-before-20260201,false
1,2026-02-13T19:00:00Z,2026-02-13T12:00:00Z,2026-02-15T11:00:00Z,40,0.967050,hgb-v2-train-before-20260201,false
1,2026-02-13T19:00:00Z,2026-02-13T12:00:00Z,2026-02-15T12:00:00Z,41,1.000000,hgb-v2-train-before-20260201,false
1,2026-02-13T19:00:00Z,2026-02-13T12:00:00Z,2026-02-15T13:00:00Z,42,1.000000,hgb-v2-train-before-20260201,false
1,2026-02-13T19:00:00Z,2026-02-13T12:00:00Z,2026-02-15T14:00:00Z,43,1.000000,hgb-v2-train-before-20260201,false
1,2026-02-13T19:00:00Z,2026-02-13T12:00:00Z,2026-02-15T15:00:00Z,44,0.991148,hgb-v2-train-before-20260201,false
1,2026-02-13T19:00:00Z,2026-02-13T12:00:00Z,2026-02-15T16:00:00Z,45,0.943744,hgb-v2-train-before-20260201,false
1,2026-02-13T19:00:00Z,2026-02-13T12:00:00Z,2026-02-15T17:00:00Z,46,0.923672,hgb-v2-train-before-20260201,false
1,2026-02-13T19:00:00Z,2026-02-13T12:00:00Z,2026-02-15T18:00:00Z,47,0.708532,hgb-v2-train-before-20260201,false
1,2026-02-13T19:00:00Z,2026-02-13T12:00:00Z,2026-02-15T19:00:00Z,48,0.662171,hgb-v2-train-before-20260201,false
2,2026-02-13T19:00:00Z,2026-02-13T12:00:00Z,2026-02-13T20:00:00Z,1,0.775447,hgb-v2-train-before-20260201,false
2,2026-02-13T19:00:00Z,2026-02-13T12:00:00Z,2026-02-13T21:00:00Z,2,0.985973,hgb-v2-train-before-20260201,false
2,2026-02-13T19:00:00Z,2026-02-13T12:00:00Z,2026-02-13T22:00:00Z,3,0.875599,hgb-v2-train-before-20260201,false
2,2026-02-13T19:00:00Z,2026-02-13T12:00:00Z,2026-02-13T23:00:00Z,4,0.804333,hgb-v2-train-before-20260201,false
2,2026-02-13T19:00:00Z,2026-02-13T12:00:00Z,2026-02-14T00:00:00Z,5,0.627997,hgb-v2-train-before-20260201,false
2,2026-02-13T19:00:00Z,2026-02-13T12:00:00Z,2026-02-14T01:00:00Z,6,0.413979,hgb-v2-train-before-20260201,false
2,2026-02-13T19:00:00Z,2026-02-13T12:00:00Z,2026-02-14T02:00:00Z,7,0.092451,hgb-v2-train-before-20260201,false
2,2026-02-13T19:00:00Z,2026-02-13T12:00:00Z,2026-02-14T03:00:00Z,8,0.018910,hgb-v2-train-before-20260201,false
2,2026-02-13T19:00:00Z,2026-02-13T12:00:00Z,2026-02-14T04:00:00Z,9,0.011580,hgb-v2-train-before-20260201,false
2,2026-02-13T19:00:00Z,2026-02-13T12:00:00Z,2026-02-14T05:00:00Z,10,0.009851,hgb-v2-train-before-20260201,false
2,2026-02-13T19:00:00Z,2026-02-13T12:00:00Z,2026-02-14T06:00:00Z,11,0.014875,hgb-v2-train-before-20260201,false
2,2026-02-13T19:00:00Z,2026-02-13T12:00:00Z,2026-02-14T07:00:00Z,12,0.010214,hgb-v2-train-before-20260201,false
2,2026-02-13T19:00:00Z,2026-02-13T12:00:00Z,2026-02-14T08:00:00Z,13,0.012347,hgb-v2-train-before-20260201,false
2,2026-02-13T19:00:00Z,2026-02-13T12:00:00Z,2026-02-14T09:00:00Z,14,0.014141,hgb-v2-train-before-20260201,false
2,2026-02-13T19:00:00Z,2026-02-13T12:00:00Z,2026-02-14T10:00:00Z,15,0.016476,hgb-v2-train-before-20260201,false
2,2026-02-13T19:00:00Z,2026-02-13T12:00:00Z,2026-02-14T11:00:00Z,16,0.027479,hgb-v2-train-before-20260201,false
2,2026-02-13T19:00:00Z,2026-02-13T12:00:00Z,2026-02-14T12:00:00Z,17,0.017115,hgb-v2-train-before-20260201,false
2,2026-02-13T19:00:00Z,2026-02-13T12:00:00Z,2026-02-14T13:00:00Z,18,0.013016,hgb-v2-train-before-20260201,false
2,2026-02-13T19:00:00Z,2026-02-13T12:00:00Z,2026-02-14T14:00:00Z,19,0.014519,hgb-v2-train-before-20260201,false
2,2026-02-13T19:00:00Z,2026-02-13T12:00:00Z,2026-02-14T15:00:00Z,20,0.035956,hgb-v2-train-before-20260201,false
2,2026-02-13T19:00:00Z,2026-02-13T12:00:00Z,2026-02-14T16:00:00Z,21,0.063435,hgb-v2-train-before-20260201,false
2,2026-02-13T19:00:00Z,2026-02-13T12:00:00Z,2026-02-14T17:00:00Z,22,0.054309,hgb-v2-train-before-20260201,false
2,2026-02-13T19:00:00Z,2026-02-13T12:00:00Z,2026-02-14T18:00:00Z,23,0.020726,hgb-v2-train-before-20260201,false
2,2026-02-13T19:00:00Z,2026-02-13T12:00:00Z,2026-02-14T19:00:00Z,24,0.012098,hgb-v2-train-before-20260201,false
2,2026-02-13T19:00:00Z,2026-02-13T12:00:00Z,2026-02-14T20:00:00Z,25,0.010164,hgb-v2-train-before-20260201,false
2,2026-02-13T19:00:00Z,2026-02-13T12:00:00Z,2026-02-14T21:00:00Z,26,0.009713,hgb-v2-train-before-20260201,false
2,2026-02-13T19:00:00Z,2026-02-13T12:00:00Z,2026-02-14T22:00:00Z,27,0.009800,hgb-v2-train-before-20260201,false
2,2026-02-13T19:00:00Z,2026-02-13T12:00:00Z,2026-02-14T23:00:00Z,28,0.013677,hgb-v2-train-before-20260201,false
2,2026-02-13T19:00:00Z,2026-02-13T12:00:00Z,2026-02-15T00:00:00Z,29,0.108016,hgb-v2-train-before-20260201,false
2,2026-02-13T19:00:00Z,2026-02-13T12:00:00Z,2026-02-15T01:00:00Z,30,0.139660,hgb-v2-train-before-20260201,false
2,2026-02-13T19:00:00Z,2026-02-13T12:00:00Z,2026-02-15T02:00:00Z,31,0.161043,hgb-v2-train-before-20260201,false
2,2026-02-13T19:00:00Z,2026-02-13T12:00:00Z,2026-02-15T03:00:00Z,32,0.263019,hgb-v2-train-before-20260201,false
2,2026-02-13T19:00:00Z,2026-02-13T12:00:00Z,2026-02-15T04:00:00Z,33,0.337770,hgb-v2-train-before-20260201,false
2,2026-02-13T19:00:00Z,2026-02-13T12:00:00Z,2026-02-15T05:00:00Z,34,0.620872,hgb-v2-train-before-20260201,false
2,2026-02-13T19:00:00Z,2026-02-13T12:00:00Z,2026-02-15T06:00:00Z,35,0.878280,hgb-v2-train-before-20260201,false
2,2026-02-13T19:00:00Z,2026-02-13T12:00:00Z,2026-02-15T07:00:00Z,36,0.953847,hgb-v2-train-before-20260201,false
2,2026-02-13T19:00:00Z,2026-02-13T12:00:00Z,2026-02-15T08:00:00Z,37,0.969437,hgb-v2-train-before-20260201,false
2,2026-02-13T19:00:00Z,2026-02-13T12:00:00Z,2026-02-15T09:00:00Z,38,0.988705,hgb-v2-train-before-20260201,false
2,2026-02-13T19:00:00Z,2026-02-13T12:00:00Z,2026-02-15T10:00:00Z,39,0.980998,hgb-v2-train-before-20260201,false
2,2026-02-13T19:00:00Z,2026-02-13T12:00:00Z,2026-02-15T11:00:00Z,40,0.977172,hgb-v2-train-before-20260201,false
2,2026-02-13T19:00:00Z,2026-02-13T12:00:00Z,2026-02-15T12:00:00Z,41,1.000000,hgb-v2-train-before-20260201,false
2,2026-02-13T19:00:00Z,2026-02-13T12:00:00Z,2026-02-15T13:00:00Z,42,1.000000,hgb-v2-train-before-20260201,false
2,2026-02-13T19:00:00Z,2026-02-13T12:00:00Z,2026-02-15T14:00:00Z,43,1.000000,hgb-v2-train-before-20260201,false
2,2026-02-13T19:00:00Z,2026-02-13T12:00:00Z,2026-02-15T15:00:00Z,44,0.997373,hgb-v2-train-before-20260201,false
2,2026-02-13T19:00:00Z,2026-02-13T12:00:00Z,2026-02-15T16:00:00Z,45,0.949969,hgb-v2-train-before-20260201,false
2,2026-02-13T19:00:00Z,2026-02-13T12:00:00Z,2026-02-15T17:00:00Z,46,0.930169,hgb-v2-train-before-20260201,false
2,2026-02-13T19:00:00Z,2026-02-13T12:00:00Z,2026-02-15T18:00:00Z,47,0.703743,hgb-v2-train-before-20260201,false
2,2026-02-13T19:00:00Z,2026-02-13T12:00:00Z,2026-02-15T19:00:00Z,48,0.658661,hgb-v2-train-before-20260201,false
1,2026-02-14T19:00:00Z,2026-02-14T12:00:00Z,2026-02-14T20:00:00Z,1,0.017620,hgb-v2-train-before-20260201,false
1,2026-02-14T19:00:00Z,2026-02-14T12:00:00Z,2026-02-14T21:00:00Z,2,0.026027,hgb-v2-train-before-20260201,false
1,2026-02-14T19:00:00Z,2026-02-14T12:00:00Z,2026-02-14T22:00:00Z,3,0.012727,hgb-v2-train-before-20260201,false
1,2026-02-14T19:00:00Z,2026-02-14T12:00:00Z,2026-02-14T23:00:00Z,4,0.009013,hgb-v2-train-before-20260201,false
1,2026-02-14T19:00:00Z,2026-02-14T12:00:00Z,2026-02-15T00:00:00Z,5,0.089872,hgb-v2-train-before-20260201,false
1,2026-02-14T19:00:00Z,2026-02-14T12:00:00Z,2026-02-15T01:00:00Z,6,0.211079,hgb-v2-train-before-20260201,false
1,2026-02-14T19:00:00Z,2026-02-14T12:00:00Z,2026-02-15T02:00:00Z,7,0.298469,hgb-v2-train-before-20260201,false
1,2026-02-14T19:00:00Z,2026-02-14T12:00:00Z,2026-02-15T03:00:00Z,8,0.423738,hgb-v2-train-before-20260201,false
1,2026-02-14T19:00:00Z,2026-02-14T12:00:00Z,2026-02-15T04:00:00Z,9,0.560133,hgb-v2-train-before-20260201,false
1,2026-02-14T19:00:00Z,2026-02-14T12:00:00Z,2026-02-15T05:00:00Z,10,0.709902,hgb-v2-train-before-20260201,false
1,2026-02-14T19:00:00Z,2026-02-14T12:00:00Z,2026-02-15T06:00:00Z,11,0.877536,hgb-v2-train-before-20260201,false
1,2026-02-14T19:00:00Z,2026-02-14T12:00:00Z,2026-02-15T07:00:00Z,12,0.959317,hgb-v2-train-before-20260201,false
1,2026-02-14T19:00:00Z,2026-02-14T12:00:00Z,2026-02-15T08:00:00Z,13,0.974838,hgb-v2-train-before-20260201,false
1,2026-02-14T19:00:00Z,2026-02-14T12:00:00Z,2026-02-15T09:00:00Z,14,0.992541,hgb-v2-train-before-20260201,false
1,2026-02-14T19:00:00Z,2026-02-14T12:00:00Z,2026-02-15T10:00:00Z,15,1.000000,hgb-v2-train-before-20260201,false
1,2026-02-14T19:00:00Z,2026-02-14T12:00:00Z,2026-02-15T11:00:00Z,16,0.980758,hgb-v2-train-before-20260201,false
1,2026-02-14T19:00:00Z,2026-02-14T12:00:00Z,2026-02-15T12:00:00Z,17,0.958711,hgb-v2-train-before-20260201,false
1,2026-02-14T19:00:00Z,2026-02-14T12:00:00Z,2026-02-15T13:00:00Z,18,0.933314,hgb-v2-train-before-20260201,false
1,2026-02-14T19:00:00Z,2026-02-14T12:00:00Z,2026-02-15T14:00:00Z,19,0.891608,hgb-v2-train-before-20260201,false
1,2026-02-14T19:00:00Z,2026-02-14T12:00:00Z,2026-02-15T15:00:00Z,20,0.889674,hgb-v2-train-before-20260201,false
1,2026-02-14T19:00:00Z,2026-02-14T12:00:00Z,2026-02-15T16:00:00Z,21,0.849004,hgb-v2-train-before-20260201,false
1,2026-02-14T19:00:00Z,2026-02-14T12:00:00Z,2026-02-15T17:00:00Z,22,0.579247,hgb-v2-train-before-20260201,false
1,2026-02-14T19:00:00Z,2026-02-14T12:00:00Z,2026-02-15T18:00:00Z,23,0.406886,hgb-v2-train-before-20260201,false
1,2026-02-14T19:00:00Z,2026-02-14T12:00:00Z,2026-02-15T19:00:00Z,24,0.392722,hgb-v2-train-before-20260201,false
1,2026-02-14T19:00:00Z,2026-02-14T12:00:00Z,2026-02-15T20:00:00Z,25,0.332099,hgb-v2-train-before-20260201,false
1,2026-02-14T19:00:00Z,2026-02-14T12:00:00Z,2026-02-15T21:00:00Z,26,0.520335,hgb-v2-train-before-20260201,false
1,2026-02-14T19:00:00Z,2026-02-14T12:00:00Z,2026-02-15T22:00:00Z,27,0.590002,hgb-v2-train-before-20260201,false
1,2026-02-14T19:00:00Z,2026-02-14T12:00:00Z,2026-02-15T23:00:00Z,28,0.557108,hgb-v2-train-before-20260201,false
1,2026-02-14T19:00:00Z,2026-02-14T12:00:00Z,2026-02-16T00:00:00Z,29,0.271383,hgb-v2-train-before-20260201,false
1,2026-02-14T19:00:00Z,2026-02-14T12:00:00Z,2026-02-16T01:00:00Z,30,0.308600,hgb-v2-train-before-20260201,false
1,2026-02-14T19:00:00Z,2026-02-14T12:00:00Z,2026-02-16T02:00:00Z,31,0.236755,hgb-v2-train-before-20260201,false
1,2026-02-14T19:00:00Z,2026-02-14T12:00:00Z,2026-02-16T03:00:00Z,32,0.265052,hgb-v2-train-before-20260201,false
1,2026-02-14T19:00:00Z,2026-02-14T12:00:00Z,2026-02-16T04:00:00Z,33,0.573732,hgb-v2-train-before-20260201,false
1,2026-02-14T19:00:00Z,2026-02-14T12:00:00Z,2026-02-16T05:00:00Z,34,0.544438,hgb-v2-train-before-20260201,false
1,2026-02-14T19:00:00Z,2026-02-14T12:00:00Z,2026-02-16T06:00:00Z,35,0.474156,hgb-v2-train-before-20260201,false
1,2026-02-14T19:00:00Z,2026-02-14T12:00:00Z,2026-02-16T07:00:00Z,36,0.564548,hgb-v2-train-before-20260201,false
1,2026-02-14T19:00:00Z,2026-02-14T12:00:00Z,2026-02-16T08:00:00Z,37,0.743590,hgb-v2-train-before-20260201,false
1,2026-02-14T19:00:00Z,2026-02-14T12:00:00Z,2026-02-16T09:00:00Z,38,0.866645,hgb-v2-train-before-20260201,false
1,2026-02-14T19:00:00Z,2026-02-14T12:00:00Z,2026-02-16T10:00:00Z,39,0.770996,hgb-v2-train-before-20260201,false
1,2026-02-14T19:00:00Z,2026-02-14T12:00:00Z,2026-02-16T11:00:00Z,40,0.684896,hgb-v2-train-before-20260201,false
1,2026-02-14T19:00:00Z,2026-02-14T12:00:00Z,2026-02-16T12:00:00Z,41,0.576073,hgb-v2-train-before-20260201,false
1,2026-02-14T19:00:00Z,2026-02-14T12:00:00Z,2026-02-16T13:00:00Z,42,0.359152,hgb-v2-train-before-20260201,false
1,2026-02-14T19:00:00Z,2026-02-14T12:00:00Z,2026-02-16T14:00:00Z,43,0.404928,hgb-v2-train-before-20260201,false
1,2026-02-14T19:00:00Z,2026-02-14T12:00:00Z,2026-02-16T15:00:00Z,44,0.497352,hgb-v2-train-before-20260201,false
1,2026-02-14T19:00:00Z,2026-02-14T12:00:00Z,2026-02-16T16:00:00Z,45,0.637329,hgb-v2-train-before-20260201,false
1,2026-02-14T19:00:00Z,2026-02-14T12:00:00Z,2026-02-16T17:00:00Z,46,0.565468,hgb-v2-train-before-20260201,false
1,2026-02-14T19:00:00Z,2026-02-14T12:00:00Z,2026-02-16T18:00:00Z,47,0.491688,hgb-v2-train-before-20260201,false
1,2026-02-14T19:00:00Z,2026-02-14T12:00:00Z,2026-02-16T19:00:00Z,48,0.426546,hgb-v2-train-before-20260201,false
2,2026-02-14T19:00:00Z,2026-02-14T12:00:00Z,2026-02-14T20:00:00Z,1,0.017185,hgb-v2-train-before-20260201,false
2,2026-02-14T19:00:00Z,2026-02-14T12:00:00Z,2026-02-14T21:00:00Z,2,0.025154,hgb-v2-train-before-20260201,false
2,2026-02-14T19:00:00Z,2026-02-14T12:00:00Z,2026-02-14T22:00:00Z,3,0.012292,hgb-v2-train-before-20260201,false
2,2026-02-14T19:00:00Z,2026-02-14T12:00:00Z,2026-02-14T23:00:00Z,4,0.008549,hgb-v2-train-before-20260201,false
2,2026-02-14T19:00:00Z,2026-02-14T12:00:00Z,2026-02-15T00:00:00Z,5,0.087055,hgb-v2-train-before-20260201,false
2,2026-02-14T19:00:00Z,2026-02-14T12:00:00Z,2026-02-15T01:00:00Z,6,0.208663,hgb-v2-train-before-20260201,false
2,2026-02-14T19:00:00Z,2026-02-14T12:00:00Z,2026-02-15T02:00:00Z,7,0.295175,hgb-v2-train-before-20260201,false
2,2026-02-14T19:00:00Z,2026-02-14T12:00:00Z,2026-02-15T03:00:00Z,8,0.423091,hgb-v2-train-before-20260201,false
2,2026-02-14T19:00:00Z,2026-02-14T12:00:00Z,2026-02-15T04:00:00Z,9,0.561233,hgb-v2-train-before-20260201,false
2,2026-02-14T19:00:00Z,2026-02-14T12:00:00Z,2026-02-15T05:00:00Z,10,0.708970,hgb-v2-train-before-20260201,false
2,2026-02-14T19:00:00Z,2026-02-14T12:00:00Z,2026-02-15T06:00:00Z,11,0.875745,hgb-v2-train-before-20260201,false
2,2026-02-14T19:00:00Z,2026-02-14T12:00:00Z,2026-02-15T07:00:00Z,12,0.955114,hgb-v2-train-before-20260201,false
2,2026-02-14T19:00:00Z,2026-02-14T12:00:00Z,2026-02-15T08:00:00Z,13,0.969234,hgb-v2-train-before-20260201,false
2,2026-02-14T19:00:00Z,2026-02-14T12:00:00Z,2026-02-15T09:00:00Z,14,0.987087,hgb-v2-train-before-20260201,false
2,2026-02-14T19:00:00Z,2026-02-14T12:00:00Z,2026-02-15T10:00:00Z,15,1.000000,hgb-v2-train-before-20260201,false
2,2026-02-14T19:00:00Z,2026-02-14T12:00:00Z,2026-02-15T11:00:00Z,16,0.990881,hgb-v2-train-before-20260201,false
2,2026-02-14T19:00:00Z,2026-02-14T12:00:00Z,2026-02-15T12:00:00Z,17,0.970395,hgb-v2-train-before-20260201,false
2,2026-02-14T19:00:00Z,2026-02-14T12:00:00Z,2026-02-15T13:00:00Z,18,0.948312,hgb-v2-train-before-20260201,false
2,2026-02-14T19:00:00Z,2026-02-14T12:00:00Z,2026-02-15T14:00:00Z,19,0.895046,hgb-v2-train-before-20260201,false
2,2026-02-14T19:00:00Z,2026-02-14T12:00:00Z,2026-02-15T15:00:00Z,20,0.894213,hgb-v2-train-before-20260201,false
2,2026-02-14T19:00:00Z,2026-02-14T12:00:00Z,2026-02-15T16:00:00Z,21,0.844215,hgb-v2-train-before-20260201,false
2,2026-02-14T19:00:00Z,2026-02-14T12:00:00Z,2026-02-15T17:00:00Z,22,0.574458,hgb-v2-train-before-20260201,false
2,2026-02-14T19:00:00Z,2026-02-14T12:00:00Z,2026-02-15T18:00:00Z,23,0.402097,hgb-v2-train-before-20260201,false
2,2026-02-14T19:00:00Z,2026-02-14T12:00:00Z,2026-02-15T19:00:00Z,24,0.389211,hgb-v2-train-before-20260201,false
2,2026-02-14T19:00:00Z,2026-02-14T12:00:00Z,2026-02-15T20:00:00Z,25,0.328589,hgb-v2-train-before-20260201,false
2,2026-02-14T19:00:00Z,2026-02-14T12:00:00Z,2026-02-15T21:00:00Z,26,0.516824,hgb-v2-train-before-20260201,false
2,2026-02-14T19:00:00Z,2026-02-14T12:00:00Z,2026-02-15T22:00:00Z,27,0.586492,hgb-v2-train-before-20260201,false
2,2026-02-14T19:00:00Z,2026-02-14T12:00:00Z,2026-02-15T23:00:00Z,28,0.553598,hgb-v2-train-before-20260201,false
2,2026-02-14T19:00:00Z,2026-02-14T12:00:00Z,2026-02-16T00:00:00Z,29,0.267872,hgb-v2-train-before-20260201,false
2,2026-02-14T19:00:00Z,2026-02-14T12:00:00Z,2026-02-16T01:00:00Z,30,0.303811,hgb-v2-train-before-20260201,false
2,2026-02-14T19:00:00Z,2026-02-14T12:00:00Z,2026-02-16T02:00:00Z,31,0.233245,hgb-v2-train-before-20260201,false
2,2026-02-14T19:00:00Z,2026-02-14T12:00:00Z,2026-02-16T03:00:00Z,32,0.261542,hgb-v2-train-before-20260201,false
2,2026-02-14T19:00:00Z,2026-02-14T12:00:00Z,2026-02-16T04:00:00Z,33,0.573085,hgb-v2-train-before-20260201,false
2,2026-02-14T19:00:00Z,2026-02-14T12:00:00Z,2026-02-16T05:00:00Z,34,0.548603,hgb-v2-train-before-20260201,false
2,2026-02-14T19:00:00Z,2026-02-14T12:00:00Z,2026-02-16T06:00:00Z,35,0.473446,hgb-v2-train-before-20260201,false
2,2026-02-14T19:00:00Z,2026-02-14T12:00:00Z,2026-02-16T07:00:00Z,36,0.571482,hgb-v2-train-before-20260201,false
2,2026-02-14T19:00:00Z,2026-02-14T12:00:00Z,2026-02-16T08:00:00Z,37,0.740360,hgb-v2-train-before-20260201,false
2,2026-02-14T19:00:00Z,2026-02-14T12:00:00Z,2026-02-16T09:00:00Z,38,0.863440,hgb-v2-train-before-20260201,false
2,2026-02-14T19:00:00Z,2026-02-14T12:00:00Z,2026-02-16T10:00:00Z,39,0.769142,hgb-v2-train-before-20260201,false
2,2026-02-14T19:00:00Z,2026-02-14T12:00:00Z,2026-02-16T11:00:00Z,40,0.683797,hgb-v2-train-before-20260201,false
2,2026-02-14T19:00:00Z,2026-02-14T12:00:00Z,2026-02-16T12:00:00Z,41,0.583634,hgb-v2-train-before-20260201,false
2,2026-02-14T19:00:00Z,2026-02-14T12:00:00Z,2026-02-16T13:00:00Z,42,0.364647,hgb-v2-train-before-20260201,false
2,2026-02-14T19:00:00Z,2026-02-14T12:00:00Z,2026-02-16T14:00:00Z,43,0.410422,hgb-v2-train-before-20260201,false
2,2026-02-14T19:00:00Z,2026-02-14T12:00:00Z,2026-02-16T15:00:00Z,44,0.496705,hgb-v2-train-before-20260201,false
2,2026-02-14T19:00:00Z,2026-02-14T12:00:00Z,2026-02-16T16:00:00Z,45,0.636682,hgb-v2-train-before-20260201,false
2,2026-02-14T19:00:00Z,2026-02-14T12:00:00Z,2026-02-16T17:00:00Z,46,0.564821,hgb-v2-train-before-20260201,false
2,2026-02-14T19:00:00Z,2026-02-14T12:00:00Z,2026-02-16T18:00:00Z,47,0.491041,hgb-v2-train-before-20260201,false
2,2026-02-14T19:00:00Z,2026-02-14T12:00:00Z,2026-02-16T19:00:00Z,48,0.425899,hgb-v2-train-before-20260201,false
1,2026-02-15T19:00:00Z,2026-02-15T12:00:00Z,2026-02-15T20:00:00Z,1,0.280529,hgb-v2-train-before-20260201,false
1,2026-02-15T19:00:00Z,2026-02-15T12:00:00Z,2026-02-15T21:00:00Z,2,0.329545,hgb-v2-train-before-20260201,false
1,2026-02-15T19:00:00Z,2026-02-15T12:00:00Z,2026-02-15T22:00:00Z,3,0.409475,hgb-v2-train-before-20260201,false
1,2026-02-15T19:00:00Z,2026-02-15T12:00:00Z,2026-02-15T23:00:00Z,4,0.631349,hgb-v2-train-before-20260201,false
1,2026-02-15T19:00:00Z,2026-02-15T12:00:00Z,2026-02-16T00:00:00Z,5,0.759740,hgb-v2-train-before-20260201,false
1,2026-02-15T19:00:00Z,2026-02-15T12:00:00Z,2026-02-16T01:00:00Z,6,0.567425,hgb-v2-train-before-20260201,false
1,2026-02-15T19:00:00Z,2026-02-15T12:00:00Z,2026-02-16T02:00:00Z,7,0.388563,hgb-v2-train-before-20260201,false
1,2026-02-15T19:00:00Z,2026-02-15T12:00:00Z,2026-02-16T03:00:00Z,8,0.349902,hgb-v2-train-before-20260201,false
1,2026-02-15T19:00:00Z,2026-02-15T12:00:00Z,2026-02-16T04:00:00Z,9,0.462461,hgb-v2-train-before-20260201,false
1,2026-02-15T19:00:00Z,2026-02-15T12:00:00Z,2026-02-16T05:00:00Z,10,0.305362,hgb-v2-train-before-20260201,false
1,2026-02-15T19:00:00Z,2026-02-15T12:00:00Z,2026-02-16T06:00:00Z,11,0.200671,hgb-v2-train-before-20260201,false
1,2026-02-15T19:00:00Z,2026-02-15T12:00:00Z,2026-02-16T07:00:00Z,12,0.162548,hgb-v2-train-before-20260201,false
1,2026-02-15T19:00:00Z,2026-02-15T12:00:00Z,2026-02-16T08:00:00Z,13,0.229660,hgb-v2-train-before-20260201,false
1,2026-02-15T19:00:00Z,2026-02-15T12:00:00Z,2026-02-16T09:00:00Z,14,0.185353,hgb-v2-train-before-20260201,false
1,2026-02-15T19:00:00Z,2026-02-15T12:00:00Z,2026-02-16T10:00:00Z,15,0.322531,hgb-v2-train-before-20260201,false
1,2026-02-15T19:00:00Z,2026-02-15T12:00:00Z,2026-02-16T11:00:00Z,16,0.280062,hgb-v2-train-before-20260201,false
1,2026-02-15T19:00:00Z,2026-02-15T12:00:00Z,2026-02-16T12:00:00Z,17,0.225457,hgb-v2-train-before-20260201,false
1,2026-02-15T19:00:00Z,2026-02-15T12:00:00Z,2026-02-16T13:00:00Z,18,0.312199,hgb-v2-train-before-20260201,false
1,2026-02-15T19:00:00Z,2026-02-15T12:00:00Z,2026-02-16T14:00:00Z,19,0.291629,hgb-v2-train-before-20260201,false
1,2026-02-15T19:00:00Z,2026-02-15T12:00:00Z,2026-02-16T15:00:00Z,20,0.204837,hgb-v2-train-before-20260201,false
1,2026-02-15T19:00:00Z,2026-02-15T12:00:00Z,2026-02-16T16:00:00Z,21,0.280814,hgb-v2-train-before-20260201,false
1,2026-02-15T19:00:00Z,2026-02-15T12:00:00Z,2026-02-16T17:00:00Z,22,0.181718,hgb-v2-train-before-20260201,false
1,2026-02-15T19:00:00Z,2026-02-15T12:00:00Z,2026-02-16T18:00:00Z,23,0.079034,hgb-v2-train-before-20260201,false
1,2026-02-15T19:00:00Z,2026-02-15T12:00:00Z,2026-02-16T19:00:00Z,24,0.072914,hgb-v2-train-before-20260201,false
1,2026-02-15T19:00:00Z,2026-02-15T12:00:00Z,2026-02-16T20:00:00Z,25,0.092002,hgb-v2-train-before-20260201,false
1,2026-02-15T19:00:00Z,2026-02-15T12:00:00Z,2026-02-16T21:00:00Z,26,0.218017,hgb-v2-train-before-20260201,false
1,2026-02-15T19:00:00Z,2026-02-15T12:00:00Z,2026-02-16T22:00:00Z,27,0.316031,hgb-v2-train-before-20260201,false
1,2026-02-15T19:00:00Z,2026-02-15T12:00:00Z,2026-02-16T23:00:00Z,28,0.266982,hgb-v2-train-before-20260201,false
1,2026-02-15T19:00:00Z,2026-02-15T12:00:00Z,2026-02-17T00:00:00Z,29,0.068454,hgb-v2-train-before-20260201,false
1,2026-02-15T19:00:00Z,2026-02-15T12:00:00Z,2026-02-17T01:00:00Z,30,0.022663,hgb-v2-train-before-20260201,false
1,2026-02-15T19:00:00Z,2026-02-15T12:00:00Z,2026-02-17T02:00:00Z,31,0.068608,hgb-v2-train-before-20260201,false
1,2026-02-15T19:00:00Z,2026-02-15T12:00:00Z,2026-02-17T03:00:00Z,32,0.198877,hgb-v2-train-before-20260201,false
1,2026-02-15T19:00:00Z,2026-02-15T12:00:00Z,2026-02-17T04:00:00Z,33,0.122428,hgb-v2-train-before-20260201,false
1,2026-02-15T19:00:00Z,2026-02-15T12:00:00Z,2026-02-17T05:00:00Z,34,0.131452,hgb-v2-train-before-20260201,false
1,2026-02-15T19:00:00Z,2026-02-15T12:00:00Z,2026-02-17T06:00:00Z,35,0.214511,hgb-v2-train-before-20260201,false
1,2026-02-15T19:00:00Z,2026-02-15T12:00:00Z,2026-02-17T07:00:00Z,36,0.224084,hgb-v2-train-before-20260201,false
1,2026-02-15T19:00:00Z,2026-02-15T12:00:00Z,2026-02-17T08:00:00Z,37,0.247813,hgb-v2-train-before-20260201,false
1,2026-02-15T19:00:00Z,2026-02-15T12:00:00Z,2026-02-17T09:00:00Z,38,0.230370,hgb-v2-train-before-20260201,false
1,2026-02-15T19:00:00Z,2026-02-15T12:00:00Z,2026-02-17T10:00:00Z,39,0.211365,hgb-v2-train-before-20260201,false
1,2026-02-15T19:00:00Z,2026-02-15T12:00:00Z,2026-02-17T11:00:00Z,40,0.316707,hgb-v2-train-before-20260201,false
1,2026-02-15T19:00:00Z,2026-02-15T12:00:00Z,2026-02-17T12:00:00Z,41,0.618649,hgb-v2-train-before-20260201,false
1,2026-02-15T19:00:00Z,2026-02-15T12:00:00Z,2026-02-17T13:00:00Z,42,0.746479,hgb-v2-train-before-20260201,false
1,2026-02-15T19:00:00Z,2026-02-15T12:00:00Z,2026-02-17T14:00:00Z,43,0.647737,hgb-v2-train-before-20260201,false
1,2026-02-15T19:00:00Z,2026-02-15T12:00:00Z,2026-02-17T15:00:00Z,44,0.560544,hgb-v2-train-before-20260201,false
1,2026-02-15T19:00:00Z,2026-02-15T12:00:00Z,2026-02-17T16:00:00Z,45,0.553392,hgb-v2-train-before-20260201,false
1,2026-02-15T19:00:00Z,2026-02-15T12:00:00Z,2026-02-17T17:00:00Z,46,0.615658,hgb-v2-train-before-20260201,false
1,2026-02-15T19:00:00Z,2026-02-15T12:00:00Z,2026-02-17T18:00:00Z,47,0.713289,hgb-v2-train-before-20260201,false
1,2026-02-15T19:00:00Z,2026-02-15T12:00:00Z,2026-02-17T19:00:00Z,48,0.828407,hgb-v2-train-before-20260201,false
2,2026-02-15T19:00:00Z,2026-02-15T12:00:00Z,2026-02-15T20:00:00Z,1,0.277018,hgb-v2-train-before-20260201,false
2,2026-02-15T19:00:00Z,2026-02-15T12:00:00Z,2026-02-15T21:00:00Z,2,0.324756,hgb-v2-train-before-20260201,false
2,2026-02-15T19:00:00Z,2026-02-15T12:00:00Z,2026-02-15T22:00:00Z,3,0.405965,hgb-v2-train-before-20260201,false
2,2026-02-15T19:00:00Z,2026-02-15T12:00:00Z,2026-02-15T23:00:00Z,4,0.630702,hgb-v2-train-before-20260201,false
2,2026-02-15T19:00:00Z,2026-02-15T12:00:00Z,2026-02-16T00:00:00Z,5,0.756229,hgb-v2-train-before-20260201,false
2,2026-02-15T19:00:00Z,2026-02-15T12:00:00Z,2026-02-16T01:00:00Z,6,0.563915,hgb-v2-train-before-20260201,false
2,2026-02-15T19:00:00Z,2026-02-15T12:00:00Z,2026-02-16T02:00:00Z,7,0.385052,hgb-v2-train-before-20260201,false
2,2026-02-15T19:00:00Z,2026-02-15T12:00:00Z,2026-02-16T03:00:00Z,8,0.346391,hgb-v2-train-before-20260201,false
2,2026-02-15T19:00:00Z,2026-02-15T12:00:00Z,2026-02-16T04:00:00Z,9,0.462061,hgb-v2-train-before-20260201,false
2,2026-02-15T19:00:00Z,2026-02-15T12:00:00Z,2026-02-16T05:00:00Z,10,0.309527,hgb-v2-train-before-20260201,false
2,2026-02-15T19:00:00Z,2026-02-15T12:00:00Z,2026-02-16T06:00:00Z,11,0.204835,hgb-v2-train-before-20260201,false
2,2026-02-15T19:00:00Z,2026-02-15T12:00:00Z,2026-02-16T07:00:00Z,12,0.173187,hgb-v2-train-before-20260201,false
2,2026-02-15T19:00:00Z,2026-02-15T12:00:00Z,2026-02-16T08:00:00Z,13,0.237901,hgb-v2-train-before-20260201,false
2,2026-02-15T19:00:00Z,2026-02-15T12:00:00Z,2026-02-16T09:00:00Z,14,0.195993,hgb-v2-train-before-20260201,false
2,2026-02-15T19:00:00Z,2026-02-15T12:00:00Z,2026-02-16T10:00:00Z,15,0.326929,hgb-v2-train-before-20260201,false
2,2026-02-15T19:00:00Z,2026-02-15T12:00:00Z,2026-02-16T11:00:00Z,16,0.279667,hgb-v2-train-before-20260201,false
2,2026-02-15T19:00:00Z,2026-02-15T12:00:00Z,2026-02-16T12:00:00Z,17,0.225062,hgb-v2-train-before-20260201,false
2,2026-02-15T19:00:00Z,2026-02-15T12:00:00Z,2026-02-16T13:00:00Z,18,0.317693,hgb-v2-train-before-20260201,false
2,2026-02-15T19:00:00Z,2026-02-15T12:00:00Z,2026-02-16T14:00:00Z,19,0.297123,hgb-v2-train-before-20260201,false
2,2026-02-15T19:00:00Z,2026-02-15T12:00:00Z,2026-02-16T15:00:00Z,20,0.204808,hgb-v2-train-before-20260201,false
2,2026-02-15T19:00:00Z,2026-02-15T12:00:00Z,2026-02-16T16:00:00Z,21,0.280056,hgb-v2-train-before-20260201,false
2,2026-02-15T19:00:00Z,2026-02-15T12:00:00Z,2026-02-16T17:00:00Z,22,0.180959,hgb-v2-train-before-20260201,false
2,2026-02-15T19:00:00Z,2026-02-15T12:00:00Z,2026-02-16T18:00:00Z,23,0.077874,hgb-v2-train-before-20260201,false
2,2026-02-15T19:00:00Z,2026-02-15T12:00:00Z,2026-02-16T19:00:00Z,24,0.071754,hgb-v2-train-before-20260201,false
2,2026-02-15T19:00:00Z,2026-02-15T12:00:00Z,2026-02-16T20:00:00Z,25,0.091571,hgb-v2-train-before-20260201,false
2,2026-02-15T19:00:00Z,2026-02-15T12:00:00Z,2026-02-16T21:00:00Z,26,0.217988,hgb-v2-train-before-20260201,false
2,2026-02-15T19:00:00Z,2026-02-15T12:00:00Z,2026-02-16T22:00:00Z,27,0.315384,hgb-v2-train-before-20260201,false
2,2026-02-15T19:00:00Z,2026-02-15T12:00:00Z,2026-02-16T23:00:00Z,28,0.267064,hgb-v2-train-before-20260201,false
2,2026-02-15T19:00:00Z,2026-02-15T12:00:00Z,2026-02-17T00:00:00Z,29,0.068720,hgb-v2-train-before-20260201,false
2,2026-02-15T19:00:00Z,2026-02-15T12:00:00Z,2026-02-17T01:00:00Z,30,0.022228,hgb-v2-train-before-20260201,false
2,2026-02-15T19:00:00Z,2026-02-15T12:00:00Z,2026-02-17T02:00:00Z,31,0.066491,hgb-v2-train-before-20260201,false
2,2026-02-15T19:00:00Z,2026-02-15T12:00:00Z,2026-02-17T03:00:00Z,32,0.198960,hgb-v2-train-before-20260201,false
2,2026-02-15T19:00:00Z,2026-02-15T12:00:00Z,2026-02-17T04:00:00Z,33,0.121914,hgb-v2-train-before-20260201,false
2,2026-02-15T19:00:00Z,2026-02-15T12:00:00Z,2026-02-17T05:00:00Z,34,0.130959,hgb-v2-train-before-20260201,false
2,2026-02-15T19:00:00Z,2026-02-15T12:00:00Z,2026-02-17T06:00:00Z,35,0.214495,hgb-v2-train-before-20260201,false
2,2026-02-15T19:00:00Z,2026-02-15T12:00:00Z,2026-02-17T07:00:00Z,36,0.223339,hgb-v2-train-before-20260201,false
2,2026-02-15T19:00:00Z,2026-02-15T12:00:00Z,2026-02-17T08:00:00Z,37,0.247337,hgb-v2-train-before-20260201,false
2,2026-02-15T19:00:00Z,2026-02-15T12:00:00Z,2026-02-17T09:00:00Z,38,0.238513,hgb-v2-train-before-20260201,false
2,2026-02-15T19:00:00Z,2026-02-15T12:00:00Z,2026-02-17T10:00:00Z,39,0.218926,hgb-v2-train-before-20260201,false
2,2026-02-15T19:00:00Z,2026-02-15T12:00:00Z,2026-02-17T11:00:00Z,40,0.324268,hgb-v2-train-before-20260201,false
2,2026-02-15T19:00:00Z,2026-02-15T12:00:00Z,2026-02-17T12:00:00Z,41,0.630349,hgb-v2-train-before-20260201,false
2,2026-02-15T19:00:00Z,2026-02-15T12:00:00Z,2026-02-17T13:00:00Z,42,0.751876,hgb-v2-train-before-20260201,false
2,2026-02-15T19:00:00Z,2026-02-15T12:00:00Z,2026-02-17T14:00:00Z,43,0.650809,hgb-v2-train-before-20260201,false
2,2026-02-15T19:00:00Z,2026-02-15T12:00:00Z,2026-02-17T15:00:00Z,44,0.560149,hgb-v2-train-before-20260201,false
2,2026-02-15T19:00:00Z,2026-02-15T12:00:00Z,2026-02-17T16:00:00Z,45,0.552745,hgb-v2-train-before-20260201,false
2,2026-02-15T19:00:00Z,2026-02-15T12:00:00Z,2026-02-17T17:00:00Z,46,0.615011,hgb-v2-train-before-20260201,false
2,2026-02-15T19:00:00Z,2026-02-15T12:00:00Z,2026-02-17T18:00:00Z,47,0.713190,hgb-v2-train-before-20260201,false
2,2026-02-15T19:00:00Z,2026-02-15T12:00:00Z,2026-02-17T19:00:00Z,48,0.828309,hgb-v2-train-before-20260201,false
1,2026-02-16T19:00:00Z,2026-02-16T12:00:00Z,2026-02-16T20:00:00Z,1,0.296792,hgb-v2-train-before-20260201,false
1,2026-02-16T19:00:00Z,2026-02-16T12:00:00Z,2026-02-16T21:00:00Z,2,0.181223,hgb-v2-train-before-20260201,false
1,2026-02-16T19:00:00Z,2026-02-16T12:00:00Z,2026-02-16T22:00:00Z,3,0.095468,hgb-v2-train-before-20260201,false
1,2026-02-16T19:00:00Z,2026-02-16T12:00:00Z,2026-02-16T23:00:00Z,4,0.089720,hgb-v2-train-before-20260201,false
1,2026-02-16T19:00:00Z,2026-02-16T12:00:00Z,2026-02-17T00:00:00Z,5,0.057201,hgb-v2-train-before-20260201,false
1,2026-02-16T19:00:00Z,2026-02-16T12:00:00Z,2026-02-17T01:00:00Z,6,0.042330,hgb-v2-train-before-20260201,false
1,2026-02-16T19:00:00Z,2026-02-16T12:00:00Z,2026-02-17T02:00:00Z,7,0.081439,hgb-v2-train-before-20260201,false
1,2026-02-16T19:00:00Z,2026-02-16T12:00:00Z,2026-02-17T03:00:00Z,8,0.110184,hgb-v2-train-before-20260201,false
1,2026-02-16T19:00:00Z,2026-02-16T12:00:00Z,2026-02-17T04:00:00Z,9,0.032361,hgb-v2-train-before-20260201,false
1,2026-02-16T19:00:00Z,2026-02-16T12:00:00Z,2026-02-17T05:00:00Z,10,0.091324,hgb-v2-train-before-20260201,false
1,2026-02-16T19:00:00Z,2026-02-16T12:00:00Z,2026-02-17T06:00:00Z,11,0.188095,hgb-v2-train-before-20260201,false
1,2026-02-16T19:00:00Z,2026-02-16T12:00:00Z,2026-02-17T07:00:00Z,12,0.223241,hgb-v2-train-before-20260201,false
1,2026-02-16T19:00:00Z,2026-02-16T12:00:00Z,2026-02-17T08:00:00Z,13,0.123937,hgb-v2-train-before-20260201,false
1,2026-02-16T19:00:00Z,2026-02-16T12:00:00Z,2026-02-17T09:00:00Z,14,0.187130,hgb-v2-train-before-20260201,false
1,2026-02-16T19:00:00Z,2026-02-16T12:00:00Z,2026-02-17T10:00:00Z,15,0.212894,hgb-v2-train-before-20260201,false
1,2026-02-16T19:00:00Z,2026-02-16T12:00:00Z,2026-02-17T11:00:00Z,16,0.253869,hgb-v2-train-before-20260201,false
1,2026-02-16T19:00:00Z,2026-02-16T12:00:00Z,2026-02-17T12:00:00Z,17,0.593107,hgb-v2-train-before-20260201,false
1,2026-02-16T19:00:00Z,2026-02-16T12:00:00Z,2026-02-17T13:00:00Z,18,0.557705,hgb-v2-train-before-20260201,false
1,2026-02-16T19:00:00Z,2026-02-16T12:00:00Z,2026-02-17T14:00:00Z,19,0.671049,hgb-v2-train-before-20260201,false
1,2026-02-16T19:00:00Z,2026-02-16T12:00:00Z,2026-02-17T15:00:00Z,20,0.786044,hgb-v2-train-before-20260201,false
1,2026-02-16T19:00:00Z,2026-02-16T12:00:00Z,2026-02-17T16:00:00Z,21,0.820139,hgb-v2-train-before-20260201,false
1,2026-02-16T19:00:00Z,2026-02-16T12:00:00Z,2026-02-17T17:00:00Z,22,0.732548,hgb-v2-train-before-20260201,false
1,2026-02-16T19:00:00Z,2026-02-16T12:00:00Z,2026-02-17T18:00:00Z,23,0.598456,hgb-v2-train-before-20260201,false
1,2026-02-16T19:00:00Z,2026-02-16T12:00:00Z,2026-02-17T19:00:00Z,24,0.679797,hgb-v2-train-before-20260201,false
1,2026-02-16T19:00:00Z,2026-02-16T12:00:00Z,2026-02-17T20:00:00Z,25,0.797276,hgb-v2-train-before-20260201,false
1,2026-02-16T19:00:00Z,2026-02-16T12:00:00Z,2026-02-17T21:00:00Z,26,0.658362,hgb-v2-train-before-20260201,false
1,2026-02-16T19:00:00Z,2026-02-16T12:00:00Z,2026-02-17T22:00:00Z,27,0.872902,hgb-v2-train-before-20260201,false
1,2026-02-16T19:00:00Z,2026-02-16T12:00:00Z,2026-02-17T23:00:00Z,28,0.817226,hgb-v2-train-before-20260201,false
1,2026-02-16T19:00:00Z,2026-02-16T12:00:00Z,2026-02-18T00:00:00Z,29,0.968640,hgb-v2-train-before-20260201,false
1,2026-02-16T19:00:00Z,2026-02-16T12:00:00Z,2026-02-18T01:00:00Z,30,0.939657,hgb-v2-train-before-20260201,false
1,2026-02-16T19:00:00Z,2026-02-16T12:00:00Z,2026-02-18T02:00:00Z,31,0.957072,hgb-v2-train-before-20260201,false
1,2026-02-16T19:00:00Z,2026-02-16T12:00:00Z,2026-02-18T03:00:00Z,32,0.943394,hgb-v2-train-before-20260201,false
1,2026-02-16T19:00:00Z,2026-02-16T12:00:00Z,2026-02-18T04:00:00Z,33,1.000000,hgb-v2-train-before-20260201,false
1,2026-02-16T19:00:00Z,2026-02-16T12:00:00Z,2026-02-18T05:00:00Z,34,0.978778,hgb-v2-train-before-20260201,false
1,2026-02-16T19:00:00Z,2026-02-16T12:00:00Z,2026-02-18T06:00:00Z,35,1.000000,hgb-v2-train-before-20260201,false
1,2026-02-16T19:00:00Z,2026-02-16T12:00:00Z,2026-02-18T07:00:00Z,36,1.000000,hgb-v2-train-before-20260201,false
1,2026-02-16T19:00:00Z,2026-02-16T12:00:00Z,2026-02-18T08:00:00Z,37,0.998216,hgb-v2-train-before-20260201,false
1,2026-02-16T19:00:00Z,2026-02-16T12:00:00Z,2026-02-18T09:00:00Z,38,0.999522,hgb-v2-train-before-20260201,false
1,2026-02-16T19:00:00Z,2026-02-16T12:00:00Z,2026-02-18T10:00:00Z,39,1.000000,hgb-v2-train-before-20260201,false
1,2026-02-16T19:00:00Z,2026-02-16T12:00:00Z,2026-02-18T11:00:00Z,40,0.998500,hgb-v2-train-before-20260201,false
1,2026-02-16T19:00:00Z,2026-02-16T12:00:00Z,2026-02-18T12:00:00Z,41,1.000000,hgb-v2-train-before-20260201,false
1,2026-02-16T19:00:00Z,2026-02-16T12:00:00Z,2026-02-18T13:00:00Z,42,0.862969,hgb-v2-train-before-20260201,false
1,2026-02-16T19:00:00Z,2026-02-16T12:00:00Z,2026-02-18T14:00:00Z,43,0.602983,hgb-v2-train-before-20260201,false
1,2026-02-16T19:00:00Z,2026-02-16T12:00:00Z,2026-02-18T15:00:00Z,44,0.876872,hgb-v2-train-before-20260201,false
1,2026-02-16T19:00:00Z,2026-02-16T12:00:00Z,2026-02-18T16:00:00Z,45,0.882376,hgb-v2-train-before-20260201,false
1,2026-02-16T19:00:00Z,2026-02-16T12:00:00Z,2026-02-18T17:00:00Z,46,0.797926,hgb-v2-train-before-20260201,false
1,2026-02-16T19:00:00Z,2026-02-16T12:00:00Z,2026-02-18T18:00:00Z,47,0.489543,hgb-v2-train-before-20260201,false
1,2026-02-16T19:00:00Z,2026-02-16T12:00:00Z,2026-02-18T19:00:00Z,48,0.373070,hgb-v2-train-before-20260201,false
2,2026-02-16T19:00:00Z,2026-02-16T12:00:00Z,2026-02-16T20:00:00Z,1,0.293281,hgb-v2-train-before-20260201,false
2,2026-02-16T19:00:00Z,2026-02-16T12:00:00Z,2026-02-16T21:00:00Z,2,0.180494,hgb-v2-train-before-20260201,false
2,2026-02-16T19:00:00Z,2026-02-16T12:00:00Z,2026-02-16T22:00:00Z,3,0.092622,hgb-v2-train-before-20260201,false
2,2026-02-16T19:00:00Z,2026-02-16T12:00:00Z,2026-02-16T23:00:00Z,4,0.086874,hgb-v2-train-before-20260201,false
2,2026-02-16T19:00:00Z,2026-02-16T12:00:00Z,2026-02-17T00:00:00Z,5,0.054355,hgb-v2-train-before-20260201,false
2,2026-02-16T19:00:00Z,2026-02-16T12:00:00Z,2026-02-17T01:00:00Z,6,0.039484,hgb-v2-train-before-20260201,false
2,2026-02-16T19:00:00Z,2026-02-16T12:00:00Z,2026-02-17T02:00:00Z,7,0.081045,hgb-v2-train-before-20260201,false
2,2026-02-16T19:00:00Z,2026-02-16T12:00:00Z,2026-02-17T03:00:00Z,8,0.107769,hgb-v2-train-before-20260201,false
2,2026-02-16T19:00:00Z,2026-02-16T12:00:00Z,2026-02-17T04:00:00Z,9,0.032188,hgb-v2-train-before-20260201,false
2,2026-02-16T19:00:00Z,2026-02-16T12:00:00Z,2026-02-17T05:00:00Z,10,0.088782,hgb-v2-train-before-20260201,false
2,2026-02-16T19:00:00Z,2026-02-16T12:00:00Z,2026-02-17T06:00:00Z,11,0.187483,hgb-v2-train-before-20260201,false
2,2026-02-16T19:00:00Z,2026-02-16T12:00:00Z,2026-02-17T07:00:00Z,12,0.222496,hgb-v2-train-before-20260201,false
2,2026-02-16T19:00:00Z,2026-02-16T12:00:00Z,2026-02-17T08:00:00Z,13,0.123193,hgb-v2-train-before-20260201,false
2,2026-02-16T19:00:00Z,2026-02-16T12:00:00Z,2026-02-17T09:00:00Z,14,0.186518,hgb-v2-train-before-20260201,false
2,2026-02-16T19:00:00Z,2026-02-16T12:00:00Z,2026-02-17T10:00:00Z,15,0.212402,hgb-v2-train-before-20260201,false
2,2026-02-16T19:00:00Z,2026-02-16T12:00:00Z,2026-02-17T11:00:00Z,16,0.257272,hgb-v2-train-before-20260201,false
2,2026-02-16T19:00:00Z,2026-02-16T12:00:00Z,2026-02-17T12:00:00Z,17,0.595821,hgb-v2-train-before-20260201,false
2,2026-02-16T19:00:00Z,2026-02-16T12:00:00Z,2026-02-17T13:00:00Z,18,0.563101,hgb-v2-train-before-20260201,false
2,2026-02-16T19:00:00Z,2026-02-16T12:00:00Z,2026-02-17T14:00:00Z,19,0.674121,hgb-v2-train-before-20260201,false
2,2026-02-16T19:00:00Z,2026-02-16T12:00:00Z,2026-02-17T15:00:00Z,20,0.785279,hgb-v2-train-before-20260201,false
2,2026-02-16T19:00:00Z,2026-02-16T12:00:00Z,2026-02-17T16:00:00Z,21,0.819121,hgb-v2-train-before-20260201,false
2,2026-02-16T19:00:00Z,2026-02-16T12:00:00Z,2026-02-17T17:00:00Z,22,0.731804,hgb-v2-train-before-20260201,false
2,2026-02-16T19:00:00Z,2026-02-16T12:00:00Z,2026-02-17T18:00:00Z,23,0.597809,hgb-v2-train-before-20260201,false
2,2026-02-16T19:00:00Z,2026-02-16T12:00:00Z,2026-02-17T19:00:00Z,24,0.683789,hgb-v2-train-before-20260201,false
2,2026-02-16T19:00:00Z,2026-02-16T12:00:00Z,2026-02-17T20:00:00Z,25,0.798924,hgb-v2-train-before-20260201,false
2,2026-02-16T19:00:00Z,2026-02-16T12:00:00Z,2026-02-17T21:00:00Z,26,0.657716,hgb-v2-train-before-20260201,false
2,2026-02-16T19:00:00Z,2026-02-16T12:00:00Z,2026-02-17T22:00:00Z,27,0.872531,hgb-v2-train-before-20260201,false
2,2026-02-16T19:00:00Z,2026-02-16T12:00:00Z,2026-02-17T23:00:00Z,28,0.815735,hgb-v2-train-before-20260201,false
2,2026-02-16T19:00:00Z,2026-02-16T12:00:00Z,2026-02-18T00:00:00Z,29,0.973079,hgb-v2-train-before-20260201,false
2,2026-02-16T19:00:00Z,2026-02-16T12:00:00Z,2026-02-18T01:00:00Z,30,0.944097,hgb-v2-train-before-20260201,false
2,2026-02-16T19:00:00Z,2026-02-16T12:00:00Z,2026-02-18T02:00:00Z,31,0.954664,hgb-v2-train-before-20260201,false
2,2026-02-16T19:00:00Z,2026-02-16T12:00:00Z,2026-02-18T03:00:00Z,32,0.939866,hgb-v2-train-before-20260201,false
2,2026-02-16T19:00:00Z,2026-02-16T12:00:00Z,2026-02-18T04:00:00Z,33,0.999751,hgb-v2-train-before-20260201,false
2,2026-02-16T19:00:00Z,2026-02-16T12:00:00Z,2026-02-18T05:00:00Z,34,0.973885,hgb-v2-train-before-20260201,false
2,2026-02-16T19:00:00Z,2026-02-16T12:00:00Z,2026-02-18T06:00:00Z,35,0.993468,hgb-v2-train-before-20260201,false
2,2026-02-16T19:00:00Z,2026-02-16T12:00:00Z,2026-02-18T07:00:00Z,36,0.992574,hgb-v2-train-before-20260201,false
2,2026-02-16T19:00:00Z,2026-02-16T12:00:00Z,2026-02-18T08:00:00Z,37,0.993376,hgb-v2-train-before-20260201,false
2,2026-02-16T19:00:00Z,2026-02-16T12:00:00Z,2026-02-18T09:00:00Z,38,0.996772,hgb-v2-train-before-20260201,false
2,2026-02-16T19:00:00Z,2026-02-16T12:00:00Z,2026-02-18T10:00:00Z,39,0.996463,hgb-v2-train-before-20260201,false
2,2026-02-16T19:00:00Z,2026-02-16T12:00:00Z,2026-02-18T11:00:00Z,40,0.992142,hgb-v2-train-before-20260201,false
2,2026-02-16T19:00:00Z,2026-02-16T12:00:00Z,2026-02-18T12:00:00Z,41,1.000000,hgb-v2-train-before-20260201,false
2,2026-02-16T19:00:00Z,2026-02-16T12:00:00Z,2026-02-18T13:00:00Z,42,0.878737,hgb-v2-train-before-20260201,false
2,2026-02-16T19:00:00Z,2026-02-16T12:00:00Z,2026-02-18T14:00:00Z,43,0.606694,hgb-v2-train-before-20260201,false
2,2026-02-16T19:00:00Z,2026-02-16T12:00:00Z,2026-02-18T15:00:00Z,44,0.876472,hgb-v2-train-before-20260201,false
2,2026-02-16T19:00:00Z,2026-02-16T12:00:00Z,2026-02-18T16:00:00Z,45,0.881702,hgb-v2-train-before-20260201,false
2,2026-02-16T19:00:00Z,2026-02-16T12:00:00Z,2026-02-18T17:00:00Z,46,0.794416,hgb-v2-train-before-20260201,false
2,2026-02-16T19:00:00Z,2026-02-16T12:00:00Z,2026-02-18T18:00:00Z,47,0.484754,hgb-v2-train-before-20260201,false
2,2026-02-16T19:00:00Z,2026-02-16T12:00:00Z,2026-02-18T19:00:00Z,48,0.368281,hgb-v2-train-before-20260201,false
1,2026-02-17T19:00:00Z,2026-02-17T12:00:00Z,2026-02-17T20:00:00Z,1,0.807441,hgb-v2-train-before-20260201,false
1,2026-02-17T19:00:00Z,2026-02-17T12:00:00Z,2026-02-17T21:00:00Z,2,0.818008,hgb-v2-train-before-20260201,false
1,2026-02-17T19:00:00Z,2026-02-17T12:00:00Z,2026-02-17T22:00:00Z,3,0.868249,hgb-v2-train-before-20260201,false
1,2026-02-17T19:00:00Z,2026-02-17T12:00:00Z,2026-02-17T23:00:00Z,4,0.857598,hgb-v2-train-before-20260201,false
1,2026-02-17T19:00:00Z,2026-02-17T12:00:00Z,2026-02-18T00:00:00Z,5,0.769629,hgb-v2-train-before-20260201,false
1,2026-02-17T19:00:00Z,2026-02-17T12:00:00Z,2026-02-18T01:00:00Z,6,0.462226,hgb-v2-train-before-20260201,false
1,2026-02-17T19:00:00Z,2026-02-17T12:00:00Z,2026-02-18T02:00:00Z,7,0.837376,hgb-v2-train-before-20260201,false
1,2026-02-17T19:00:00Z,2026-02-17T12:00:00Z,2026-02-18T03:00:00Z,8,0.957676,hgb-v2-train-before-20260201,false
1,2026-02-17T19:00:00Z,2026-02-17T12:00:00Z,2026-02-18T04:00:00Z,9,0.738462,hgb-v2-train-before-20260201,false
1,2026-02-17T19:00:00Z,2026-02-17T12:00:00Z,2026-02-18T05:00:00Z,10,0.963891,hgb-v2-train-before-20260201,false
1,2026-02-17T19:00:00Z,2026-02-17T12:00:00Z,2026-02-18T06:00:00Z,11,1.000000,hgb-v2-train-before-20260201,false
1,2026-02-17T19:00:00Z,2026-02-17T12:00:00Z,2026-02-18T07:00:00Z,12,1.000000,hgb-v2-train-before-20260201,false
1,2026-02-17T19:00:00Z,2026-02-17T12:00:00Z,2026-02-18T08:00:00Z,13,1.000000,hgb-v2-train-before-20260201,false
1,2026-02-17T19:00:00Z,2026-02-17T12:00:00Z,2026-02-18T09:00:00Z,14,0.999411,hgb-v2-train-before-20260201,false
1,2026-02-17T19:00:00Z,2026-02-17T12:00:00Z,2026-02-18T10:00:00Z,15,1.000000,hgb-v2-train-before-20260201,false
1,2026-02-17T19:00:00Z,2026-02-17T12:00:00Z,2026-02-18T11:00:00Z,16,0.985453,hgb-v2-train-before-20260201,false
1,2026-02-17T19:00:00Z,2026-02-17T12:00:00Z,2026-02-18T12:00:00Z,17,1.000000,hgb-v2-train-before-20260201,false
1,2026-02-17T19:00:00Z,2026-02-17T12:00:00Z,2026-02-18T13:00:00Z,18,0.817203,hgb-v2-train-before-20260201,false
1,2026-02-17T19:00:00Z,2026-02-17T12:00:00Z,2026-02-18T14:00:00Z,19,0.822811,hgb-v2-train-before-20260201,false
1,2026-02-17T19:00:00Z,2026-02-17T12:00:00Z,2026-02-18T15:00:00Z,20,0.637991,hgb-v2-train-before-20260201,false
1,2026-02-17T19:00:00Z,2026-02-17T12:00:00Z,2026-02-18T16:00:00Z,21,0.636552,hgb-v2-train-before-20260201,false
1,2026-02-17T19:00:00Z,2026-02-17T12:00:00Z,2026-02-18T17:00:00Z,22,0.428814,hgb-v2-train-before-20260201,false
1,2026-02-17T19:00:00Z,2026-02-17T12:00:00Z,2026-02-18T18:00:00Z,23,0.375055,hgb-v2-train-before-20260201,false
1,2026-02-17T19:00:00Z,2026-02-17T12:00:00Z,2026-02-18T19:00:00Z,24,0.328002,hgb-v2-train-before-20260201,false
1,2026-02-17T19:00:00Z,2026-02-17T12:00:00Z,2026-02-18T20:00:00Z,25,0.294498,hgb-v2-train-before-20260201,false
1,2026-02-17T19:00:00Z,2026-02-17T12:00:00Z,2026-02-18T21:00:00Z,26,0.282028,hgb-v2-train-before-20260201,false
1,2026-02-17T19:00:00Z,2026-02-17T12:00:00Z,2026-02-18T22:00:00Z,27,0.289819,hgb-v2-train-before-20260201,false
1,2026-02-17T19:00:00Z,2026-02-17T12:00:00Z,2026-02-18T23:00:00Z,28,0.310240,hgb-v2-train-before-20260201,false
1,2026-02-17T19:00:00Z,2026-02-17T12:00:00Z,2026-02-19T00:00:00Z,29,0.290959,hgb-v2-train-before-20260201,false
1,2026-02-17T19:00:00Z,2026-02-17T12:00:00Z,2026-02-19T01:00:00Z,30,0.237665,hgb-v2-train-before-20260201,false
1,2026-02-17T19:00:00Z,2026-02-17T12:00:00Z,2026-02-19T02:00:00Z,31,0.239437,hgb-v2-train-before-20260201,false
1,2026-02-17T19:00:00Z,2026-02-17T12:00:00Z,2026-02-19T03:00:00Z,32,0.230228,hgb-v2-train-before-20260201,false
1,2026-02-17T19:00:00Z,2026-02-17T12:00:00Z,2026-02-19T04:00:00Z,33,0.352731,hgb-v2-train-before-20260201,false
1,2026-02-17T19:00:00Z,2026-02-17T12:00:00Z,2026-02-19T05:00:00Z,34,0.191952,hgb-v2-train-before-20260201,false
1,2026-02-17T19:00:00Z,2026-02-17T12:00:00Z,2026-02-19T06:00:00Z,35,0.121018,hgb-v2-train-before-20260201,false
1,2026-02-17T19:00:00Z,2026-02-17T12:00:00Z,2026-02-19T07:00:00Z,36,0.187384,hgb-v2-train-before-20260201,false
1,2026-02-17T19:00:00Z,2026-02-17T12:00:00Z,2026-02-19T08:00:00Z,37,0.137922,hgb-v2-train-before-20260201,false
1,2026-02-17T19:00:00Z,2026-02-17T12:00:00Z,2026-02-19T09:00:00Z,38,0.101566,hgb-v2-train-before-20260201,false
1,2026-02-17T19:00:00Z,2026-02-17T12:00:00Z,2026-02-19T10:00:00Z,39,0.073737,hgb-v2-train-before-20260201,false
1,2026-02-17T19:00:00Z,2026-02-17T12:00:00Z,2026-02-19T11:00:00Z,40,0.092441,hgb-v2-train-before-20260201,false
1,2026-02-17T19:00:00Z,2026-02-17T12:00:00Z,2026-02-19T12:00:00Z,41,0.107155,hgb-v2-train-before-20260201,false
1,2026-02-17T19:00:00Z,2026-02-17T12:00:00Z,2026-02-19T13:00:00Z,42,0.053862,hgb-v2-train-before-20260201,false
1,2026-02-17T19:00:00Z,2026-02-17T12:00:00Z,2026-02-19T14:00:00Z,43,0.015572,hgb-v2-train-before-20260201,false
1,2026-02-17T19:00:00Z,2026-02-17T12:00:00Z,2026-02-19T15:00:00Z,44,0.015254,hgb-v2-train-before-20260201,false
1,2026-02-17T19:00:00Z,2026-02-17T12:00:00Z,2026-02-19T16:00:00Z,45,0.060055,hgb-v2-train-before-20260201,false
1,2026-02-17T19:00:00Z,2026-02-17T12:00:00Z,2026-02-19T17:00:00Z,46,0.257497,hgb-v2-train-before-20260201,false
1,2026-02-17T19:00:00Z,2026-02-17T12:00:00Z,2026-02-19T18:00:00Z,47,0.275865,hgb-v2-train-before-20260201,false
1,2026-02-17T19:00:00Z,2026-02-17T12:00:00Z,2026-02-19T19:00:00Z,48,0.154095,hgb-v2-train-before-20260201,false
2,2026-02-17T19:00:00Z,2026-02-17T12:00:00Z,2026-02-17T20:00:00Z,1,0.803931,hgb-v2-train-before-20260201,false
2,2026-02-17T19:00:00Z,2026-02-17T12:00:00Z,2026-02-17T21:00:00Z,2,0.817636,hgb-v2-train-before-20260201,false
2,2026-02-17T19:00:00Z,2026-02-17T12:00:00Z,2026-02-17T22:00:00Z,3,0.870170,hgb-v2-train-before-20260201,false
2,2026-02-17T19:00:00Z,2026-02-17T12:00:00Z,2026-02-17T23:00:00Z,4,0.856107,hgb-v2-train-before-20260201,false
2,2026-02-17T19:00:00Z,2026-02-17T12:00:00Z,2026-02-18T00:00:00Z,5,0.766859,hgb-v2-train-before-20260201,false
2,2026-02-17T19:00:00Z,2026-02-17T12:00:00Z,2026-02-18T01:00:00Z,6,0.457437,hgb-v2-train-before-20260201,false
2,2026-02-17T19:00:00Z,2026-02-17T12:00:00Z,2026-02-18T02:00:00Z,7,0.835885,hgb-v2-train-before-20260201,false
2,2026-02-17T19:00:00Z,2026-02-17T12:00:00Z,2026-02-18T03:00:00Z,8,0.957425,hgb-v2-train-before-20260201,false
2,2026-02-17T19:00:00Z,2026-02-17T12:00:00Z,2026-02-18T04:00:00Z,9,0.742873,hgb-v2-train-before-20260201,false
2,2026-02-17T19:00:00Z,2026-02-17T12:00:00Z,2026-02-18T05:00:00Z,10,0.960908,hgb-v2-train-before-20260201,false
2,2026-02-17T19:00:00Z,2026-02-17T12:00:00Z,2026-02-18T06:00:00Z,11,0.990958,hgb-v2-train-before-20260201,false
2,2026-02-17T19:00:00Z,2026-02-17T12:00:00Z,2026-02-18T07:00:00Z,12,0.990715,hgb-v2-train-before-20260201,false
2,2026-02-17T19:00:00Z,2026-02-17T12:00:00Z,2026-02-18T08:00:00Z,13,0.998303,hgb-v2-train-before-20260201,false
2,2026-02-17T19:00:00Z,2026-02-17T12:00:00Z,2026-02-18T09:00:00Z,14,0.993919,hgb-v2-train-before-20260201,false
2,2026-02-17T19:00:00Z,2026-02-17T12:00:00Z,2026-02-18T10:00:00Z,15,1.000000,hgb-v2-train-before-20260201,false
2,2026-02-17T19:00:00Z,2026-02-17T12:00:00Z,2026-02-18T11:00:00Z,16,0.979791,hgb-v2-train-before-20260201,false
2,2026-02-17T19:00:00Z,2026-02-17T12:00:00Z,2026-02-18T12:00:00Z,17,1.000000,hgb-v2-train-before-20260201,false
2,2026-02-17T19:00:00Z,2026-02-17T12:00:00Z,2026-02-18T13:00:00Z,18,0.839347,hgb-v2-train-before-20260201,false
2,2026-02-17T19:00:00Z,2026-02-17T12:00:00Z,2026-02-18T14:00:00Z,19,0.826522,hgb-v2-train-before-20260201,false
2,2026-02-17T19:00:00Z,2026-02-17T12:00:00Z,2026-02-18T15:00:00Z,20,0.637591,hgb-v2-train-before-20260201,false
2,2026-02-17T19:00:00Z,2026-02-17T12:00:00Z,2026-02-18T16:00:00Z,21,0.635927,hgb-v2-train-before-20260201,false
2,2026-02-17T19:00:00Z,2026-02-17T12:00:00Z,2026-02-18T17:00:00Z,22,0.424025,hgb-v2-train-before-20260201,false
2,2026-02-17T19:00:00Z,2026-02-17T12:00:00Z,2026-02-18T18:00:00Z,23,0.371545,hgb-v2-train-before-20260201,false
2,2026-02-17T19:00:00Z,2026-02-17T12:00:00Z,2026-02-18T19:00:00Z,24,0.323213,hgb-v2-train-before-20260201,false
2,2026-02-17T19:00:00Z,2026-02-17T12:00:00Z,2026-02-18T20:00:00Z,25,0.289709,hgb-v2-train-before-20260201,false
2,2026-02-17T19:00:00Z,2026-02-17T12:00:00Z,2026-02-18T21:00:00Z,26,0.277239,hgb-v2-train-before-20260201,false
2,2026-02-17T19:00:00Z,2026-02-17T12:00:00Z,2026-02-18T22:00:00Z,27,0.285030,hgb-v2-train-before-20260201,false
2,2026-02-17T19:00:00Z,2026-02-17T12:00:00Z,2026-02-18T23:00:00Z,28,0.305451,hgb-v2-train-before-20260201,false
2,2026-02-17T19:00:00Z,2026-02-17T12:00:00Z,2026-02-19T00:00:00Z,29,0.287449,hgb-v2-train-before-20260201,false
2,2026-02-17T19:00:00Z,2026-02-17T12:00:00Z,2026-02-19T01:00:00Z,30,0.234155,hgb-v2-train-before-20260201,false
2,2026-02-17T19:00:00Z,2026-02-17T12:00:00Z,2026-02-19T02:00:00Z,31,0.235815,hgb-v2-train-before-20260201,false
2,2026-02-17T19:00:00Z,2026-02-17T12:00:00Z,2026-02-19T03:00:00Z,32,0.229602,hgb-v2-train-before-20260201,false
2,2026-02-17T19:00:00Z,2026-02-17T12:00:00Z,2026-02-19T04:00:00Z,33,0.352106,hgb-v2-train-before-20260201,false
2,2026-02-17T19:00:00Z,2026-02-17T12:00:00Z,2026-02-19T05:00:00Z,34,0.191552,hgb-v2-train-before-20260201,false
2,2026-02-17T19:00:00Z,2026-02-17T12:00:00Z,2026-02-19T06:00:00Z,35,0.122783,hgb-v2-train-before-20260201,false
2,2026-02-17T19:00:00Z,2026-02-17T12:00:00Z,2026-02-19T07:00:00Z,36,0.199082,hgb-v2-train-before-20260201,false
2,2026-02-17T19:00:00Z,2026-02-17T12:00:00Z,2026-02-19T08:00:00Z,37,0.149628,hgb-v2-train-before-20260201,false
2,2026-02-17T19:00:00Z,2026-02-17T12:00:00Z,2026-02-19T09:00:00Z,38,0.113273,hgb-v2-train-before-20260201,false
2,2026-02-17T19:00:00Z,2026-02-17T12:00:00Z,2026-02-19T10:00:00Z,39,0.074157,hgb-v2-train-before-20260201,false
2,2026-02-17T19:00:00Z,2026-02-17T12:00:00Z,2026-02-19T11:00:00Z,40,0.092861,hgb-v2-train-before-20260201,false
2,2026-02-17T19:00:00Z,2026-02-17T12:00:00Z,2026-02-19T12:00:00Z,41,0.109006,hgb-v2-train-before-20260201,false
2,2026-02-17T19:00:00Z,2026-02-17T12:00:00Z,2026-02-19T13:00:00Z,42,0.055713,hgb-v2-train-before-20260201,false
2,2026-02-17T19:00:00Z,2026-02-17T12:00:00Z,2026-02-19T14:00:00Z,43,0.015217,hgb-v2-train-before-20260201,false
2,2026-02-17T19:00:00Z,2026-02-17T12:00:00Z,2026-02-19T15:00:00Z,44,0.014942,hgb-v2-train-before-20260201,false
2,2026-02-17T19:00:00Z,2026-02-17T12:00:00Z,2026-02-19T16:00:00Z,45,0.059699,hgb-v2-train-before-20260201,false
2,2026-02-17T19:00:00Z,2026-02-17T12:00:00Z,2026-02-19T17:00:00Z,46,0.257141,hgb-v2-train-before-20260201,false
2,2026-02-17T19:00:00Z,2026-02-17T12:00:00Z,2026-02-19T18:00:00Z,47,0.275510,hgb-v2-train-before-20260201,false
2,2026-02-17T19:00:00Z,2026-02-17T12:00:00Z,2026-02-19T19:00:00Z,48,0.153740,hgb-v2-train-before-20260201,false
1,2026-02-18T19:00:00Z,2026-02-18T12:00:00Z,2026-02-18T20:00:00Z,1,0.289281,hgb-v2-train-before-20260201,false
1,2026-02-18T19:00:00Z,2026-02-18T12:00:00Z,2026-02-18T21:00:00Z,2,0.282028,hgb-v2-train-before-20260201,false
1,2026-02-18T19:00:00Z,2026-02-18T12:00:00Z,2026-02-18T22:00:00Z,3,0.302602,hgb-v2-train-before-20260201,false
1,2026-02-18T19:00:00Z,2026-02-18T12:00:00Z,2026-02-18T23:00:00Z,4,0.306035,hgb-v2-train-before-20260201,false
1,2026-02-18T19:00:00Z,2026-02-18T12:00:00Z,2026-02-19T00:00:00Z,5,0.285003,hgb-v2-train-before-20260201,false
1,2026-02-18T19:00:00Z,2026-02-18T12:00:00Z,2026-02-19T01:00:00Z,6,0.221816,hgb-v2-train-before-20260201,false
1,2026-02-18T19:00:00Z,2026-02-18T12:00:00Z,2026-02-19T02:00:00Z,7,0.116683,hgb-v2-train-before-20260201,false
1,2026-02-18T19:00:00Z,2026-02-18T12:00:00Z,2026-02-19T03:00:00Z,8,0.230228,hgb-v2-train-before-20260201,false
1,2026-02-18T19:00:00Z,2026-02-18T12:00:00Z,2026-02-19T04:00:00Z,9,0.192366,hgb-v2-train-before-20260201,false
1,2026-02-18T19:00:00Z,2026-02-18T12:00:00Z,2026-02-19T05:00:00Z,10,0.165862,hgb-v2-train-before-20260201,false
1,2026-02-18T19:00:00Z,2026-02-18T12:00:00Z,2026-02-19T06:00:00Z,11,0.181371,hgb-v2-train-before-20260201,false
1,2026-02-18T19:00:00Z,2026-02-18T12:00:00Z,2026-02-19T07:00:00Z,12,0.173321,hgb-v2-train-before-20260201,false
1,2026-02-18T19:00:00Z,2026-02-18T12:00:00Z,2026-02-19T08:00:00Z,13,0.133230,hgb-v2-train-before-20260201,false
1,2026-02-18T19:00:00Z,2026-02-18T12:00:00Z,2026-02-19T09:00:00Z,14,0.167535,hgb-v2-train-before-20260201,false
1,2026-02-18T19:00:00Z,2026-02-18T12:00:00Z,2026-02-19T10:00:00Z,15,0.140123,hgb-v2-train-before-20260201,false
1,2026-02-18T19:00:00Z,2026-02-18T12:00:00Z,2026-02-19T11:00:00Z,16,0.111443,hgb-v2-train-before-20260201,false
1,2026-02-18T19:00:00Z,2026-02-18T12:00:00Z,2026-02-19T12:00:00Z,17,0.063177,hgb-v2-train-before-20260201,false
1,2026-02-18T19:00:00Z,2026-02-18T12:00:00Z,2026-02-19T13:00:00Z,18,0.022567,hgb-v2-train-before-20260201,false
1,2026-02-18T19:00:00Z,2026-02-18T12:00:00Z,2026-02-19T14:00:00Z,19,0.015297,hgb-v2-train-before-20260201,false
1,2026-02-18T19:00:00Z,2026-02-18T12:00:00Z,2026-02-19T15:00:00Z,20,0.201449,hgb-v2-train-before-20260201,false
1,2026-02-18T19:00:00Z,2026-02-18T12:00:00Z,2026-02-19T16:00:00Z,21,0.249972,hgb-v2-train-before-20260201,false
1,2026-02-18T19:00:00Z,2026-02-18T12:00:00Z,2026-02-19T17:00:00Z,22,0.548641,hgb-v2-train-before-20260201,false
1,2026-02-18T19:00:00Z,2026-02-18T12:00:00Z,2026-02-19T18:00:00Z,23,0.833646,hgb-v2-train-before-20260201,false
1,2026-02-18T19:00:00Z,2026-02-18T12:00:00Z,2026-02-19T19:00:00Z,24,0.754998,hgb-v2-train-before-20260201,false
1,2026-02-18T19:00:00Z,2026-02-18T12:00:00Z,2026-02-19T20:00:00Z,25,0.788136,hgb-v2-train-before-20260201,false
1,2026-02-18T19:00:00Z,2026-02-18T12:00:00Z,2026-02-19T21:00:00Z,26,0.722738,hgb-v2-train-before-20260201,false
1,2026-02-18T19:00:00Z,2026-02-18T12:00:00Z,2026-02-19T22:00:00Z,27,0.699752,hgb-v2-train-before-20260201,false
1,2026-02-18T19:00:00Z,2026-02-18T12:00:00Z,2026-02-19T23:00:00Z,28,0.750020,hgb-v2-train-before-20260201,false
1,2026-02-18T19:00:00Z,2026-02-18T12:00:00Z,2026-02-20T00:00:00Z,29,0.788734,hgb-v2-train-before-20260201,false
1,2026-02-18T19:00:00Z,2026-02-18T12:00:00Z,2026-02-20T01:00:00Z,30,0.812581,hgb-v2-train-before-20260201,false
1,2026-02-18T19:00:00Z,2026-02-18T12:00:00Z,2026-02-20T02:00:00Z,31,0.811993,hgb-v2-train-before-20260201,false
1,2026-02-18T19:00:00Z,2026-02-18T12:00:00Z,2026-02-20T03:00:00Z,32,0.725904,hgb-v2-train-before-20260201,false
1,2026-02-18T19:00:00Z,2026-02-18T12:00:00Z,2026-02-20T04:00:00Z,33,0.323541,hgb-v2-train-before-20260201,false
1,2026-02-18T19:00:00Z,2026-02-18T12:00:00Z,2026-02-20T05:00:00Z,34,0.181709,hgb-v2-train-before-20260201,false
1,2026-02-18T19:00:00Z,2026-02-18T12:00:00Z,2026-02-20T06:00:00Z,35,0.156125,hgb-v2-train-before-20260201,false
1,2026-02-18T19:00:00Z,2026-02-18T12:00:00Z,2026-02-20T07:00:00Z,36,0.074029,hgb-v2-train-before-20260201,false
1,2026-02-18T19:00:00Z,2026-02-18T12:00:00Z,2026-02-20T08:00:00Z,37,0.050275,hgb-v2-train-before-20260201,false
1,2026-02-18T19:00:00Z,2026-02-18T12:00:00Z,2026-02-20T09:00:00Z,38,0.021276,hgb-v2-train-before-20260201,false
1,2026-02-18T19:00:00Z,2026-02-18T12:00:00Z,2026-02-20T10:00:00Z,39,0.010309,hgb-v2-train-before-20260201,false
1,2026-02-18T19:00:00Z,2026-02-18T12:00:00Z,2026-02-20T11:00:00Z,40,0.010906,hgb-v2-train-before-20260201,false
1,2026-02-18T19:00:00Z,2026-02-18T12:00:00Z,2026-02-20T12:00:00Z,41,0.033281,hgb-v2-train-before-20260201,false
1,2026-02-18T19:00:00Z,2026-02-18T12:00:00Z,2026-02-20T13:00:00Z,42,0.613026,hgb-v2-train-before-20260201,false
1,2026-02-18T19:00:00Z,2026-02-18T12:00:00Z,2026-02-20T14:00:00Z,43,0.751729,hgb-v2-train-before-20260201,false
1,2026-02-18T19:00:00Z,2026-02-18T12:00:00Z,2026-02-20T15:00:00Z,44,0.751990,hgb-v2-train-before-20260201,false
1,2026-02-18T19:00:00Z,2026-02-18T12:00:00Z,2026-02-20T16:00:00Z,45,0.790716,hgb-v2-train-before-20260201,false
1,2026-02-18T19:00:00Z,2026-02-18T12:00:00Z,2026-02-20T17:00:00Z,46,0.829002,hgb-v2-train-before-20260201,false
1,2026-02-18T19:00:00Z,2026-02-18T12:00:00Z,2026-02-20T18:00:00Z,47,0.846716,hgb-v2-train-before-20260201,false
1,2026-02-18T19:00:00Z,2026-02-18T12:00:00Z,2026-02-20T19:00:00Z,48,0.842973,hgb-v2-train-before-20260201,false
2,2026-02-18T19:00:00Z,2026-02-18T12:00:00Z,2026-02-18T20:00:00Z,1,0.284492,hgb-v2-train-before-20260201,false
2,2026-02-18T19:00:00Z,2026-02-18T12:00:00Z,2026-02-18T21:00:00Z,2,0.277239,hgb-v2-train-before-20260201,false
2,2026-02-18T19:00:00Z,2026-02-18T12:00:00Z,2026-02-18T22:00:00Z,3,0.297813,hgb-v2-train-before-20260201,false
2,2026-02-18T19:00:00Z,2026-02-18T12:00:00Z,2026-02-18T23:00:00Z,4,0.302524,hgb-v2-train-before-20260201,false
2,2026-02-18T19:00:00Z,2026-02-18T12:00:00Z,2026-02-19T00:00:00Z,5,0.281493,hgb-v2-train-before-20260201,false
2,2026-02-18T19:00:00Z,2026-02-18T12:00:00Z,2026-02-19T01:00:00Z,6,0.218194,hgb-v2-train-before-20260201,false
2,2026-02-18T19:00:00Z,2026-02-18T12:00:00Z,2026-02-19T02:00:00Z,7,0.115953,hgb-v2-train-before-20260201,false
2,2026-02-18T19:00:00Z,2026-02-18T12:00:00Z,2026-02-19T03:00:00Z,8,0.229602,hgb-v2-train-before-20260201,false
2,2026-02-18T19:00:00Z,2026-02-18T12:00:00Z,2026-02-19T04:00:00Z,9,0.191740,hgb-v2-train-before-20260201,false
2,2026-02-18T19:00:00Z,2026-02-18T12:00:00Z,2026-02-19T05:00:00Z,10,0.170273,hgb-v2-train-before-20260201,false
2,2026-02-18T19:00:00Z,2026-02-18T12:00:00Z,2026-02-19T06:00:00Z,11,0.185535,hgb-v2-train-before-20260201,false
2,2026-02-18T19:00:00Z,2026-02-18T12:00:00Z,2026-02-19T07:00:00Z,12,0.185027,hgb-v2-train-before-20260201,false
2,2026-02-18T19:00:00Z,2026-02-18T12:00:00Z,2026-02-19T08:00:00Z,13,0.144936,hgb-v2-train-before-20260201,false
2,2026-02-18T19:00:00Z,2026-02-18T12:00:00Z,2026-02-19T09:00:00Z,14,0.179241,hgb-v2-train-before-20260201,false
2,2026-02-18T19:00:00Z,2026-02-18T12:00:00Z,2026-02-19T10:00:00Z,15,0.151829,hgb-v2-train-before-20260201,false
2,2026-02-18T19:00:00Z,2026-02-18T12:00:00Z,2026-02-19T11:00:00Z,16,0.111863,hgb-v2-train-before-20260201,false
2,2026-02-18T19:00:00Z,2026-02-18T12:00:00Z,2026-02-19T12:00:00Z,17,0.065027,hgb-v2-train-before-20260201,false
2,2026-02-18T19:00:00Z,2026-02-18T12:00:00Z,2026-02-19T13:00:00Z,18,0.024417,hgb-v2-train-before-20260201,false
2,2026-02-18T19:00:00Z,2026-02-18T12:00:00Z,2026-02-19T14:00:00Z,19,0.014941,hgb-v2-train-before-20260201,false
2,2026-02-18T19:00:00Z,2026-02-18T12:00:00Z,2026-02-19T15:00:00Z,20,0.201093,hgb-v2-train-before-20260201,false
2,2026-02-18T19:00:00Z,2026-02-18T12:00:00Z,2026-02-19T16:00:00Z,21,0.249616,hgb-v2-train-before-20260201,false
2,2026-02-18T19:00:00Z,2026-02-18T12:00:00Z,2026-02-19T17:00:00Z,22,0.548285,hgb-v2-train-before-20260201,false
2,2026-02-18T19:00:00Z,2026-02-18T12:00:00Z,2026-02-19T18:00:00Z,23,0.832976,hgb-v2-train-before-20260201,false
2,2026-02-18T19:00:00Z,2026-02-18T12:00:00Z,2026-02-19T19:00:00Z,24,0.764227,hgb-v2-train-before-20260201,false
2,2026-02-18T19:00:00Z,2026-02-18T12:00:00Z,2026-02-19T20:00:00Z,25,0.791999,hgb-v2-train-before-20260201,false
2,2026-02-18T19:00:00Z,2026-02-18T12:00:00Z,2026-02-19T21:00:00Z,26,0.726601,hgb-v2-train-before-20260201,false
2,2026-02-18T19:00:00Z,2026-02-18T12:00:00Z,2026-02-19T22:00:00Z,27,0.703615,hgb-v2-train-before-20260201,false
2,2026-02-18T19:00:00Z,2026-02-18T12:00:00Z,2026-02-19T23:00:00Z,28,0.759249,hgb-v2-train-before-20260201,false
2,2026-02-18T19:00:00Z,2026-02-18T12:00:00Z,2026-02-20T00:00:00Z,29,0.797963,hgb-v2-train-before-20260201,false
2,2026-02-18T19:00:00Z,2026-02-18T12:00:00Z,2026-02-20T01:00:00Z,30,0.818448,hgb-v2-train-before-20260201,false
2,2026-02-18T19:00:00Z,2026-02-18T12:00:00Z,2026-02-20T02:00:00Z,31,0.815861,hgb-v2-train-before-20260201,false
2,2026-02-18T19:00:00Z,2026-02-18T12:00:00Z,2026-02-20T03:00:00Z,32,0.729772,hgb-v2-train-before-20260201,false
2,2026-02-18T19:00:00Z,2026-02-18T12:00:00Z,2026-02-20T04:00:00Z,33,0.327310,hgb-v2-train-before-20260201,false
2,2026-02-18T19:00:00Z,2026-02-18T12:00:00Z,2026-02-20T05:00:00Z,34,0.185577,hgb-v2-train-before-20260201,false
2,2026-02-18T19:00:00Z,2026-02-18T12:00:00Z,2026-02-20T06:00:00Z,35,0.159993,hgb-v2-train-before-20260201,false
2,2026-02-18T19:00:00Z,2026-02-18T12:00:00Z,2026-02-20T07:00:00Z,36,0.078032,hgb-v2-train-before-20260201,false
2,2026-02-18T19:00:00Z,2026-02-18T12:00:00Z,2026-02-20T08:00:00Z,37,0.054274,hgb-v2-train-before-20260201,false
2,2026-02-18T19:00:00Z,2026-02-18T12:00:00Z,2026-02-20T09:00:00Z,38,0.021055,hgb-v2-train-before-20260201,false
2,2026-02-18T19:00:00Z,2026-02-18T12:00:00Z,2026-02-20T10:00:00Z,39,0.010089,hgb-v2-train-before-20260201,false
2,2026-02-18T19:00:00Z,2026-02-18T12:00:00Z,2026-02-20T11:00:00Z,40,0.010737,hgb-v2-train-before-20260201,false
2,2026-02-18T19:00:00Z,2026-02-18T12:00:00Z,2026-02-20T12:00:00Z,41,0.032976,hgb-v2-train-before-20260201,false
2,2026-02-18T19:00:00Z,2026-02-18T12:00:00Z,2026-02-20T13:00:00Z,42,0.612566,hgb-v2-train-before-20260201,false
2,2026-02-18T19:00:00Z,2026-02-18T12:00:00Z,2026-02-20T14:00:00Z,43,0.751227,hgb-v2-train-before-20260201,false
2,2026-02-18T19:00:00Z,2026-02-18T12:00:00Z,2026-02-20T15:00:00Z,44,0.751070,hgb-v2-train-before-20260201,false
2,2026-02-18T19:00:00Z,2026-02-18T12:00:00Z,2026-02-20T16:00:00Z,45,0.794708,hgb-v2-train-before-20260201,false
2,2026-02-18T19:00:00Z,2026-02-18T12:00:00Z,2026-02-20T17:00:00Z,46,0.833240,hgb-v2-train-before-20260201,false
2,2026-02-18T19:00:00Z,2026-02-18T12:00:00Z,2026-02-20T18:00:00Z,47,0.850954,hgb-v2-train-before-20260201,false
2,2026-02-18T19:00:00Z,2026-02-18T12:00:00Z,2026-02-20T19:00:00Z,48,0.840302,hgb-v2-train-before-20260201,false
1,2026-02-19T19:00:00Z,2026-02-19T12:00:00Z,2026-02-19T20:00:00Z,1,0.518068,hgb-v2-train-before-20260201,false
1,2026-02-19T19:00:00Z,2026-02-19T12:00:00Z,2026-02-19T21:00:00Z,2,0.752826,hgb-v2-train-before-20260201,false
1,2026-02-19T19:00:00Z,2026-02-19T12:00:00Z,2026-02-19T22:00:00Z,3,0.728560,hgb-v2-train-before-20260201,false
1,2026-02-19T19:00:00Z,2026-02-19T12:00:00Z,2026-02-19T23:00:00Z,4,0.735482,hgb-v2-train-before-20260201,false
1,2026-02-19T19:00:00Z,2026-02-19T12:00:00Z,2026-02-20T00:00:00Z,5,0.731002,hgb-v2-train-before-20260201,false
1,2026-02-19T19:00:00Z,2026-02-19T12:00:00Z,2026-02-20T01:00:00Z,6,0.639844,hgb-v2-train-before-20260201,false
1,2026-02-19T19:00:00Z,2026-02-19T12:00:00Z,2026-02-20T02:00:00Z,7,0.618354,hgb-v2-train-before-20260201,false
1,2026-02-19T19:00:00Z,2026-02-19T12:00:00Z,2026-02-20T03:00:00Z,8,0.634984,hgb-v2-train-before-20260201,false
1,2026-02-19T19:00:00Z,2026-02-19T12:00:00Z,2026-02-20T04:00:00Z,9,0.375307,hgb-v2-train-before-20260201,false
1,2026-02-19T19:00:00Z,2026-02-19T12:00:00Z,2026-02-20T05:00:00Z,10,0.296628,hgb-v2-train-before-20260201,false
1,2026-02-19T19:00:00Z,2026-02-19T12:00:00Z,2026-02-20T06:00:00Z,11,0.293556,hgb-v2-train-before-20260201,false
1,2026-02-19T19:00:00Z,2026-02-19T12:00:00Z,2026-02-20T07:00:00Z,12,0.177168,hgb-v2-train-before-20260201,false
1,2026-02-19T19:00:00Z,2026-02-19T12:00:00Z,2026-02-20T08:00:00Z,13,0.151125,hgb-v2-train-before-20260201,false
1,2026-02-19T19:00:00Z,2026-02-19T12:00:00Z,2026-02-20T09:00:00Z,14,0.074096,hgb-v2-train-before-20260201,false
1,2026-02-19T19:00:00Z,2026-02-19T12:00:00Z,2026-02-20T10:00:00Z,15,0.050959,hgb-v2-train-before-20260201,false
1,2026-02-19T19:00:00Z,2026-02-19T12:00:00Z,2026-02-20T11:00:00Z,16,0.021757,hgb-v2-train-before-20260201,false
1,2026-02-19T19:00:00Z,2026-02-19T12:00:00Z,2026-02-20T12:00:00Z,17,0.014615,hgb-v2-train-before-20260201,false
1,2026-02-19T19:00:00Z,2026-02-19T12:00:00Z,2026-02-20T13:00:00Z,18,0.010030,hgb-v2-train-before-20260201,false
1,2026-02-19T19:00:00Z,2026-02-19T12:00:00Z,2026-02-20T14:00:00Z,19,0.078869,hgb-v2-train-before-20260201,false
1,2026-02-19T19:00:00Z,2026-02-19T12:00:00Z,2026-02-20T15:00:00Z,20,0.384616,hgb-v2-train-before-20260201,false
1,2026-02-19T19:00:00Z,2026-02-19T12:00:00Z,2026-02-20T16:00:00Z,21,0.517511,hgb-v2-train-before-20260201,false
1,2026-02-19T19:00:00Z,2026-02-19T12:00:00Z,2026-02-20T17:00:00Z,22,0.689319,hgb-v2-train-before-20260201,false
1,2026-02-19T19:00:00Z,2026-02-19T12:00:00Z,2026-02-20T18:00:00Z,23,0.775892,hgb-v2-train-before-20260201,false
1,2026-02-19T19:00:00Z,2026-02-19T12:00:00Z,2026-02-20T19:00:00Z,24,0.734194,hgb-v2-train-before-20260201,false
1,2026-02-19T19:00:00Z,2026-02-19T12:00:00Z,2026-02-20T20:00:00Z,25,0.917673,hgb-v2-train-before-20260201,false
1,2026-02-19T19:00:00Z,2026-02-19T12:00:00Z,2026-02-20T21:00:00Z,26,0.913180,hgb-v2-train-before-20260201,false
1,2026-02-19T19:00:00Z,2026-02-19T12:00:00Z,2026-02-20T22:00:00Z,27,0.773993,hgb-v2-train-before-20260201,false
1,2026-02-19T19:00:00Z,2026-02-19T12:00:00Z,2026-02-20T23:00:00Z,28,0.467138,hgb-v2-train-before-20260201,false
1,2026-02-19T19:00:00Z,2026-02-19T12:00:00Z,2026-02-21T00:00:00Z,29,0.261068,hgb-v2-train-before-20260201,false
1,2026-02-19T19:00:00Z,2026-02-19T12:00:00Z,2026-02-21T01:00:00Z,30,0.245695,hgb-v2-train-before-20260201,false
1,2026-02-19T19:00:00Z,2026-02-19T12:00:00Z,2026-02-21T02:00:00Z,31,0.109545,hgb-v2-train-before-20260201,false
1,2026-02-19T19:00:00Z,2026-02-19T12:00:00Z,2026-02-21T03:00:00Z,32,0.014283,hgb-v2-train-before-20260201,false
1,2026-02-19T19:00:00Z,2026-02-19T12:00:00Z,2026-02-21T04:00:00Z,33,0.012239,hgb-v2-train-before-20260201,false
1,2026-02-19T19:00:00Z,2026-02-19T12:00:00Z,2026-02-21T05:00:00Z,34,0.342993,hgb-v2-train-before-20260201,false
1,2026-02-19T19:00:00Z,2026-02-19T12:00:00Z,2026-02-21T06:00:00Z,35,0.989396,hgb-v2-train-before-20260201,false
1,2026-02-19T19:00:00Z,2026-02-19T12:00:00Z,2026-02-21T07:00:00Z,36,0.990197,hgb-v2-train-before-20260201,false
1,2026-02-19T19:00:00Z,2026-02-19T12:00:00Z,2026-02-21T08:00:00Z,37,0.990116,hgb-v2-train-before-20260201,false
1,2026-02-19T19:00:00Z,2026-02-19T12:00:00Z,2026-02-21T09:00:00Z,38,0.963745,hgb-v2-train-before-20260201,false
1,2026-02-19T19:00:00Z,2026-02-19T12:00:00Z,2026-02-21T10:00:00Z,39,0.792510,hgb-v2-train-before-20260201,false
1,2026-02-19T19:00:00Z,2026-02-19T12:00:00Z,2026-02-21T11:00:00Z,40,0.257951,hgb-v2-train-before-20260201,false
1,2026-02-19T19:00:00Z,2026-02-19T12:00:00Z,2026-02-21T12:00:00Z,41,0.222577,hgb-v2-train-before-20260201,false
1,2026-02-19T19:00:00Z,2026-02-19T12:00:00Z,2026-02-21T13:00:00Z,42,0.184103,hgb-v2-train-before-20260201,false
1,2026-02-19T19:00:00Z,2026-02-19T12:00:00Z,2026-02-21T14:00:00Z,43,0.533436,hgb-v2-train-before-20260201,false
1,2026-02-19T19:00:00Z,2026-02-19T12:00:00Z,2026-02-21T15:00:00Z,44,0.597567,hgb-v2-train-before-20260201,false
1,2026-02-19T19:00:00Z,2026-02-19T12:00:00Z,2026-02-21T16:00:00Z,45,0.708408,hgb-v2-train-before-20260201,false
1,2026-02-19T19:00:00Z,2026-02-19T12:00:00Z,2026-02-21T17:00:00Z,46,0.857905,hgb-v2-train-before-20260201,false
1,2026-02-19T19:00:00Z,2026-02-19T12:00:00Z,2026-02-21T18:00:00Z,47,0.879168,hgb-v2-train-before-20260201,false
1,2026-02-19T19:00:00Z,2026-02-19T12:00:00Z,2026-02-21T19:00:00Z,48,0.791859,hgb-v2-train-before-20260201,false
2,2026-02-19T19:00:00Z,2026-02-19T12:00:00Z,2026-02-19T20:00:00Z,1,0.517713,hgb-v2-train-before-20260201,false
2,2026-02-19T19:00:00Z,2026-02-19T12:00:00Z,2026-02-19T21:00:00Z,2,0.756690,hgb-v2-train-before-20260201,false
2,2026-02-19T19:00:00Z,2026-02-19T12:00:00Z,2026-02-19T22:00:00Z,3,0.732423,hgb-v2-train-before-20260201,false
2,2026-02-19T19:00:00Z,2026-02-19T12:00:00Z,2026-02-19T23:00:00Z,4,0.735126,hgb-v2-train-before-20260201,false
2,2026-02-19T19:00:00Z,2026-02-19T12:00:00Z,2026-02-20T00:00:00Z,5,0.734865,hgb-v2-train-before-20260201,false
2,2026-02-19T19:00:00Z,2026-02-19T12:00:00Z,2026-02-20T01:00:00Z,6,0.639488,hgb-v2-train-before-20260201,false
2,2026-02-19T19:00:00Z,2026-02-19T12:00:00Z,2026-02-20T02:00:00Z,7,0.617998,hgb-v2-train-before-20260201,false
2,2026-02-19T19:00:00Z,2026-02-19T12:00:00Z,2026-02-20T03:00:00Z,8,0.638852,hgb-v2-train-before-20260201,false
2,2026-02-19T19:00:00Z,2026-02-19T12:00:00Z,2026-02-20T04:00:00Z,9,0.379076,hgb-v2-train-before-20260201,false
2,2026-02-19T19:00:00Z,2026-02-19T12:00:00Z,2026-02-20T05:00:00Z,10,0.300397,hgb-v2-train-before-20260201,false
2,2026-02-19T19:00:00Z,2026-02-19T12:00:00Z,2026-02-20T06:00:00Z,11,0.297423,hgb-v2-train-before-20260201,false
2,2026-02-19T19:00:00Z,2026-02-19T12:00:00Z,2026-02-20T07:00:00Z,12,0.181035,hgb-v2-train-before-20260201,false
2,2026-02-19T19:00:00Z,2026-02-19T12:00:00Z,2026-02-20T08:00:00Z,13,0.155128,hgb-v2-train-before-20260201,false
2,2026-02-19T19:00:00Z,2026-02-19T12:00:00Z,2026-02-20T09:00:00Z,14,0.073973,hgb-v2-train-before-20260201,false
2,2026-02-19T19:00:00Z,2026-02-19T12:00:00Z,2026-02-20T10:00:00Z,15,0.050738,hgb-v2-train-before-20260201,false
2,2026-02-19T19:00:00Z,2026-02-19T12:00:00Z,2026-02-20T11:00:00Z,16,0.021536,hgb-v2-train-before-20260201,false
2,2026-02-19T19:00:00Z,2026-02-19T12:00:00Z,2026-02-20T12:00:00Z,17,0.014311,hgb-v2-train-before-20260201,false
2,2026-02-19T19:00:00Z,2026-02-19T12:00:00Z,2026-02-20T13:00:00Z,18,0.009725,hgb-v2-train-before-20260201,false
2,2026-02-19T19:00:00Z,2026-02-19T12:00:00Z,2026-02-20T14:00:00Z,19,0.078409,hgb-v2-train-before-20260201,false
2,2026-02-19T19:00:00Z,2026-02-19T12:00:00Z,2026-02-20T15:00:00Z,20,0.384156,hgb-v2-train-before-20260201,false
2,2026-02-19T19:00:00Z,2026-02-19T12:00:00Z,2026-02-20T16:00:00Z,21,0.516865,hgb-v2-train-before-20260201,false
2,2026-02-19T19:00:00Z,2026-02-19T12:00:00Z,2026-02-20T17:00:00Z,22,0.688400,hgb-v2-train-before-20260201,false
2,2026-02-19T19:00:00Z,2026-02-19T12:00:00Z,2026-02-20T18:00:00Z,23,0.774658,hgb-v2-train-before-20260201,false
2,2026-02-19T19:00:00Z,2026-02-19T12:00:00Z,2026-02-20T19:00:00Z,24,0.725174,hgb-v2-train-before-20260201,false
2,2026-02-19T19:00:00Z,2026-02-19T12:00:00Z,2026-02-20T20:00:00Z,25,0.907781,hgb-v2-train-before-20260201,false
2,2026-02-19T19:00:00Z,2026-02-19T12:00:00Z,2026-02-20T21:00:00Z,26,0.910135,hgb-v2-train-before-20260201,false
2,2026-02-19T19:00:00Z,2026-02-19T12:00:00Z,2026-02-20T22:00:00Z,27,0.766410,hgb-v2-train-before-20260201,false
2,2026-02-19T19:00:00Z,2026-02-19T12:00:00Z,2026-02-20T23:00:00Z,28,0.459555,hgb-v2-train-before-20260201,false
2,2026-02-19T19:00:00Z,2026-02-19T12:00:00Z,2026-02-21T00:00:00Z,29,0.253259,hgb-v2-train-before-20260201,false
2,2026-02-19T19:00:00Z,2026-02-19T12:00:00Z,2026-02-21T01:00:00Z,30,0.237886,hgb-v2-train-before-20260201,false
2,2026-02-19T19:00:00Z,2026-02-19T12:00:00Z,2026-02-21T02:00:00Z,31,0.101625,hgb-v2-train-before-20260201,false
2,2026-02-19T19:00:00Z,2026-02-19T12:00:00Z,2026-02-21T03:00:00Z,32,0.014110,hgb-v2-train-before-20260201,false
2,2026-02-19T19:00:00Z,2026-02-19T12:00:00Z,2026-02-21T04:00:00Z,33,0.012066,hgb-v2-train-before-20260201,false
2,2026-02-19T19:00:00Z,2026-02-19T12:00:00Z,2026-02-21T05:00:00Z,34,0.342638,hgb-v2-train-before-20260201,false
2,2026-02-19T19:00:00Z,2026-02-19T12:00:00Z,2026-02-21T06:00:00Z,35,0.972814,hgb-v2-train-before-20260201,false
2,2026-02-19T19:00:00Z,2026-02-19T12:00:00Z,2026-02-21T07:00:00Z,36,0.972572,hgb-v2-train-before-20260201,false
2,2026-02-19T19:00:00Z,2026-02-19T12:00:00Z,2026-02-21T08:00:00Z,37,0.972743,hgb-v2-train-before-20260201,false
2,2026-02-19T19:00:00Z,2026-02-19T12:00:00Z,2026-02-21T09:00:00Z,38,0.957204,hgb-v2-train-before-20260201,false
2,2026-02-19T19:00:00Z,2026-02-19T12:00:00Z,2026-02-21T10:00:00Z,39,0.790137,hgb-v2-train-before-20260201,false
2,2026-02-19T19:00:00Z,2026-02-19T12:00:00Z,2026-02-21T11:00:00Z,40,0.257725,hgb-v2-train-before-20260201,false
2,2026-02-19T19:00:00Z,2026-02-19T12:00:00Z,2026-02-21T12:00:00Z,41,0.222124,hgb-v2-train-before-20260201,false
2,2026-02-19T19:00:00Z,2026-02-19T12:00:00Z,2026-02-21T13:00:00Z,42,0.183650,hgb-v2-train-before-20260201,false
2,2026-02-19T19:00:00Z,2026-02-19T12:00:00Z,2026-02-21T14:00:00Z,43,0.532982,hgb-v2-train-before-20260201,false
2,2026-02-19T19:00:00Z,2026-02-19T12:00:00Z,2026-02-21T15:00:00Z,44,0.597113,hgb-v2-train-before-20260201,false
2,2026-02-19T19:00:00Z,2026-02-19T12:00:00Z,2026-02-21T16:00:00Z,45,0.707954,hgb-v2-train-before-20260201,false
2,2026-02-19T19:00:00Z,2026-02-19T12:00:00Z,2026-02-21T17:00:00Z,46,0.855967,hgb-v2-train-before-20260201,false
2,2026-02-19T19:00:00Z,2026-02-19T12:00:00Z,2026-02-21T18:00:00Z,47,0.883545,hgb-v2-train-before-20260201,false
2,2026-02-19T19:00:00Z,2026-02-19T12:00:00Z,2026-02-21T19:00:00Z,48,0.800990,hgb-v2-train-before-20260201,false
1,2026-02-20T19:00:00Z,2026-02-20T12:00:00Z,2026-02-20T20:00:00Z,1,0.828700,hgb-v2-train-before-20260201,false
1,2026-02-20T19:00:00Z,2026-02-20T12:00:00Z,2026-02-20T21:00:00Z,2,0.802525,hgb-v2-train-before-20260201,false
1,2026-02-20T19:00:00Z,2026-02-20T12:00:00Z,2026-02-20T22:00:00Z,3,0.735875,hgb-v2-train-before-20260201,false
1,2026-02-20T19:00:00Z,2026-02-20T12:00:00Z,2026-02-20T23:00:00Z,4,0.515825,hgb-v2-train-before-20260201,false
1,2026-02-20T19:00:00Z,2026-02-20T12:00:00Z,2026-02-21T00:00:00Z,5,0.340510,hgb-v2-train-before-20260201,false
1,2026-02-20T19:00:00Z,2026-02-20T12:00:00Z,2026-02-21T01:00:00Z,6,0.290993,hgb-v2-train-before-20260201,false
1,2026-02-20T19:00:00Z,2026-02-20T12:00:00Z,2026-02-21T02:00:00Z,7,0.314502,hgb-v2-train-before-20260201,false
1,2026-02-20T19:00:00Z,2026-02-20T12:00:00Z,2026-02-21T03:00:00Z,8,0.202028,hgb-v2-train-before-20260201,false
1,2026-02-20T19:00:00Z,2026-02-20T12:00:00Z,2026-02-21T04:00:00Z,9,0.065509,hgb-v2-train-before-20260201,false
1,2026-02-20T19:00:00Z,2026-02-20T12:00:00Z,2026-02-21T05:00:00Z,10,0.009708,hgb-v2-train-before-20260201,false
1,2026-02-20T19:00:00Z,2026-02-20T12:00:00Z,2026-02-21T06:00:00Z,11,0.943906,hgb-v2-train-before-20260201,false
1,2026-02-20T19:00:00Z,2026-02-20T12:00:00Z,2026-02-21T07:00:00Z,12,0.985328,hgb-v2-train-before-20260201,false
1,2026-02-20T19:00:00Z,2026-02-20T12:00:00Z,2026-02-21T08:00:00Z,13,0.988243,hgb-v2-train-before-20260201,false
1,2026-02-20T19:00:00Z,2026-02-20T12:00:00Z,2026-02-21T09:00:00Z,14,0.976020,hgb-v2-train-before-20260201,false
1,2026-02-20T19:00:00Z,2026-02-20T12:00:00Z,2026-02-21T10:00:00Z,15,0.973440,hgb-v2-train-before-20260201,false
1,2026-02-20T19:00:00Z,2026-02-20T12:00:00Z,2026-02-21T11:00:00Z,16,0.859818,hgb-v2-train-before-20260201,false
1,2026-02-20T19:00:00Z,2026-02-20T12:00:00Z,2026-02-21T12:00:00Z,17,0.539695,hgb-v2-train-before-20260201,false
1,2026-02-20T19:00:00Z,2026-02-20T12:00:00Z,2026-02-21T13:00:00Z,18,0.368991,hgb-v2-train-before-20260201,false
1,2026-02-20T19:00:00Z,2026-02-20T12:00:00Z,2026-02-21T14:00:00Z,19,0.399429,hgb-v2-train-before-20260201,false
1,2026-02-20T19:00:00Z,2026-02-20T12:00:00Z,2026-02-21T15:00:00Z,20,0.689572,hgb-v2-train-before-20260201,false
1,2026-02-20T19:00:00Z,2026-02-20T12:00:00Z,2026-02-21T16:00:00Z,21,0.761940,hgb-v2-train-before-20260201,false
1,2026-02-20T19:00:00Z,2026-02-20T12:00:00Z,2026-02-21T17:00:00Z,22,0.787681,hgb-v2-train-before-20260201,false
1,2026-02-20T19:00:00Z,2026-02-20T12:00:00Z,2026-02-21T18:00:00Z,23,0.615650,hgb-v2-train-before-20260201,false
1,2026-02-20T19:00:00Z,2026-02-20T12:00:00Z,2026-02-21T19:00:00Z,24,0.518087,hgb-v2-train-before-20260201,false
1,2026-02-20T19:00:00Z,2026-02-20T12:00:00Z,2026-02-21T20:00:00Z,25,0.577232,hgb-v2-train-before-20260201,false
1,2026-02-20T19:00:00Z,2026-02-20T12:00:00Z,2026-02-21T21:00:00Z,26,0.232860,hgb-v2-train-before-20260201,false
1,2026-02-20T19:00:00Z,2026-02-20T12:00:00Z,2026-02-21T22:00:00Z,27,0.074011,hgb-v2-train-before-20260201,false
1,2026-02-20T19:00:00Z,2026-02-20T12:00:00Z,2026-02-21T23:00:00Z,28,0.013212,hgb-v2-train-before-20260201,false
1,2026-02-20T19:00:00Z,2026-02-20T12:00:00Z,2026-02-22T00:00:00Z,29,0.009034,hgb-v2-train-before-20260201,false
1,2026-02-20T19:00:00Z,2026-02-20T12:00:00Z,2026-02-22T01:00:00Z,30,0.009017,hgb-v2-train-before-20260201,false
1,2026-02-20T19:00:00Z,2026-02-20T12:00:00Z,2026-02-22T02:00:00Z,31,0.013171,hgb-v2-train-before-20260201,false
1,2026-02-20T19:00:00Z,2026-02-20T12:00:00Z,2026-02-22T03:00:00Z,32,0.043007,hgb-v2-train-before-20260201,false
1,2026-02-20T19:00:00Z,2026-02-20T12:00:00Z,2026-02-22T04:00:00Z,33,0.125104,hgb-v2-train-before-20260201,false
1,2026-02-20T19:00:00Z,2026-02-20T12:00:00Z,2026-02-22T05:00:00Z,34,0.479888,hgb-v2-train-before-20260201,false
1,2026-02-20T19:00:00Z,2026-02-20T12:00:00Z,2026-02-22T06:00:00Z,35,0.784379,hgb-v2-train-before-20260201,false
1,2026-02-20T19:00:00Z,2026-02-20T12:00:00Z,2026-02-22T07:00:00Z,36,0.893742,hgb-v2-train-before-20260201,false
1,2026-02-20T19:00:00Z,2026-02-20T12:00:00Z,2026-02-22T08:00:00Z,37,0.947375,hgb-v2-train-before-20260201,false
1,2026-02-20T19:00:00Z,2026-02-20T12:00:00Z,2026-02-22T09:00:00Z,38,0.927161,hgb-v2-train-before-20260201,false
1,2026-02-20T19:00:00Z,2026-02-20T12:00:00Z,2026-02-22T10:00:00Z,39,0.921046,hgb-v2-train-before-20260201,false
1,2026-02-20T19:00:00Z,2026-02-20T12:00:00Z,2026-02-22T11:00:00Z,40,0.837117,hgb-v2-train-before-20260201,false
1,2026-02-20T19:00:00Z,2026-02-20T12:00:00Z,2026-02-22T12:00:00Z,41,0.843376,hgb-v2-train-before-20260201,false
1,2026-02-20T19:00:00Z,2026-02-20T12:00:00Z,2026-02-22T13:00:00Z,42,0.494457,hgb-v2-train-before-20260201,false
1,2026-02-20T19:00:00Z,2026-02-20T12:00:00Z,2026-02-22T14:00:00Z,43,0.166864,hgb-v2-train-before-20260201,false
1,2026-02-20T19:00:00Z,2026-02-20T12:00:00Z,2026-02-22T15:00:00Z,44,0.143971,hgb-v2-train-before-20260201,false
1,2026-02-20T19:00:00Z,2026-02-20T12:00:00Z,2026-02-22T16:00:00Z,45,0.134721,hgb-v2-train-before-20260201,false
1,2026-02-20T19:00:00Z,2026-02-20T12:00:00Z,2026-02-22T17:00:00Z,46,0.147908,hgb-v2-train-before-20260201,false
1,2026-02-20T19:00:00Z,2026-02-20T12:00:00Z,2026-02-22T18:00:00Z,47,0.092815,hgb-v2-train-before-20260201,false
1,2026-02-20T19:00:00Z,2026-02-20T12:00:00Z,2026-02-22T19:00:00Z,48,0.026063,hgb-v2-train-before-20260201,false
2,2026-02-20T19:00:00Z,2026-02-20T12:00:00Z,2026-02-20T20:00:00Z,1,0.821117,hgb-v2-train-before-20260201,false
2,2026-02-20T19:00:00Z,2026-02-20T12:00:00Z,2026-02-20T21:00:00Z,2,0.794942,hgb-v2-train-before-20260201,false
2,2026-02-20T19:00:00Z,2026-02-20T12:00:00Z,2026-02-20T22:00:00Z,3,0.728292,hgb-v2-train-before-20260201,false
2,2026-02-20T19:00:00Z,2026-02-20T12:00:00Z,2026-02-20T23:00:00Z,4,0.508017,hgb-v2-train-before-20260201,false
2,2026-02-20T19:00:00Z,2026-02-20T12:00:00Z,2026-02-21T00:00:00Z,5,0.332702,hgb-v2-train-before-20260201,false
2,2026-02-20T19:00:00Z,2026-02-20T12:00:00Z,2026-02-21T01:00:00Z,6,0.283185,hgb-v2-train-before-20260201,false
2,2026-02-20T19:00:00Z,2026-02-20T12:00:00Z,2026-02-21T02:00:00Z,7,0.306694,hgb-v2-train-before-20260201,false
2,2026-02-20T19:00:00Z,2026-02-20T12:00:00Z,2026-02-21T03:00:00Z,8,0.194220,hgb-v2-train-before-20260201,false
2,2026-02-20T19:00:00Z,2026-02-20T12:00:00Z,2026-02-21T04:00:00Z,9,0.058409,hgb-v2-train-before-20260201,false
2,2026-02-20T19:00:00Z,2026-02-20T12:00:00Z,2026-02-21T05:00:00Z,10,0.009404,hgb-v2-train-before-20260201,false
2,2026-02-20T19:00:00Z,2026-02-20T12:00:00Z,2026-02-21T06:00:00Z,11,0.927939,hgb-v2-train-before-20260201,false
2,2026-02-20T19:00:00Z,2026-02-20T12:00:00Z,2026-02-21T07:00:00Z,12,0.968408,hgb-v2-train-before-20260201,false
2,2026-02-20T19:00:00Z,2026-02-20T12:00:00Z,2026-02-21T08:00:00Z,13,0.970127,hgb-v2-train-before-20260201,false
2,2026-02-20T19:00:00Z,2026-02-20T12:00:00Z,2026-02-21T09:00:00Z,14,0.969255,hgb-v2-train-before-20260201,false
2,2026-02-20T19:00:00Z,2026-02-20T12:00:00Z,2026-02-21T10:00:00Z,15,0.968321,hgb-v2-train-before-20260201,false
2,2026-02-20T19:00:00Z,2026-02-20T12:00:00Z,2026-02-21T11:00:00Z,16,0.857347,hgb-v2-train-before-20260201,false
2,2026-02-20T19:00:00Z,2026-02-20T12:00:00Z,2026-02-21T12:00:00Z,17,0.539339,hgb-v2-train-before-20260201,false
2,2026-02-20T19:00:00Z,2026-02-20T12:00:00Z,2026-02-21T13:00:00Z,18,0.368537,hgb-v2-train-before-20260201,false
2,2026-02-20T19:00:00Z,2026-02-20T12:00:00Z,2026-02-21T14:00:00Z,19,0.398975,hgb-v2-train-before-20260201,false
2,2026-02-20T19:00:00Z,2026-02-20T12:00:00Z,2026-02-21T15:00:00Z,20,0.689118,hgb-v2-train-before-20260201,false
2,2026-02-20T19:00:00Z,2026-02-20T12:00:00Z,2026-02-21T16:00:00Z,21,0.761486,hgb-v2-train-before-20260201,false
2,2026-02-20T19:00:00Z,2026-02-20T12:00:00Z,2026-02-21T17:00:00Z,22,0.787320,hgb-v2-train-before-20260201,false
2,2026-02-20T19:00:00Z,2026-02-20T12:00:00Z,2026-02-21T18:00:00Z,23,0.615197,hgb-v2-train-before-20260201,false
2,2026-02-20T19:00:00Z,2026-02-20T12:00:00Z,2026-02-21T19:00:00Z,24,0.517634,hgb-v2-train-before-20260201,false
2,2026-02-20T19:00:00Z,2026-02-20T12:00:00Z,2026-02-21T20:00:00Z,25,0.576778,hgb-v2-train-before-20260201,false
2,2026-02-20T19:00:00Z,2026-02-20T12:00:00Z,2026-02-21T21:00:00Z,26,0.232407,hgb-v2-train-before-20260201,false
2,2026-02-20T19:00:00Z,2026-02-20T12:00:00Z,2026-02-21T22:00:00Z,27,0.073656,hgb-v2-train-before-20260201,false
2,2026-02-20T19:00:00Z,2026-02-20T12:00:00Z,2026-02-21T23:00:00Z,28,0.012856,hgb-v2-train-before-20260201,false
2,2026-02-20T19:00:00Z,2026-02-20T12:00:00Z,2026-02-22T00:00:00Z,29,0.008774,hgb-v2-train-before-20260201,false
2,2026-02-20T19:00:00Z,2026-02-20T12:00:00Z,2026-02-22T01:00:00Z,30,0.008626,hgb-v2-train-before-20260201,false
2,2026-02-20T19:00:00Z,2026-02-20T12:00:00Z,2026-02-22T02:00:00Z,31,0.012298,hgb-v2-train-before-20260201,false
2,2026-02-20T19:00:00Z,2026-02-20T12:00:00Z,2026-02-22T03:00:00Z,32,0.033409,hgb-v2-train-before-20260201,false
2,2026-02-20T19:00:00Z,2026-02-20T12:00:00Z,2026-02-22T04:00:00Z,33,0.124644,hgb-v2-train-before-20260201,false
2,2026-02-20T19:00:00Z,2026-02-20T12:00:00Z,2026-02-22T05:00:00Z,34,0.478880,hgb-v2-train-before-20260201,false
2,2026-02-20T19:00:00Z,2026-02-20T12:00:00Z,2026-02-22T06:00:00Z,35,0.781273,hgb-v2-train-before-20260201,false
2,2026-02-20T19:00:00Z,2026-02-20T12:00:00Z,2026-02-22T07:00:00Z,36,0.889549,hgb-v2-train-before-20260201,false
2,2026-02-20T19:00:00Z,2026-02-20T12:00:00Z,2026-02-22T08:00:00Z,37,0.942761,hgb-v2-train-before-20260201,false
2,2026-02-20T19:00:00Z,2026-02-20T12:00:00Z,2026-02-22T09:00:00Z,38,0.923679,hgb-v2-train-before-20260201,false
2,2026-02-20T19:00:00Z,2026-02-20T12:00:00Z,2026-02-22T10:00:00Z,39,0.917910,hgb-v2-train-before-20260201,false
2,2026-02-20T19:00:00Z,2026-02-20T12:00:00Z,2026-02-22T11:00:00Z,40,0.838684,hgb-v2-train-before-20260201,false
2,2026-02-20T19:00:00Z,2026-02-20T12:00:00Z,2026-02-22T12:00:00Z,41,0.850244,hgb-v2-train-before-20260201,false
2,2026-02-20T19:00:00Z,2026-02-20T12:00:00Z,2026-02-22T13:00:00Z,42,0.511238,hgb-v2-train-before-20260201,false
2,2026-02-20T19:00:00Z,2026-02-20T12:00:00Z,2026-02-22T14:00:00Z,43,0.170575,hgb-v2-train-before-20260201,false
2,2026-02-20T19:00:00Z,2026-02-20T12:00:00Z,2026-02-22T15:00:00Z,44,0.136059,hgb-v2-train-before-20260201,false
2,2026-02-20T19:00:00Z,2026-02-20T12:00:00Z,2026-02-22T16:00:00Z,45,0.126809,hgb-v2-train-before-20260201,false
2,2026-02-20T19:00:00Z,2026-02-20T12:00:00Z,2026-02-22T17:00:00Z,46,0.139968,hgb-v2-train-before-20260201,false
2,2026-02-20T19:00:00Z,2026-02-20T12:00:00Z,2026-02-22T18:00:00Z,47,0.091788,hgb-v2-train-before-20260201,false
2,2026-02-20T19:00:00Z,2026-02-20T12:00:00Z,2026-02-22T19:00:00Z,48,0.025162,hgb-v2-train-before-20260201,false
1,2026-02-21T19:00:00Z,2026-02-21T12:00:00Z,2026-02-21T20:00:00Z,1,0.285270,hgb-v2-train-before-20260201,false
1,2026-02-21T19:00:00Z,2026-02-21T12:00:00Z,2026-02-21T21:00:00Z,2,0.161464,hgb-v2-train-before-20260201,false
1,2026-02-21T19:00:00Z,2026-02-21T12:00:00Z,2026-02-21T22:00:00Z,3,0.052700,hgb-v2-train-before-20260201,false
1,2026-02-21T19:00:00Z,2026-02-21T12:00:00Z,2026-02-21T23:00:00Z,4,0.010800,hgb-v2-train-before-20260201,false
1,2026-02-21T19:00:00Z,2026-02-21T12:00:00Z,2026-02-22T00:00:00Z,5,0.008805,hgb-v2-train-before-20260201,false
1,2026-02-21T19:00:00Z,2026-02-21T12:00:00Z,2026-02-22T01:00:00Z,6,0.009304,hgb-v2-train-before-20260201,false
1,2026-02-21T19:00:00Z,2026-02-21T12:00:00Z,2026-02-22T02:00:00Z,7,0.014555,hgb-v2-train-before-20260201,false
1,2026-02-21T19:00:00Z,2026-02-21T12:00:00Z,2026-02-22T03:00:00Z,8,0.028551,hgb-v2-train-before-20260201,false
1,2026-02-21T19:00:00Z,2026-02-21T12:00:00Z,2026-02-22T04:00:00Z,9,0.131103,hgb-v2-train-before-20260201,false
1,2026-02-21T19:00:00Z,2026-02-21T12:00:00Z,2026-02-22T05:00:00Z,10,0.479888,hgb-v2-train-before-20260201,false
1,2026-02-21T19:00:00Z,2026-02-21T12:00:00Z,2026-02-22T06:00:00Z,11,0.826665,hgb-v2-train-before-20260201,false
1,2026-02-21T19:00:00Z,2026-02-21T12:00:00Z,2026-02-22T07:00:00Z,12,0.944151,hgb-v2-train-before-20260201,false
1,2026-02-21T19:00:00Z,2026-02-21T12:00:00Z,2026-02-22T08:00:00Z,13,0.947588,hgb-v2-train-before-20260201,false
1,2026-02-21T19:00:00Z,2026-02-21T12:00:00Z,2026-02-22T09:00:00Z,14,0.927161,hgb-v2-train-before-20260201,false
1,2026-02-21T19:00:00Z,2026-02-21T12:00:00Z,2026-02-22T10:00:00Z,15,0.875076,hgb-v2-train-before-20260201,false
1,2026-02-21T19:00:00Z,2026-02-21T12:00:00Z,2026-02-22T11:00:00Z,16,0.790298,hgb-v2-train-before-20260201,false
1,2026-02-21T19:00:00Z,2026-02-21T12:00:00Z,2026-02-22T12:00:00Z,17,0.819270,hgb-v2-train-before-20260201,false
1,2026-02-21T19:00:00Z,2026-02-21T12:00:00Z,2026-02-22T13:00:00Z,18,0.497727,hgb-v2-train-before-20260201,false
1,2026-02-21T19:00:00Z,2026-02-21T12:00:00Z,2026-02-22T14:00:00Z,19,0.146709,hgb-v2-train-before-20260201,false
1,2026-02-21T19:00:00Z,2026-02-21T12:00:00Z,2026-02-22T15:00:00Z,20,0.101511,hgb-v2-train-before-20260201,false
1,2026-02-21T19:00:00Z,2026-02-21T12:00:00Z,2026-02-22T16:00:00Z,21,0.049074,hgb-v2-train-before-20260201,false
1,2026-02-21T19:00:00Z,2026-02-21T12:00:00Z,2026-02-22T17:00:00Z,22,0.036601,hgb-v2-train-before-20260201,false
1,2026-02-21T19:00:00Z,2026-02-21T12:00:00Z,2026-02-22T18:00:00Z,23,0.039981,hgb-v2-train-before-20260201,false
1,2026-02-21T19:00:00Z,2026-02-21T12:00:00Z,2026-02-22T19:00:00Z,24,0.036170,hgb-v2-train-before-20260201,false
1,2026-02-21T19:00:00Z,2026-02-21T12:00:00Z,2026-02-22T20:00:00Z,25,0.040146,hgb-v2-train-before-20260201,false
1,2026-02-21T19:00:00Z,2026-02-21T12:00:00Z,2026-02-22T21:00:00Z,26,0.032456,hgb-v2-train-before-20260201,false
1,2026-02-21T19:00:00Z,2026-02-21T12:00:00Z,2026-02-22T22:00:00Z,27,0.012438,hgb-v2-train-before-20260201,false
1,2026-02-21T19:00:00Z,2026-02-21T12:00:00Z,2026-02-22T23:00:00Z,28,0.012011,hgb-v2-train-before-20260201,false
1,2026-02-21T19:00:00Z,2026-02-21T12:00:00Z,2026-02-23T00:00:00Z,29,0.016157,hgb-v2-train-before-20260201,false
1,2026-02-21T19:00:00Z,2026-02-21T12:00:00Z,2026-02-23T01:00:00Z,30,0.058956,hgb-v2-train-before-20260201,false
1,2026-02-21T19:00:00Z,2026-02-21T12:00:00Z,2026-02-23T02:00:00Z,31,0.128804,hgb-v2-train-before-20260201,false
1,2026-02-21T19:00:00Z,2026-02-21T12:00:00Z,2026-02-23T03:00:00Z,32,0.135870,hgb-v2-train-before-20260201,false
1,2026-02-21T19:00:00Z,2026-02-21T12:00:00Z,2026-02-23T04:00:00Z,33,0.136212,hgb-v2-train-before-20260201,false
1,2026-02-21T19:00:00Z,2026-02-21T12:00:00Z,2026-02-23T05:00:00Z,34,0.156400,hgb-v2-train-before-20260201,false
1,2026-02-21T19:00:00Z,2026-02-21T12:00:00Z,2026-02-23T06:00:00Z,35,0.270723,hgb-v2-train-before-20260201,false
1,2026-02-21T19:00:00Z,2026-02-21T12:00:00Z,2026-02-23T07:00:00Z,36,0.528324,hgb-v2-train-before-20260201,false
1,2026-02-21T19:00:00Z,2026-02-21T12:00:00Z,2026-02-23T08:00:00Z,37,0.698240,hgb-v2-train-before-20260201,false
1,2026-02-21T19:00:00Z,2026-02-21T12:00:00Z,2026-02-23T09:00:00Z,38,0.824095,hgb-v2-train-before-20260201,false
1,2026-02-21T19:00:00Z,2026-02-21T12:00:00Z,2026-02-23T10:00:00Z,39,0.888639,hgb-v2-train-before-20260201,false
1,2026-02-21T19:00:00Z,2026-02-21T12:00:00Z,2026-02-23T11:00:00Z,40,0.929840,hgb-v2-train-before-20260201,false
1,2026-02-21T19:00:00Z,2026-02-21T12:00:00Z,2026-02-23T12:00:00Z,41,0.958669,hgb-v2-train-before-20260201,false
1,2026-02-21T19:00:00Z,2026-02-21T12:00:00Z,2026-02-23T13:00:00Z,42,0.954867,hgb-v2-train-before-20260201,false
1,2026-02-21T19:00:00Z,2026-02-21T12:00:00Z,2026-02-23T14:00:00Z,43,0.949559,hgb-v2-train-before-20260201,false
1,2026-02-21T19:00:00Z,2026-02-21T12:00:00Z,2026-02-23T15:00:00Z,44,0.949039,hgb-v2-train-before-20260201,false
1,2026-02-21T19:00:00Z,2026-02-21T12:00:00Z,2026-02-23T16:00:00Z,45,0.945717,hgb-v2-train-before-20260201,false
1,2026-02-21T19:00:00Z,2026-02-21T12:00:00Z,2026-02-23T17:00:00Z,46,0.937893,hgb-v2-train-before-20260201,false
1,2026-02-21T19:00:00Z,2026-02-21T12:00:00Z,2026-02-23T18:00:00Z,47,0.932368,hgb-v2-train-before-20260201,false
1,2026-02-21T19:00:00Z,2026-02-21T12:00:00Z,2026-02-23T19:00:00Z,48,0.953312,hgb-v2-train-before-20260201,false
2,2026-02-21T19:00:00Z,2026-02-21T12:00:00Z,2026-02-21T20:00:00Z,1,0.284816,hgb-v2-train-before-20260201,false
2,2026-02-21T19:00:00Z,2026-02-21T12:00:00Z,2026-02-21T21:00:00Z,2,0.161011,hgb-v2-train-before-20260201,false
2,2026-02-21T19:00:00Z,2026-02-21T12:00:00Z,2026-02-21T22:00:00Z,3,0.052344,hgb-v2-train-before-20260201,false
2,2026-02-21T19:00:00Z,2026-02-21T12:00:00Z,2026-02-21T23:00:00Z,4,0.010445,hgb-v2-train-before-20260201,false
2,2026-02-21T19:00:00Z,2026-02-21T12:00:00Z,2026-02-22T00:00:00Z,5,0.008501,hgb-v2-train-before-20260201,false
2,2026-02-21T19:00:00Z,2026-02-21T12:00:00Z,2026-02-22T01:00:00Z,6,0.008402,hgb-v2-train-before-20260201,false
2,2026-02-21T19:00:00Z,2026-02-21T12:00:00Z,2026-02-22T02:00:00Z,7,0.013682,hgb-v2-train-before-20260201,false
2,2026-02-21T19:00:00Z,2026-02-21T12:00:00Z,2026-02-22T03:00:00Z,8,0.020897,hgb-v2-train-before-20260201,false
2,2026-02-21T19:00:00Z,2026-02-21T12:00:00Z,2026-02-22T04:00:00Z,9,0.130643,hgb-v2-train-before-20260201,false
2,2026-02-21T19:00:00Z,2026-02-21T12:00:00Z,2026-02-22T05:00:00Z,10,0.478880,hgb-v2-train-before-20260201,false
2,2026-02-21T19:00:00Z,2026-02-21T12:00:00Z,2026-02-22T06:00:00Z,11,0.823559,hgb-v2-train-before-20260201,false
2,2026-02-21T19:00:00Z,2026-02-21T12:00:00Z,2026-02-22T07:00:00Z,12,0.939537,hgb-v2-train-before-20260201,false
2,2026-02-21T19:00:00Z,2026-02-21T12:00:00Z,2026-02-22T08:00:00Z,13,0.943087,hgb-v2-train-before-20260201,false
2,2026-02-21T19:00:00Z,2026-02-21T12:00:00Z,2026-02-22T09:00:00Z,14,0.923679,hgb-v2-train-before-20260201,false
2,2026-02-21T19:00:00Z,2026-02-21T12:00:00Z,2026-02-22T10:00:00Z,15,0.872671,hgb-v2-train-before-20260201,false
2,2026-02-21T19:00:00Z,2026-02-21T12:00:00Z,2026-02-22T11:00:00Z,16,0.791000,hgb-v2-train-before-20260201,false
2,2026-02-21T19:00:00Z,2026-02-21T12:00:00Z,2026-02-22T12:00:00Z,17,0.822079,hgb-v2-train-before-20260201,false
2,2026-02-21T19:00:00Z,2026-02-21T12:00:00Z,2026-02-22T13:00:00Z,18,0.519870,hgb-v2-train-before-20260201,false
2,2026-02-21T19:00:00Z,2026-02-21T12:00:00Z,2026-02-22T14:00:00Z,19,0.150420,hgb-v2-train-before-20260201,false
2,2026-02-21T19:00:00Z,2026-02-21T12:00:00Z,2026-02-22T15:00:00Z,20,0.093857,hgb-v2-train-before-20260201,false
2,2026-02-21T19:00:00Z,2026-02-21T12:00:00Z,2026-02-22T16:00:00Z,21,0.041420,hgb-v2-train-before-20260201,false
2,2026-02-21T19:00:00Z,2026-02-21T12:00:00Z,2026-02-22T17:00:00Z,22,0.028948,hgb-v2-train-before-20260201,false
2,2026-02-21T19:00:00Z,2026-02-21T12:00:00Z,2026-02-22T18:00:00Z,23,0.039625,hgb-v2-train-before-20260201,false
2,2026-02-21T19:00:00Z,2026-02-21T12:00:00Z,2026-02-22T19:00:00Z,24,0.035814,hgb-v2-train-before-20260201,false
2,2026-02-21T19:00:00Z,2026-02-21T12:00:00Z,2026-02-22T20:00:00Z,25,0.039790,hgb-v2-train-before-20260201,false
2,2026-02-21T19:00:00Z,2026-02-21T12:00:00Z,2026-02-22T21:00:00Z,26,0.031944,hgb-v2-train-before-20260201,false
2,2026-02-21T19:00:00Z,2026-02-21T12:00:00Z,2026-02-22T22:00:00Z,27,0.012002,hgb-v2-train-before-20260201,false
2,2026-02-21T19:00:00Z,2026-02-21T12:00:00Z,2026-02-22T23:00:00Z,28,0.011699,hgb-v2-train-before-20260201,false
2,2026-02-21T19:00:00Z,2026-02-21T12:00:00Z,2026-02-23T00:00:00Z,29,0.015846,hgb-v2-train-before-20260201,false
2,2026-02-21T19:00:00Z,2026-02-21T12:00:00Z,2026-02-23T01:00:00Z,30,0.058601,hgb-v2-train-before-20260201,false
2,2026-02-21T19:00:00Z,2026-02-21T12:00:00Z,2026-02-23T02:00:00Z,31,0.128448,hgb-v2-train-before-20260201,false
2,2026-02-21T19:00:00Z,2026-02-21T12:00:00Z,2026-02-23T03:00:00Z,32,0.135515,hgb-v2-train-before-20260201,false
2,2026-02-21T19:00:00Z,2026-02-21T12:00:00Z,2026-02-23T04:00:00Z,33,0.135857,hgb-v2-train-before-20260201,false
2,2026-02-21T19:00:00Z,2026-02-21T12:00:00Z,2026-02-23T05:00:00Z,34,0.160263,hgb-v2-train-before-20260201,false
2,2026-02-21T19:00:00Z,2026-02-21T12:00:00Z,2026-02-23T06:00:00Z,35,0.271223,hgb-v2-train-before-20260201,false
2,2026-02-21T19:00:00Z,2026-02-21T12:00:00Z,2026-02-23T07:00:00Z,36,0.528196,hgb-v2-train-before-20260201,false
2,2026-02-21T19:00:00Z,2026-02-21T12:00:00Z,2026-02-23T08:00:00Z,37,0.698112,hgb-v2-train-before-20260201,false
2,2026-02-21T19:00:00Z,2026-02-21T12:00:00Z,2026-02-23T09:00:00Z,38,0.821722,hgb-v2-train-before-20260201,false
2,2026-02-21T19:00:00Z,2026-02-21T12:00:00Z,2026-02-23T10:00:00Z,39,0.884555,hgb-v2-train-before-20260201,false
2,2026-02-21T19:00:00Z,2026-02-21T12:00:00Z,2026-02-23T11:00:00Z,40,0.925755,hgb-v2-train-before-20260201,false
2,2026-02-21T19:00:00Z,2026-02-21T12:00:00Z,2026-02-23T12:00:00Z,41,0.953869,hgb-v2-train-before-20260201,false
2,2026-02-21T19:00:00Z,2026-02-21T12:00:00Z,2026-02-23T13:00:00Z,42,0.948665,hgb-v2-train-before-20260201,false
2,2026-02-21T19:00:00Z,2026-02-21T12:00:00Z,2026-02-23T14:00:00Z,43,0.943357,hgb-v2-train-before-20260201,false
2,2026-02-21T19:00:00Z,2026-02-21T12:00:00Z,2026-02-23T15:00:00Z,44,0.942837,hgb-v2-train-before-20260201,false
2,2026-02-21T19:00:00Z,2026-02-21T12:00:00Z,2026-02-23T16:00:00Z,45,0.939515,hgb-v2-train-before-20260201,false
2,2026-02-21T19:00:00Z,2026-02-21T12:00:00Z,2026-02-23T17:00:00Z,46,0.933094,hgb-v2-train-before-20260201,false
2,2026-02-21T19:00:00Z,2026-02-21T12:00:00Z,2026-02-23T18:00:00Z,47,0.927927,hgb-v2-train-before-20260201,false
2,2026-02-21T19:00:00Z,2026-02-21T12:00:00Z,2026-02-23T19:00:00Z,48,0.948830,hgb-v2-train-before-20260201,false
1,2026-02-22T19:00:00Z,2026-02-22T12:00:00Z,2026-02-22T20:00:00Z,1,0.036783,hgb-v2-train-before-20260201,false
1,2026-02-22T19:00:00Z,2026-02-22T12:00:00Z,2026-02-22T21:00:00Z,2,0.031994,hgb-v2-train-before-20260201,false
1,2026-02-22T19:00:00Z,2026-02-22T12:00:00Z,2026-02-22T22:00:00Z,3,0.010236,hgb-v2-train-before-20260201,false
1,2026-02-22T19:00:00Z,2026-02-22T12:00:00Z,2026-02-22T23:00:00Z,4,0.012011,hgb-v2-train-before-20260201,false
1,2026-02-22T19:00:00Z,2026-02-22T12:00:00Z,2026-02-23T00:00:00Z,5,0.056469,hgb-v2-train-before-20260201,false
1,2026-02-22T19:00:00Z,2026-02-22T12:00:00Z,2026-02-23T01:00:00Z,6,0.204457,hgb-v2-train-before-20260201,false
1,2026-02-22T19:00:00Z,2026-02-22T12:00:00Z,2026-02-23T02:00:00Z,7,0.226926,hgb-v2-train-before-20260201,false
1,2026-02-22T19:00:00Z,2026-02-22T12:00:00Z,2026-02-23T03:00:00Z,8,0.239263,hgb-v2-train-before-20260201,false
1,2026-02-22T19:00:00Z,2026-02-22T12:00:00Z,2026-02-23T04:00:00Z,9,0.270956,hgb-v2-train-before-20260201,false
1,2026-02-22T19:00:00Z,2026-02-22T12:00:00Z,2026-02-23T05:00:00Z,10,0.279335,hgb-v2-train-before-20260201,false
1,2026-02-22T19:00:00Z,2026-02-22T12:00:00Z,2026-02-23T06:00:00Z,11,0.272277,hgb-v2-train-before-20260201,false
1,2026-02-22T19:00:00Z,2026-02-22T12:00:00Z,2026-02-23T07:00:00Z,12,0.218783,hgb-v2-train-before-20260201,false
1,2026-02-22T19:00:00Z,2026-02-22T12:00:00Z,2026-02-23T08:00:00Z,13,0.302568,hgb-v2-train-before-20260201,false
1,2026-02-22T19:00:00Z,2026-02-22T12:00:00Z,2026-02-23T09:00:00Z,14,0.311080,hgb-v2-train-before-20260201,false
1,2026-02-22T19:00:00Z,2026-02-22T12:00:00Z,2026-02-23T10:00:00Z,15,0.502926,hgb-v2-train-before-20260201,false
1,2026-02-22T19:00:00Z,2026-02-22T12:00:00Z,2026-02-23T11:00:00Z,16,0.725069,hgb-v2-train-before-20260201,false
1,2026-02-22T19:00:00Z,2026-02-22T12:00:00Z,2026-02-23T12:00:00Z,17,0.849686,hgb-v2-train-before-20260201,false
1,2026-02-22T19:00:00Z,2026-02-22T12:00:00Z,2026-02-23T13:00:00Z,18,0.890616,hgb-v2-train-before-20260201,false
1,2026-02-22T19:00:00Z,2026-02-22T12:00:00Z,2026-02-23T14:00:00Z,19,0.927837,hgb-v2-train-before-20260201,false
1,2026-02-22T19:00:00Z,2026-02-22T12:00:00Z,2026-02-23T15:00:00Z,20,0.948351,hgb-v2-train-before-20260201,false
1,2026-02-22T19:00:00Z,2026-02-22T12:00:00Z,2026-02-23T16:00:00Z,21,0.954740,hgb-v2-train-before-20260201,false
1,2026-02-22T19:00:00Z,2026-02-22T12:00:00Z,2026-02-23T17:00:00Z,22,0.987372,hgb-v2-train-before-20260201,false
1,2026-02-22T19:00:00Z,2026-02-22T12:00:00Z,2026-02-23T18:00:00Z,23,0.953870,hgb-v2-train-before-20260201,false
1,2026-02-22T19:00:00Z,2026-02-22T12:00:00Z,2026-02-23T19:00:00Z,24,0.957868,hgb-v2-train-before-20260201,false
1,2026-02-22T19:00:00Z,2026-02-22T12:00:00Z,2026-02-23T20:00:00Z,25,0.955303,hgb-v2-train-before-20260201,false
1,2026-02-22T19:00:00Z,2026-02-22T12:00:00Z,2026-02-23T21:00:00Z,26,0.952555,hgb-v2-train-before-20260201,false
1,2026-02-22T19:00:00Z,2026-02-22T12:00:00Z,2026-02-23T22:00:00Z,27,0.933773,hgb-v2-train-before-20260201,false
1,2026-02-22T19:00:00Z,2026-02-22T12:00:00Z,2026-02-23T23:00:00Z,28,0.883199,hgb-v2-train-before-20260201,false
1,2026-02-22T19:00:00Z,2026-02-22T12:00:00Z,2026-02-24T00:00:00Z,29,0.868825,hgb-v2-train-before-20260201,false
1,2026-02-22T19:00:00Z,2026-02-22T12:00:00Z,2026-02-24T01:00:00Z,30,0.836347,hgb-v2-train-before-20260201,false
1,2026-02-22T19:00:00Z,2026-02-22T12:00:00Z,2026-02-24T02:00:00Z,31,0.719488,hgb-v2-train-before-20260201,false
1,2026-02-22T19:00:00Z,2026-02-22T12:00:00Z,2026-02-24T03:00:00Z,32,0.542865,hgb-v2-train-before-20260201,false
1,2026-02-22T19:00:00Z,2026-02-22T12:00:00Z,2026-02-24T04:00:00Z,33,0.647642,hgb-v2-train-before-20260201,false
1,2026-02-22T19:00:00Z,2026-02-22T12:00:00Z,2026-02-24T05:00:00Z,34,0.567169,hgb-v2-train-before-20260201,false
1,2026-02-22T19:00:00Z,2026-02-22T12:00:00Z,2026-02-24T06:00:00Z,35,0.575507,hgb-v2-train-before-20260201,false
1,2026-02-22T19:00:00Z,2026-02-22T12:00:00Z,2026-02-24T07:00:00Z,36,0.575507,hgb-v2-train-before-20260201,false
1,2026-02-22T19:00:00Z,2026-02-22T12:00:00Z,2026-02-24T08:00:00Z,37,0.566333,hgb-v2-train-before-20260201,false
1,2026-02-22T19:00:00Z,2026-02-22T12:00:00Z,2026-02-24T09:00:00Z,38,0.420349,hgb-v2-train-before-20260201,false
1,2026-02-22T19:00:00Z,2026-02-22T12:00:00Z,2026-02-24T10:00:00Z,39,0.296988,hgb-v2-train-before-20260201,false
1,2026-02-22T19:00:00Z,2026-02-22T12:00:00Z,2026-02-24T11:00:00Z,40,0.178768,hgb-v2-train-before-20260201,false
1,2026-02-22T19:00:00Z,2026-02-22T12:00:00Z,2026-02-24T12:00:00Z,41,0.123214,hgb-v2-train-before-20260201,false
1,2026-02-22T19:00:00Z,2026-02-22T12:00:00Z,2026-02-24T13:00:00Z,42,0.046819,hgb-v2-train-before-20260201,false
1,2026-02-22T19:00:00Z,2026-02-22T12:00:00Z,2026-02-24T14:00:00Z,43,0.014329,hgb-v2-train-before-20260201,false
1,2026-02-22T19:00:00Z,2026-02-22T12:00:00Z,2026-02-24T15:00:00Z,44,0.013372,hgb-v2-train-before-20260201,false
1,2026-02-22T19:00:00Z,2026-02-22T12:00:00Z,2026-02-24T16:00:00Z,45,0.016717,hgb-v2-train-before-20260201,false
1,2026-02-22T19:00:00Z,2026-02-22T12:00:00Z,2026-02-24T17:00:00Z,46,0.040559,hgb-v2-train-before-20260201,false
1,2026-02-22T19:00:00Z,2026-02-22T12:00:00Z,2026-02-24T18:00:00Z,47,0.030341,hgb-v2-train-before-20260201,false
1,2026-02-22T19:00:00Z,2026-02-22T12:00:00Z,2026-02-24T19:00:00Z,48,0.115979,hgb-v2-train-before-20260201,false
2,2026-02-22T19:00:00Z,2026-02-22T12:00:00Z,2026-02-22T20:00:00Z,1,0.036427,hgb-v2-train-before-20260201,false
2,2026-02-22T19:00:00Z,2026-02-22T12:00:00Z,2026-02-22T21:00:00Z,2,0.031638,hgb-v2-train-before-20260201,false
2,2026-02-22T19:00:00Z,2026-02-22T12:00:00Z,2026-02-22T22:00:00Z,3,0.009880,hgb-v2-train-before-20260201,false
2,2026-02-22T19:00:00Z,2026-02-22T12:00:00Z,2026-02-22T23:00:00Z,4,0.011699,hgb-v2-train-before-20260201,false
2,2026-02-22T19:00:00Z,2026-02-22T12:00:00Z,2026-02-23T00:00:00Z,5,0.056114,hgb-v2-train-before-20260201,false
2,2026-02-22T19:00:00Z,2026-02-22T12:00:00Z,2026-02-23T01:00:00Z,6,0.204101,hgb-v2-train-before-20260201,false
2,2026-02-22T19:00:00Z,2026-02-22T12:00:00Z,2026-02-23T02:00:00Z,7,0.226571,hgb-v2-train-before-20260201,false
2,2026-02-22T19:00:00Z,2026-02-22T12:00:00Z,2026-02-23T03:00:00Z,8,0.238907,hgb-v2-train-before-20260201,false
2,2026-02-22T19:00:00Z,2026-02-22T12:00:00Z,2026-02-23T04:00:00Z,9,0.270600,hgb-v2-train-before-20260201,false
2,2026-02-22T19:00:00Z,2026-02-22T12:00:00Z,2026-02-23T05:00:00Z,10,0.283203,hgb-v2-train-before-20260201,false
2,2026-02-22T19:00:00Z,2026-02-22T12:00:00Z,2026-02-23T06:00:00Z,11,0.276144,hgb-v2-train-before-20260201,false
2,2026-02-22T19:00:00Z,2026-02-22T12:00:00Z,2026-02-23T07:00:00Z,12,0.219283,hgb-v2-train-before-20260201,false
2,2026-02-22T19:00:00Z,2026-02-22T12:00:00Z,2026-02-23T08:00:00Z,13,0.303068,hgb-v2-train-before-20260201,false
2,2026-02-22T19:00:00Z,2026-02-22T12:00:00Z,2026-02-23T09:00:00Z,14,0.311580,hgb-v2-train-before-20260201,false
2,2026-02-22T19:00:00Z,2026-02-22T12:00:00Z,2026-02-23T10:00:00Z,15,0.502799,hgb-v2-train-before-20260201,false
2,2026-02-22T19:00:00Z,2026-02-22T12:00:00Z,2026-02-23T11:00:00Z,16,0.724183,hgb-v2-train-before-20260201,false
2,2026-02-22T19:00:00Z,2026-02-22T12:00:00Z,2026-02-23T12:00:00Z,17,0.848800,hgb-v2-train-before-20260201,false
2,2026-02-22T19:00:00Z,2026-02-22T12:00:00Z,2026-02-23T13:00:00Z,18,0.888777,hgb-v2-train-before-20260201,false
2,2026-02-22T19:00:00Z,2026-02-22T12:00:00Z,2026-02-23T14:00:00Z,19,0.925642,hgb-v2-train-before-20260201,false
2,2026-02-22T19:00:00Z,2026-02-22T12:00:00Z,2026-02-23T15:00:00Z,20,0.943551,hgb-v2-train-before-20260201,false
2,2026-02-22T19:00:00Z,2026-02-22T12:00:00Z,2026-02-23T16:00:00Z,21,0.948538,hgb-v2-train-before-20260201,false
2,2026-02-22T19:00:00Z,2026-02-22T12:00:00Z,2026-02-23T17:00:00Z,22,0.969473,hgb-v2-train-before-20260201,false
2,2026-02-22T19:00:00Z,2026-02-22T12:00:00Z,2026-02-23T18:00:00Z,23,0.947484,hgb-v2-train-before-20260201,false
2,2026-02-22T19:00:00Z,2026-02-22T12:00:00Z,2026-02-23T19:00:00Z,24,0.953069,hgb-v2-train-before-20260201,false
2,2026-02-22T19:00:00Z,2026-02-22T12:00:00Z,2026-02-23T20:00:00Z,25,0.950504,hgb-v2-train-before-20260201,false
2,2026-02-22T19:00:00Z,2026-02-22T12:00:00Z,2026-02-23T21:00:00Z,26,0.948428,hgb-v2-train-before-20260201,false
2,2026-02-22T19:00:00Z,2026-02-22T12:00:00Z,2026-02-23T22:00:00Z,27,0.931933,hgb-v2-train-before-20260201,false
2,2026-02-22T19:00:00Z,2026-02-22T12:00:00Z,2026-02-23T23:00:00Z,28,0.891800,hgb-v2-train-before-20260201,false
2,2026-02-22T19:00:00Z,2026-02-22T12:00:00Z,2026-02-24T00:00:00Z,29,0.877426,hgb-v2-train-before-20260201,false
2,2026-02-22T19:00:00Z,2026-02-22T12:00:00Z,2026-02-24T01:00:00Z,30,0.842213,hgb-v2-train-before-20260201,false
2,2026-02-22T19:00:00Z,2026-02-22T12:00:00Z,2026-02-24T02:00:00Z,31,0.723355,hgb-v2-train-before-20260201,false
2,2026-02-22T19:00:00Z,2026-02-22T12:00:00Z,2026-02-24T03:00:00Z,32,0.546733,hgb-v2-train-before-20260201,false
2,2026-02-22T19:00:00Z,2026-02-22T12:00:00Z,2026-02-24T04:00:00Z,33,0.650883,hgb-v2-train-before-20260201,false
2,2026-02-22T19:00:00Z,2026-02-22T12:00:00Z,2026-02-24T05:00:00Z,34,0.570410,hgb-v2-train-before-20260201,false
2,2026-02-22T19:00:00Z,2026-02-22T12:00:00Z,2026-02-24T06:00:00Z,35,0.578747,hgb-v2-train-before-20260201,false
2,2026-02-22T19:00:00Z,2026-02-22T12:00:00Z,2026-02-24T07:00:00Z,36,0.578747,hgb-v2-train-before-20260201,false
2,2026-02-22T19:00:00Z,2026-02-22T12:00:00Z,2026-02-24T08:00:00Z,37,0.569573,hgb-v2-train-before-20260201,false
2,2026-02-22T19:00:00Z,2026-02-22T12:00:00Z,2026-02-24T09:00:00Z,38,0.419462,hgb-v2-train-before-20260201,false
2,2026-02-22T19:00:00Z,2026-02-22T12:00:00Z,2026-02-24T10:00:00Z,39,0.296729,hgb-v2-train-before-20260201,false
2,2026-02-22T19:00:00Z,2026-02-22T12:00:00Z,2026-02-24T11:00:00Z,40,0.178510,hgb-v2-train-before-20260201,false
2,2026-02-22T19:00:00Z,2026-02-22T12:00:00Z,2026-02-24T12:00:00Z,41,0.122859,hgb-v2-train-before-20260201,false
2,2026-02-22T19:00:00Z,2026-02-22T12:00:00Z,2026-02-24T13:00:00Z,42,0.046463,hgb-v2-train-before-20260201,false
2,2026-02-22T19:00:00Z,2026-02-22T12:00:00Z,2026-02-24T14:00:00Z,43,0.013974,hgb-v2-train-before-20260201,false
2,2026-02-22T19:00:00Z,2026-02-22T12:00:00Z,2026-02-24T15:00:00Z,44,0.013016,hgb-v2-train-before-20260201,false
2,2026-02-22T19:00:00Z,2026-02-22T12:00:00Z,2026-02-24T16:00:00Z,45,0.016456,hgb-v2-train-before-20260201,false
2,2026-02-22T19:00:00Z,2026-02-22T12:00:00Z,2026-02-24T17:00:00Z,46,0.040255,hgb-v2-train-before-20260201,false
2,2026-02-22T19:00:00Z,2026-02-22T12:00:00Z,2026-02-24T18:00:00Z,47,0.029881,hgb-v2-train-before-20260201,false
2,2026-02-22T19:00:00Z,2026-02-22T12:00:00Z,2026-02-24T19:00:00Z,48,0.115520,hgb-v2-train-before-20260201,false
1,2026-02-23T19:00:00Z,2026-02-23T12:00:00Z,2026-02-23T20:00:00Z,1,0.950542,hgb-v2-train-before-20260201,false
1,2026-02-23T19:00:00Z,2026-02-23T12:00:00Z,2026-02-23T21:00:00Z,2,0.923473,hgb-v2-train-before-20260201,false
1,2026-02-23T19:00:00Z,2026-02-23T12:00:00Z,2026-02-23T22:00:00Z,3,0.880901,hgb-v2-train-before-20260201,false
1,2026-02-23T19:00:00Z,2026-02-23T12:00:00Z,2026-02-23T23:00:00Z,4,0.855940,hgb-v2-train-before-20260201,false
1,2026-02-23T19:00:00Z,2026-02-23T12:00:00Z,2026-02-24T00:00:00Z,5,0.805494,hgb-v2-train-before-20260201,false
1,2026-02-23T19:00:00Z,2026-02-23T12:00:00Z,2026-02-24T01:00:00Z,6,0.733645,hgb-v2-train-before-20260201,false
1,2026-02-23T19:00:00Z,2026-02-23T12:00:00Z,2026-02-24T02:00:00Z,7,0.714770,hgb-v2-train-before-20260201,false
1,2026-02-23T19:00:00Z,2026-02-23T12:00:00Z,2026-02-24T03:00:00Z,8,0.640134,hgb-v2-train-before-20260201,false
1,2026-02-23T19:00:00Z,2026-02-23T12:00:00Z,2026-02-24T04:00:00Z,9,0.693838,hgb-v2-train-before-20260201,false
1,2026-02-23T19:00:00Z,2026-02-23T12:00:00Z,2026-02-24T05:00:00Z,10,0.580790,hgb-v2-train-before-20260201,false
1,2026-02-23T19:00:00Z,2026-02-23T12:00:00Z,2026-02-24T06:00:00Z,11,0.455909,hgb-v2-train-before-20260201,false
1,2026-02-23T19:00:00Z,2026-02-23T12:00:00Z,2026-02-24T07:00:00Z,12,0.413225,hgb-v2-train-before-20260201,false
1,2026-02-23T19:00:00Z,2026-02-23T12:00:00Z,2026-02-24T08:00:00Z,13,0.415251,hgb-v2-train-before-20260201,false
1,2026-02-23T19:00:00Z,2026-02-23T12:00:00Z,2026-02-24T09:00:00Z,14,0.369084,hgb-v2-train-before-20260201,false
1,2026-02-23T19:00:00Z,2026-02-23T12:00:00Z,2026-02-24T10:00:00Z,15,0.307291,hgb-v2-train-before-20260201,false
1,2026-02-23T19:00:00Z,2026-02-23T12:00:00Z,2026-02-24T11:00:00Z,16,0.292994,hgb-v2-train-before-20260201,false
1,2026-02-23T19:00:00Z,2026-02-23T12:00:00Z,2026-02-24T12:00:00Z,17,0.300359,hgb-v2-train-before-20260201,false
1,2026-02-23T19:00:00Z,2026-02-23T12:00:00Z,2026-02-24T13:00:00Z,18,0.156399,hgb-v2-train-before-20260201,false
1,2026-02-23T19:00:00Z,2026-02-23T12:00:00Z,2026-02-24T14:00:00Z,19,0.107166,hgb-v2-train-before-20260201,false
1,2026-02-23T19:00:00Z,2026-02-23T12:00:00Z,2026-02-24T15:00:00Z,20,0.080591,hgb-v2-train-before-20260201,false
1,2026-02-23T19:00:00Z,2026-02-23T12:00:00Z,2026-02-24T16:00:00Z,21,0.043314,hgb-v2-train-before-20260201,false
1,2026-02-23T19:00:00Z,2026-02-23T12:00:00Z,2026-02-24T17:00:00Z,22,0.011569,hgb-v2-train-before-20260201,false
1,2026-02-23T19:00:00Z,2026-02-23T12:00:00Z,2026-02-24T18:00:00Z,23,0.008194,hgb-v2-train-before-20260201,false
1,2026-02-23T19:00:00Z,2026-02-23T12:00:00Z,2026-02-24T19:00:00Z,24,0.009928,hgb-v2-train-before-20260201,false
1,2026-02-23T19:00:00Z,2026-02-23T12:00:00Z,2026-02-24T20:00:00Z,25,0.009959,hgb-v2-train-before-20260201,false
1,2026-02-23T19:00:00Z,2026-02-23T12:00:00Z,2026-02-24T21:00:00Z,26,0.010301,hgb-v2-train-before-20260201,false
1,2026-02-23T19:00:00Z,2026-02-23T12:00:00Z,2026-02-24T22:00:00Z,27,0.004863,hgb-v2-train-before-20260201,false
1,2026-02-23T19:00:00Z,2026-02-23T12:00:00Z,2026-02-24T23:00:00Z,28,0.014155,hgb-v2-train-before-20260201,false
1,2026-02-23T19:00:00Z,2026-02-23T12:00:00Z,2026-02-25T00:00:00Z,29,0.044653,hgb-v2-train-before-20260201,false
1,2026-02-23T19:00:00Z,2026-02-23T12:00:00Z,2026-02-25T01:00:00Z,30,0.076687,hgb-v2-train-before-20260201,false
1,2026-02-23T19:00:00Z,2026-02-23T12:00:00Z,2026-02-25T02:00:00Z,31,0.114522,hgb-v2-train-before-20260201,false
1,2026-02-23T19:00:00Z,2026-02-23T12:00:00Z,2026-02-25T03:00:00Z,32,0.147143,hgb-v2-train-before-20260201,false
1,2026-02-23T19:00:00Z,2026-02-23T12:00:00Z,2026-02-25T04:00:00Z,33,0.144733,hgb-v2-train-before-20260201,false
1,2026-02-23T19:00:00Z,2026-02-23T12:00:00Z,2026-02-25T05:00:00Z,34,0.143610,hgb-v2-train-before-20260201,false
1,2026-02-23T19:00:00Z,2026-02-23T12:00:00Z,2026-02-25T06:00:00Z,35,0.115576,hgb-v2-train-before-20260201,false
1,2026-02-23T19:00:00Z,2026-02-23T12:00:00Z,2026-02-25T07:00:00Z,36,0.063210,hgb-v2-train-before-20260201,false
1,2026-02-23T19:00:00Z,2026-02-23T12:00:00Z,2026-02-25T08:00:00Z,37,0.136316,hgb-v2-train-before-20260201,false
1,2026-02-23T19:00:00Z,2026-02-23T12:00:00Z,2026-02-25T09:00:00Z,38,0.096352,hgb-v2-train-before-20260201,false
1,2026-02-23T19:00:00Z,2026-02-23T12:00:00Z,2026-02-25T10:00:00Z,39,0.085279,hgb-v2-train-before-20260201,false
1,2026-02-23T19:00:00Z,2026-02-23T12:00:00Z,2026-02-25T11:00:00Z,40,0.049757,hgb-v2-train-before-20260201,false
1,2026-02-23T19:00:00Z,2026-02-23T12:00:00Z,2026-02-25T12:00:00Z,41,0.035104,hgb-v2-train-before-20260201,false
1,2026-02-23T19:00:00Z,2026-02-23T12:00:00Z,2026-02-25T13:00:00Z,42,0.029319,hgb-v2-train-before-20260201,false
1,2026-02-23T19:00:00Z,2026-02-23T12:00:00Z,2026-02-25T14:00:00Z,43,0.091695,hgb-v2-train-before-20260201,false
1,2026-02-23T19:00:00Z,2026-02-23T12:00:00Z,2026-02-25T15:00:00Z,44,0.115834,hgb-v2-train-before-20260201,false
1,2026-02-23T19:00:00Z,2026-02-23T12:00:00Z,2026-02-25T16:00:00Z,45,0.263372,hgb-v2-train-before-20260201,false
1,2026-02-23T19:00:00Z,2026-02-23T12:00:00Z,2026-02-25T17:00:00Z,46,0.377483,hgb-v2-train-before-20260201,false
1,2026-02-23T19:00:00Z,2026-02-23T12:00:00Z,2026-02-25T18:00:00Z,47,0.338265,hgb-v2-train-before-20260201,false
1,2026-02-23T19:00:00Z,2026-02-23T12:00:00Z,2026-02-25T19:00:00Z,48,0.353839,hgb-v2-train-before-20260201,false
2,2026-02-23T19:00:00Z,2026-02-23T12:00:00Z,2026-02-23T20:00:00Z,1,0.946415,hgb-v2-train-before-20260201,false
2,2026-02-23T19:00:00Z,2026-02-23T12:00:00Z,2026-02-23T21:00:00Z,2,0.932074,hgb-v2-train-before-20260201,false
2,2026-02-23T19:00:00Z,2026-02-23T12:00:00Z,2026-02-23T22:00:00Z,3,0.889502,hgb-v2-train-before-20260201,false
2,2026-02-23T19:00:00Z,2026-02-23T12:00:00Z,2026-02-23T23:00:00Z,4,0.864541,hgb-v2-train-before-20260201,false
2,2026-02-23T19:00:00Z,2026-02-23T12:00:00Z,2026-02-24T00:00:00Z,5,0.814723,hgb-v2-train-before-20260201,false
2,2026-02-23T19:00:00Z,2026-02-23T12:00:00Z,2026-02-24T01:00:00Z,6,0.739512,hgb-v2-train-before-20260201,false
2,2026-02-23T19:00:00Z,2026-02-23T12:00:00Z,2026-02-24T02:00:00Z,7,0.718638,hgb-v2-train-before-20260201,false
2,2026-02-23T19:00:00Z,2026-02-23T12:00:00Z,2026-02-24T03:00:00Z,8,0.644001,hgb-v2-train-before-20260201,false
2,2026-02-23T19:00:00Z,2026-02-23T12:00:00Z,2026-02-24T04:00:00Z,9,0.697078,hgb-v2-train-before-20260201,false
2,2026-02-23T19:00:00Z,2026-02-23T12:00:00Z,2026-02-24T05:00:00Z,10,0.584030,hgb-v2-train-before-20260201,false
2,2026-02-23T19:00:00Z,2026-02-23T12:00:00Z,2026-02-24T06:00:00Z,11,0.459149,hgb-v2-train-before-20260201,false
2,2026-02-23T19:00:00Z,2026-02-23T12:00:00Z,2026-02-24T07:00:00Z,12,0.417092,hgb-v2-train-before-20260201,false
2,2026-02-23T19:00:00Z,2026-02-23T12:00:00Z,2026-02-24T08:00:00Z,13,0.418491,hgb-v2-train-before-20260201,false
2,2026-02-23T19:00:00Z,2026-02-23T12:00:00Z,2026-02-24T09:00:00Z,14,0.368198,hgb-v2-train-before-20260201,false
2,2026-02-23T19:00:00Z,2026-02-23T12:00:00Z,2026-02-24T10:00:00Z,15,0.307032,hgb-v2-train-before-20260201,false
2,2026-02-23T19:00:00Z,2026-02-23T12:00:00Z,2026-02-24T11:00:00Z,16,0.292736,hgb-v2-train-before-20260201,false
2,2026-02-23T19:00:00Z,2026-02-23T12:00:00Z,2026-02-24T12:00:00Z,17,0.300004,hgb-v2-train-before-20260201,false
2,2026-02-23T19:00:00Z,2026-02-23T12:00:00Z,2026-02-24T13:00:00Z,18,0.156043,hgb-v2-train-before-20260201,false
2,2026-02-23T19:00:00Z,2026-02-23T12:00:00Z,2026-02-24T14:00:00Z,19,0.106811,hgb-v2-train-before-20260201,false
2,2026-02-23T19:00:00Z,2026-02-23T12:00:00Z,2026-02-24T15:00:00Z,20,0.080236,hgb-v2-train-before-20260201,false
2,2026-02-23T19:00:00Z,2026-02-23T12:00:00Z,2026-02-24T16:00:00Z,21,0.042958,hgb-v2-train-before-20260201,false
2,2026-02-23T19:00:00Z,2026-02-23T12:00:00Z,2026-02-24T17:00:00Z,22,0.011213,hgb-v2-train-before-20260201,false
2,2026-02-23T19:00:00Z,2026-02-23T12:00:00Z,2026-02-24T18:00:00Z,23,0.007890,hgb-v2-train-before-20260201,false
2,2026-02-23T19:00:00Z,2026-02-23T12:00:00Z,2026-02-24T19:00:00Z,24,0.009624,hgb-v2-train-before-20260201,false
2,2026-02-23T19:00:00Z,2026-02-23T12:00:00Z,2026-02-24T20:00:00Z,25,0.009699,hgb-v2-train-before-20260201,false
2,2026-02-23T19:00:00Z,2026-02-23T12:00:00Z,2026-02-24T21:00:00Z,26,0.009997,hgb-v2-train-before-20260201,false
2,2026-02-23T19:00:00Z,2026-02-23T12:00:00Z,2026-02-24T22:00:00Z,27,0.004403,hgb-v2-train-before-20260201,false
2,2026-02-23T19:00:00Z,2026-02-23T12:00:00Z,2026-02-24T23:00:00Z,28,0.013851,hgb-v2-train-before-20260201,false
2,2026-02-23T19:00:00Z,2026-02-23T12:00:00Z,2026-02-25T00:00:00Z,29,0.044348,hgb-v2-train-before-20260201,false
2,2026-02-23T19:00:00Z,2026-02-23T12:00:00Z,2026-02-25T01:00:00Z,30,0.076383,hgb-v2-train-before-20260201,false
2,2026-02-23T19:00:00Z,2026-02-23T12:00:00Z,2026-02-25T02:00:00Z,31,0.114062,hgb-v2-train-before-20260201,false
2,2026-02-23T19:00:00Z,2026-02-23T12:00:00Z,2026-02-25T03:00:00Z,32,0.146683,hgb-v2-train-before-20260201,false
2,2026-02-23T19:00:00Z,2026-02-23T12:00:00Z,2026-02-25T04:00:00Z,33,0.144352,hgb-v2-train-before-20260201,false
2,2026-02-23T19:00:00Z,2026-02-23T12:00:00Z,2026-02-25T05:00:00Z,34,0.143229,hgb-v2-train-before-20260201,false
2,2026-02-23T19:00:00Z,2026-02-23T12:00:00Z,2026-02-25T06:00:00Z,35,0.115195,hgb-v2-train-before-20260201,false
2,2026-02-23T19:00:00Z,2026-02-23T12:00:00Z,2026-02-25T07:00:00Z,36,0.062829,hgb-v2-train-before-20260201,false
2,2026-02-23T19:00:00Z,2026-02-23T12:00:00Z,2026-02-25T08:00:00Z,37,0.135935,hgb-v2-train-before-20260201,false
2,2026-02-23T19:00:00Z,2026-02-23T12:00:00Z,2026-02-25T09:00:00Z,38,0.095972,hgb-v2-train-before-20260201,false
2,2026-02-23T19:00:00Z,2026-02-23T12:00:00Z,2026-02-25T10:00:00Z,39,0.084898,hgb-v2-train-before-20260201,false
2,2026-02-23T19:00:00Z,2026-02-23T12:00:00Z,2026-02-25T11:00:00Z,40,0.049453,hgb-v2-train-before-20260201,false
2,2026-02-23T19:00:00Z,2026-02-23T12:00:00Z,2026-02-25T12:00:00Z,41,0.034800,hgb-v2-train-before-20260201,false
2,2026-02-23T19:00:00Z,2026-02-23T12:00:00Z,2026-02-25T13:00:00Z,42,0.028859,hgb-v2-train-before-20260201,false
2,2026-02-23T19:00:00Z,2026-02-23T12:00:00Z,2026-02-25T14:00:00Z,43,0.097190,hgb-v2-train-before-20260201,false
2,2026-02-23T19:00:00Z,2026-02-23T12:00:00Z,2026-02-25T15:00:00Z,44,0.115529,hgb-v2-train-before-20260201,false
2,2026-02-23T19:00:00Z,2026-02-23T12:00:00Z,2026-02-25T16:00:00Z,45,0.262471,hgb-v2-train-before-20260201,false
2,2026-02-23T19:00:00Z,2026-02-23T12:00:00Z,2026-02-25T17:00:00Z,46,0.377023,hgb-v2-train-before-20260201,false
2,2026-02-23T19:00:00Z,2026-02-23T12:00:00Z,2026-02-25T18:00:00Z,47,0.337364,hgb-v2-train-before-20260201,false
2,2026-02-23T19:00:00Z,2026-02-23T12:00:00Z,2026-02-25T19:00:00Z,48,0.350075,hgb-v2-train-before-20260201,false
1,2026-02-24T19:00:00Z,2026-02-24T12:00:00Z,2026-02-24T20:00:00Z,1,0.010044,hgb-v2-train-before-20260201,false
1,2026-02-24T19:00:00Z,2026-02-24T12:00:00Z,2026-02-24T21:00:00Z,2,0.010844,hgb-v2-train-before-20260201,false
1,2026-02-24T19:00:00Z,2026-02-24T12:00:00Z,2026-02-24T22:00:00Z,3,0.007761,hgb-v2-train-before-20260201,false
1,2026-02-24T19:00:00Z,2026-02-24T12:00:00Z,2026-02-24T23:00:00Z,4,0.010631,hgb-v2-train-before-20260201,false
1,2026-02-24T19:00:00Z,2026-02-24T12:00:00Z,2026-02-25T00:00:00Z,5,0.005287,hgb-v2-train-before-20260201,false
1,2026-02-24T19:00:00Z,2026-02-24T12:00:00Z,2026-02-25T01:00:00Z,6,0.005110,hgb-v2-train-before-20260201,false
1,2026-02-24T19:00:00Z,2026-02-24T12:00:00Z,2026-02-25T02:00:00Z,7,0.010289,hgb-v2-train-before-20260201,false
1,2026-02-24T19:00:00Z,2026-02-24T12:00:00Z,2026-02-25T03:00:00Z,8,0.008845,hgb-v2-train-before-20260201,false
1,2026-02-24T19:00:00Z,2026-02-24T12:00:00Z,2026-02-25T04:00:00Z,9,0.008937,hgb-v2-train-before-20260201,false
1,2026-02-24T19:00:00Z,2026-02-24T12:00:00Z,2026-02-25T05:00:00Z,10,0.009484,hgb-v2-train-before-20260201,false
1,2026-02-24T19:00:00Z,2026-02-24T12:00:00Z,2026-02-25T06:00:00Z,11,0.009022,hgb-v2-train-before-20260201,false
1,2026-02-24T19:00:00Z,2026-02-24T12:00:00Z,2026-02-25T07:00:00Z,12,0.007408,hgb-v2-train-before-20260201,false
1,2026-02-24T19:00:00Z,2026-02-24T12:00:00Z,2026-02-25T08:00:00Z,13,0.009047,hgb-v2-train-before-20260201,false
1,2026-02-24T19:00:00Z,2026-02-24T12:00:00Z,2026-02-25T09:00:00Z,14,0.013558,hgb-v2-train-before-20260201,false
1,2026-02-24T19:00:00Z,2026-02-24T12:00:00Z,2026-02-25T10:00:00Z,15,0.015200,hgb-v2-train-before-20260201,false
1,2026-02-24T19:00:00Z,2026-02-24T12:00:00Z,2026-02-25T11:00:00Z,16,0.016197,hgb-v2-train-before-20260201,false
1,2026-02-24T19:00:00Z,2026-02-24T12:00:00Z,2026-02-25T12:00:00Z,17,0.035661,hgb-v2-train-before-20260201,false
1,2026-02-24T19:00:00Z,2026-02-24T12:00:00Z,2026-02-25T13:00:00Z,18,0.015670,hgb-v2-train-before-20260201,false
1,2026-02-24T19:00:00Z,2026-02-24T12:00:00Z,2026-02-25T14:00:00Z,19,0.011095,hgb-v2-train-before-20260201,false
1,2026-02-24T19:00:00Z,2026-02-24T12:00:00Z,2026-02-25T15:00:00Z,20,0.013796,hgb-v2-train-before-20260201,false
1,2026-02-24T19:00:00Z,2026-02-24T12:00:00Z,2026-02-25T16:00:00Z,21,0.029264,hgb-v2-train-before-20260201,false
1,2026-02-24T19:00:00Z,2026-02-24T12:00:00Z,2026-02-25T17:00:00Z,22,0.063714,hgb-v2-train-before-20260201,false
1,2026-02-24T19:00:00Z,2026-02-24T12:00:00Z,2026-02-25T18:00:00Z,23,0.338745,hgb-v2-train-before-20260201,false
1,2026-02-24T19:00:00Z,2026-02-24T12:00:00Z,2026-02-25T19:00:00Z,24,0.575781,hgb-v2-train-before-20260201,false
1,2026-02-24T19:00:00Z,2026-02-24T12:00:00Z,2026-02-25T20:00:00Z,25,0.751841,hgb-v2-train-before-20260201,false
1,2026-02-24T19:00:00Z,2026-02-24T12:00:00Z,2026-02-25T21:00:00Z,26,0.630093,hgb-v2-train-before-20260201,false
1,2026-02-24T19:00:00Z,2026-02-24T12:00:00Z,2026-02-25T22:00:00Z,27,0.309855,hgb-v2-train-before-20260201,false
1,2026-02-24T19:00:00Z,2026-02-24T12:00:00Z,2026-02-25T23:00:00Z,28,0.373806,hgb-v2-train-before-20260201,false
1,2026-02-24T19:00:00Z,2026-02-24T12:00:00Z,2026-02-26T00:00:00Z,29,0.560357,hgb-v2-train-before-20260201,false
1,2026-02-24T19:00:00Z,2026-02-24T12:00:00Z,2026-02-26T01:00:00Z,30,0.550628,hgb-v2-train-before-20260201,false
1,2026-02-24T19:00:00Z,2026-02-24T12:00:00Z,2026-02-26T02:00:00Z,31,0.456425,hgb-v2-train-before-20260201,false
1,2026-02-24T19:00:00Z,2026-02-24T12:00:00Z,2026-02-26T03:00:00Z,32,0.253280,hgb-v2-train-before-20260201,false
1,2026-02-24T19:00:00Z,2026-02-24T12:00:00Z,2026-02-26T04:00:00Z,33,0.012677,hgb-v2-train-before-20260201,false
1,2026-02-24T19:00:00Z,2026-02-24T12:00:00Z,2026-02-26T05:00:00Z,34,0.161038,hgb-v2-train-before-20260201,false
1,2026-02-24T19:00:00Z,2026-02-24T12:00:00Z,2026-02-26T06:00:00Z,35,0.971651,hgb-v2-train-before-20260201,false
1,2026-02-24T19:00:00Z,2026-02-24T12:00:00Z,2026-02-26T07:00:00Z,36,0.374127,hgb-v2-train-before-20260201,false
1,2026-02-24T19:00:00Z,2026-02-24T12:00:00Z,2026-02-26T08:00:00Z,37,0.286885,hgb-v2-train-before-20260201,false
1,2026-02-24T19:00:00Z,2026-02-24T12:00:00Z,2026-02-26T09:00:00Z,38,0.173782,hgb-v2-train-before-20260201,false
1,2026-02-24T19:00:00Z,2026-02-24T12:00:00Z,2026-02-26T10:00:00Z,39,0.260677,hgb-v2-train-before-20260201,false
1,2026-02-24T19:00:00Z,2026-02-24T12:00:00Z,2026-02-26T11:00:00Z,40,0.458334,hgb-v2-train-before-20260201,false
1,2026-02-24T19:00:00Z,2026-02-24T12:00:00Z,2026-02-26T12:00:00Z,41,0.608333,hgb-v2-train-before-20260201,false
1,2026-02-24T19:00:00Z,2026-02-24T12:00:00Z,2026-02-26T13:00:00Z,42,0.797605,hgb-v2-train-before-20260201,false
1,2026-02-24T19:00:00Z,2026-02-24T12:00:00Z,2026-02-26T14:00:00Z,43,0.826384,hgb-v2-train-before-20260201,false
1,2026-02-24T19:00:00Z,2026-02-24T12:00:00Z,2026-02-26T15:00:00Z,44,0.788537,hgb-v2-train-before-20260201,false
1,2026-02-24T19:00:00Z,2026-02-24T12:00:00Z,2026-02-26T16:00:00Z,45,0.576966,hgb-v2-train-before-20260201,false
1,2026-02-24T19:00:00Z,2026-02-24T12:00:00Z,2026-02-26T17:00:00Z,46,0.807271,hgb-v2-train-before-20260201,false
1,2026-02-24T19:00:00Z,2026-02-24T12:00:00Z,2026-02-26T18:00:00Z,47,0.802765,hgb-v2-train-before-20260201,false
1,2026-02-24T19:00:00Z,2026-02-24T12:00:00Z,2026-02-26T19:00:00Z,48,0.884319,hgb-v2-train-before-20260201,false
2,2026-02-24T19:00:00Z,2026-02-24T12:00:00Z,2026-02-24T20:00:00Z,1,0.009740,hgb-v2-train-before-20260201,false
2,2026-02-24T19:00:00Z,2026-02-24T12:00:00Z,2026-02-24T21:00:00Z,2,0.010539,hgb-v2-train-before-20260201,false
2,2026-02-24T19:00:00Z,2026-02-24T12:00:00Z,2026-02-24T22:00:00Z,3,0.007456,hgb-v2-train-before-20260201,false
2,2026-02-24T19:00:00Z,2026-02-24T12:00:00Z,2026-02-24T23:00:00Z,4,0.010327,hgb-v2-train-before-20260201,false
2,2026-02-24T19:00:00Z,2026-02-24T12:00:00Z,2026-02-25T00:00:00Z,5,0.004983,hgb-v2-train-before-20260201,false
2,2026-02-24T19:00:00Z,2026-02-24T12:00:00Z,2026-02-25T01:00:00Z,6,0.004806,hgb-v2-train-before-20260201,false
2,2026-02-24T19:00:00Z,2026-02-24T12:00:00Z,2026-02-25T02:00:00Z,7,0.009984,hgb-v2-train-before-20260201,false
2,2026-02-24T19:00:00Z,2026-02-24T12:00:00Z,2026-02-25T03:00:00Z,8,0.008540,hgb-v2-train-before-20260201,false
2,2026-02-24T19:00:00Z,2026-02-24T12:00:00Z,2026-02-25T04:00:00Z,9,0.008633,hgb-v2-train-before-20260201,false
2,2026-02-24T19:00:00Z,2026-02-24T12:00:00Z,2026-02-25T05:00:00Z,10,0.009180,hgb-v2-train-before-20260201,false
2,2026-02-24T19:00:00Z,2026-02-24T12:00:00Z,2026-02-25T06:00:00Z,11,0.008718,hgb-v2-train-before-20260201,false
2,2026-02-24T19:00:00Z,2026-02-24T12:00:00Z,2026-02-25T07:00:00Z,12,0.007103,hgb-v2-train-before-20260201,false
2,2026-02-24T19:00:00Z,2026-02-24T12:00:00Z,2026-02-25T08:00:00Z,13,0.008743,hgb-v2-train-before-20260201,false
2,2026-02-24T19:00:00Z,2026-02-24T12:00:00Z,2026-02-25T09:00:00Z,14,0.013254,hgb-v2-train-before-20260201,false
2,2026-02-24T19:00:00Z,2026-02-24T12:00:00Z,2026-02-25T10:00:00Z,15,0.014896,hgb-v2-train-before-20260201,false
2,2026-02-24T19:00:00Z,2026-02-24T12:00:00Z,2026-02-25T11:00:00Z,16,0.015893,hgb-v2-train-before-20260201,false
2,2026-02-24T19:00:00Z,2026-02-24T12:00:00Z,2026-02-25T12:00:00Z,17,0.035306,hgb-v2-train-before-20260201,false
2,2026-02-24T19:00:00Z,2026-02-24T12:00:00Z,2026-02-25T13:00:00Z,18,0.015315,hgb-v2-train-before-20260201,false
2,2026-02-24T19:00:00Z,2026-02-24T12:00:00Z,2026-02-25T14:00:00Z,19,0.010740,hgb-v2-train-before-20260201,false
2,2026-02-24T19:00:00Z,2026-02-24T12:00:00Z,2026-02-25T15:00:00Z,20,0.013491,hgb-v2-train-before-20260201,false
2,2026-02-24T19:00:00Z,2026-02-24T12:00:00Z,2026-02-25T16:00:00Z,21,0.028960,hgb-v2-train-before-20260201,false
2,2026-02-24T19:00:00Z,2026-02-24T12:00:00Z,2026-02-25T17:00:00Z,22,0.063254,hgb-v2-train-before-20260201,false
2,2026-02-24T19:00:00Z,2026-02-24T12:00:00Z,2026-02-25T18:00:00Z,23,0.337978,hgb-v2-train-before-20260201,false
2,2026-02-24T19:00:00Z,2026-02-24T12:00:00Z,2026-02-25T19:00:00Z,24,0.574881,hgb-v2-train-before-20260201,false
2,2026-02-24T19:00:00Z,2026-02-24T12:00:00Z,2026-02-25T20:00:00Z,25,0.748077,hgb-v2-train-before-20260201,false
2,2026-02-24T19:00:00Z,2026-02-24T12:00:00Z,2026-02-25T21:00:00Z,26,0.628348,hgb-v2-train-before-20260201,false
2,2026-02-24T19:00:00Z,2026-02-24T12:00:00Z,2026-02-25T22:00:00Z,27,0.304812,hgb-v2-train-before-20260201,false
2,2026-02-24T19:00:00Z,2026-02-24T12:00:00Z,2026-02-25T23:00:00Z,28,0.370042,hgb-v2-train-before-20260201,false
2,2026-02-24T19:00:00Z,2026-02-24T12:00:00Z,2026-02-26T00:00:00Z,29,0.556593,hgb-v2-train-before-20260201,false
2,2026-02-24T19:00:00Z,2026-02-24T12:00:00Z,2026-02-26T01:00:00Z,30,0.546864,hgb-v2-train-before-20260201,false
2,2026-02-24T19:00:00Z,2026-02-24T12:00:00Z,2026-02-26T02:00:00Z,31,0.455525,hgb-v2-train-before-20260201,false
2,2026-02-24T19:00:00Z,2026-02-24T12:00:00Z,2026-02-26T03:00:00Z,32,0.252821,hgb-v2-train-before-20260201,false
2,2026-02-24T19:00:00Z,2026-02-24T12:00:00Z,2026-02-26T04:00:00Z,33,0.012373,hgb-v2-train-before-20260201,false
2,2026-02-24T19:00:00Z,2026-02-24T12:00:00Z,2026-02-26T05:00:00Z,34,0.160682,hgb-v2-train-before-20260201,false
2,2026-02-24T19:00:00Z,2026-02-24T12:00:00Z,2026-02-26T06:00:00Z,35,0.965809,hgb-v2-train-before-20260201,false
2,2026-02-24T19:00:00Z,2026-02-24T12:00:00Z,2026-02-26T07:00:00Z,36,0.374587,hgb-v2-train-before-20260201,false
2,2026-02-24T19:00:00Z,2026-02-24T12:00:00Z,2026-02-26T08:00:00Z,37,0.290753,hgb-v2-train-before-20260201,false
2,2026-02-24T19:00:00Z,2026-02-24T12:00:00Z,2026-02-26T09:00:00Z,38,0.173523,hgb-v2-train-before-20260201,false
2,2026-02-24T19:00:00Z,2026-02-24T12:00:00Z,2026-02-26T10:00:00Z,39,0.260418,hgb-v2-train-before-20260201,false
2,2026-02-24T19:00:00Z,2026-02-24T12:00:00Z,2026-02-26T11:00:00Z,40,0.458075,hgb-v2-train-before-20260201,false
2,2026-02-24T19:00:00Z,2026-02-24T12:00:00Z,2026-02-26T12:00:00Z,41,0.608074,hgb-v2-train-before-20260201,false
2,2026-02-24T19:00:00Z,2026-02-24T12:00:00Z,2026-02-26T13:00:00Z,42,0.799345,hgb-v2-train-before-20260201,false
2,2026-02-24T19:00:00Z,2026-02-24T12:00:00Z,2026-02-26T14:00:00Z,43,0.828124,hgb-v2-train-before-20260201,false
2,2026-02-24T19:00:00Z,2026-02-24T12:00:00Z,2026-02-26T15:00:00Z,44,0.793639,hgb-v2-train-before-20260201,false
2,2026-02-24T19:00:00Z,2026-02-24T12:00:00Z,2026-02-26T16:00:00Z,45,0.582068,hgb-v2-train-before-20260201,false
2,2026-02-24T19:00:00Z,2026-02-24T12:00:00Z,2026-02-26T17:00:00Z,46,0.812373,hgb-v2-train-before-20260201,false
2,2026-02-24T19:00:00Z,2026-02-24T12:00:00Z,2026-02-26T18:00:00Z,47,0.804482,hgb-v2-train-before-20260201,false
2,2026-02-24T19:00:00Z,2026-02-24T12:00:00Z,2026-02-26T19:00:00Z,48,0.884866,hgb-v2-train-before-20260201,false
1,2026-02-25T19:00:00Z,2026-02-25T12:00:00Z,2026-02-25T20:00:00Z,1,0.788011,hgb-v2-train-before-20260201,false
1,2026-02-25T19:00:00Z,2026-02-25T12:00:00Z,2026-02-25T21:00:00Z,2,0.890428,hgb-v2-train-before-20260201,false
1,2026-02-25T19:00:00Z,2026-02-25T12:00:00Z,2026-02-25T22:00:00Z,3,0.892572,hgb-v2-train-before-20260201,false
1,2026-02-25T19:00:00Z,2026-02-25T12:00:00Z,2026-02-25T23:00:00Z,4,0.858108,hgb-v2-train-before-20260201,false
1,2026-02-25T19:00:00Z,2026-02-25T12:00:00Z,2026-02-26T00:00:00Z,5,0.759169,hgb-v2-train-before-20260201,false
1,2026-02-25T19:00:00Z,2026-02-25T12:00:00Z,2026-02-26T01:00:00Z,6,0.810937,hgb-v2-train-before-20260201,false
1,2026-02-25T19:00:00Z,2026-02-25T12:00:00Z,2026-02-26T02:00:00Z,7,0.678352,hgb-v2-train-before-20260201,false
1,2026-02-25T19:00:00Z,2026-02-25T12:00:00Z,2026-02-26T03:00:00Z,8,0.521341,hgb-v2-train-before-20260201,false
1,2026-02-25T19:00:00Z,2026-02-25T12:00:00Z,2026-02-26T04:00:00Z,9,0.144364,hgb-v2-train-before-20260201,false
1,2026-02-25T19:00:00Z,2026-02-25T12:00:00Z,2026-02-26T05:00:00Z,10,0.063862,hgb-v2-train-before-20260201,false
1,2026-02-25T19:00:00Z,2026-02-25T12:00:00Z,2026-02-26T06:00:00Z,11,0.766101,hgb-v2-train-before-20260201,false
1,2026-02-25T19:00:00Z,2026-02-25T12:00:00Z,2026-02-26T07:00:00Z,12,0.775016,hgb-v2-train-before-20260201,false
1,2026-02-25T19:00:00Z,2026-02-25T12:00:00Z,2026-02-26T08:00:00Z,13,0.501873,hgb-v2-train-before-20260201,false
1,2026-02-25T19:00:00Z,2026-02-25T12:00:00Z,2026-02-26T09:00:00Z,14,0.180961,hgb-v2-train-before-20260201,false
1,2026-02-25T19:00:00Z,2026-02-25T12:00:00Z,2026-02-26T10:00:00Z,15,0.318694,hgb-v2-train-before-20260201,false
1,2026-02-25T19:00:00Z,2026-02-25T12:00:00Z,2026-02-26T11:00:00Z,16,0.667092,hgb-v2-train-before-20260201,false
1,2026-02-25T19:00:00Z,2026-02-25T12:00:00Z,2026-02-26T12:00:00Z,17,0.763866,hgb-v2-train-before-20260201,false
1,2026-02-25T19:00:00Z,2026-02-25T12:00:00Z,2026-02-26T13:00:00Z,18,0.801283,hgb-v2-train-before-20260201,false
1,2026-02-25T19:00:00Z,2026-02-25T12:00:00Z,2026-02-26T14:00:00Z,19,0.729221,hgb-v2-train-before-20260201,false
1,2026-02-25T19:00:00Z,2026-02-25T12:00:00Z,2026-02-26T15:00:00Z,20,0.781455,hgb-v2-train-before-20260201,false
1,2026-02-25T19:00:00Z,2026-02-25T12:00:00Z,2026-02-26T16:00:00Z,21,0.808561,hgb-v2-train-before-20260201,false
1,2026-02-25T19:00:00Z,2026-02-25T12:00:00Z,2026-02-26T17:00:00Z,22,0.840460,hgb-v2-train-before-20260201,false
1,2026-02-25T19:00:00Z,2026-02-25T12:00:00Z,2026-02-26T18:00:00Z,23,0.848015,hgb-v2-train-before-20260201,false
1,2026-02-25T19:00:00Z,2026-02-25T12:00:00Z,2026-02-26T19:00:00Z,24,0.863339,hgb-v2-train-before-20260201,false
1,2026-02-25T19:00:00Z,2026-02-25T12:00:00Z,2026-02-26T20:00:00Z,25,0.876885,hgb-v2-train-before-20260201,false
1,2026-02-25T19:00:00Z,2026-02-25T12:00:00Z,2026-02-26T21:00:00Z,26,0.901569,hgb-v2-train-before-20260201,false
1,2026-02-25T19:00:00Z,2026-02-25T12:00:00Z,2026-02-26T22:00:00Z,27,0.887189,hgb-v2-train-before-20260201,false
1,2026-02-25T19:00:00Z,2026-02-25T12:00:00Z,2026-02-26T23:00:00Z,28,0.747728,hgb-v2-train-before-20260201,false
1,2026-02-25T19:00:00Z,2026-02-25T12:00:00Z,2026-02-27T00:00:00Z,29,0.674387,hgb-v2-train-before-20260201,false
1,2026-02-25T19:00:00Z,2026-02-25T12:00:00Z,2026-02-27T01:00:00Z,30,0.578440,hgb-v2-train-before-20260201,false
1,2026-02-25T19:00:00Z,2026-02-25T12:00:00Z,2026-02-27T02:00:00Z,31,0.480268,hgb-v2-train-before-20260201,false
1,2026-02-25T19:00:00Z,2026-02-25T12:00:00Z,2026-02-27T03:00:00Z,32,0.287697,hgb-v2-train-before-20260201,false
1,2026-02-25T19:00:00Z,2026-02-25T12:00:00Z,2026-02-27T04:00:00Z,33,0.266502,hgb-v2-train-before-20260201,false
1,2026-02-25T19:00:00Z,2026-02-25T12:00:00Z,2026-02-27T05:00:00Z,34,0.159306,hgb-v2-train-before-20260201,false
1,2026-02-25T19:00:00Z,2026-02-25T12:00:00Z,2026-02-27T06:00:00Z,35,0.366548,hgb-v2-train-before-20260201,false
1,2026-02-25T19:00:00Z,2026-02-25T12:00:00Z,2026-02-27T07:00:00Z,36,0.390033,hgb-v2-train-before-20260201,false
1,2026-02-25T19:00:00Z,2026-02-25T12:00:00Z,2026-02-27T08:00:00Z,37,0.535781,hgb-v2-train-before-20260201,false
1,2026-02-25T19:00:00Z,2026-02-25T12:00:00Z,2026-02-27T09:00:00Z,38,0.775792,hgb-v2-train-before-20260201,false
1,2026-02-25T19:00:00Z,2026-02-25T12:00:00Z,2026-02-27T10:00:00Z,39,0.802722,hgb-v2-train-before-20260201,false
1,2026-02-25T19:00:00Z,2026-02-25T12:00:00Z,2026-02-27T11:00:00Z,40,0.803052,hgb-v2-train-before-20260201,false
1,2026-02-25T19:00:00Z,2026-02-25T12:00:00Z,2026-02-27T12:00:00Z,41,0.815718,hgb-v2-train-before-20260201,false
1,2026-02-25T19:00:00Z,2026-02-25T12:00:00Z,2026-02-27T13:00:00Z,42,0.852611,hgb-v2-train-before-20260201,false
1,2026-02-25T19:00:00Z,2026-02-25T12:00:00Z,2026-02-27T14:00:00Z,43,0.837733,hgb-v2-train-before-20260201,false
1,2026-02-25T19:00:00Z,2026-02-25T12:00:00Z,2026-02-27T15:00:00Z,44,0.724861,hgb-v2-train-before-20260201,false
1,2026-02-25T19:00:00Z,2026-02-25T12:00:00Z,2026-02-27T16:00:00Z,45,0.705770,hgb-v2-train-before-20260201,false
1,2026-02-25T19:00:00Z,2026-02-25T12:00:00Z,2026-02-27T17:00:00Z,46,0.664977,hgb-v2-train-before-20260201,false
1,2026-02-25T19:00:00Z,2026-02-25T12:00:00Z,2026-02-27T18:00:00Z,47,0.576634,hgb-v2-train-before-20260201,false
1,2026-02-25T19:00:00Z,2026-02-25T12:00:00Z,2026-02-27T19:00:00Z,48,0.511821,hgb-v2-train-before-20260201,false
2,2026-02-25T19:00:00Z,2026-02-25T12:00:00Z,2026-02-25T20:00:00Z,1,0.784247,hgb-v2-train-before-20260201,false
2,2026-02-25T19:00:00Z,2026-02-25T12:00:00Z,2026-02-25T21:00:00Z,2,0.891141,hgb-v2-train-before-20260201,false
2,2026-02-25T19:00:00Z,2026-02-25T12:00:00Z,2026-02-25T22:00:00Z,3,0.897031,hgb-v2-train-before-20260201,false
2,2026-02-25T19:00:00Z,2026-02-25T12:00:00Z,2026-02-25T23:00:00Z,4,0.862566,hgb-v2-train-before-20260201,false
2,2026-02-25T19:00:00Z,2026-02-25T12:00:00Z,2026-02-26T00:00:00Z,5,0.763628,hgb-v2-train-before-20260201,false
2,2026-02-25T19:00:00Z,2026-02-25T12:00:00Z,2026-02-26T01:00:00Z,6,0.811984,hgb-v2-train-before-20260201,false
2,2026-02-25T19:00:00Z,2026-02-25T12:00:00Z,2026-02-26T02:00:00Z,7,0.682263,hgb-v2-train-before-20260201,false
2,2026-02-25T19:00:00Z,2026-02-25T12:00:00Z,2026-02-26T03:00:00Z,8,0.525251,hgb-v2-train-before-20260201,false
2,2026-02-25T19:00:00Z,2026-02-25T12:00:00Z,2026-02-26T04:00:00Z,9,0.143983,hgb-v2-train-before-20260201,false
2,2026-02-25T19:00:00Z,2026-02-25T12:00:00Z,2026-02-26T05:00:00Z,10,0.064362,hgb-v2-train-before-20260201,false
2,2026-02-25T19:00:00Z,2026-02-25T12:00:00Z,2026-02-26T06:00:00Z,11,0.767097,hgb-v2-train-before-20260201,false
2,2026-02-25T19:00:00Z,2026-02-25T12:00:00Z,2026-02-26T07:00:00Z,12,0.776011,hgb-v2-train-before-20260201,false
2,2026-02-25T19:00:00Z,2026-02-25T12:00:00Z,2026-02-26T08:00:00Z,13,0.502379,hgb-v2-train-before-20260201,false
2,2026-02-25T19:00:00Z,2026-02-25T12:00:00Z,2026-02-26T09:00:00Z,14,0.180702,hgb-v2-train-before-20260201,false
2,2026-02-25T19:00:00Z,2026-02-25T12:00:00Z,2026-02-26T10:00:00Z,15,0.318431,hgb-v2-train-before-20260201,false
2,2026-02-25T19:00:00Z,2026-02-25T12:00:00Z,2026-02-26T11:00:00Z,16,0.666834,hgb-v2-train-before-20260201,false
2,2026-02-25T19:00:00Z,2026-02-25T12:00:00Z,2026-02-26T12:00:00Z,17,0.763607,hgb-v2-train-before-20260201,false
2,2026-02-25T19:00:00Z,2026-02-25T12:00:00Z,2026-02-26T13:00:00Z,18,0.803023,hgb-v2-train-before-20260201,false
2,2026-02-25T19:00:00Z,2026-02-25T12:00:00Z,2026-02-26T14:00:00Z,19,0.730961,hgb-v2-train-before-20260201,false
2,2026-02-25T19:00:00Z,2026-02-25T12:00:00Z,2026-02-26T15:00:00Z,20,0.786558,hgb-v2-train-before-20260201,false
2,2026-02-25T19:00:00Z,2026-02-25T12:00:00Z,2026-02-26T16:00:00Z,21,0.807891,hgb-v2-train-before-20260201,false
2,2026-02-25T19:00:00Z,2026-02-25T12:00:00Z,2026-02-26T17:00:00Z,22,0.838621,hgb-v2-train-before-20260201,false
2,2026-02-25T19:00:00Z,2026-02-25T12:00:00Z,2026-02-26T18:00:00Z,23,0.846175,hgb-v2-train-before-20260201,false
2,2026-02-25T19:00:00Z,2026-02-25T12:00:00Z,2026-02-26T19:00:00Z,24,0.861500,hgb-v2-train-before-20260201,false
2,2026-02-25T19:00:00Z,2026-02-25T12:00:00Z,2026-02-26T20:00:00Z,25,0.875046,hgb-v2-train-before-20260201,false
2,2026-02-25T19:00:00Z,2026-02-25T12:00:00Z,2026-02-26T21:00:00Z,26,0.902116,hgb-v2-train-before-20260201,false
2,2026-02-25T19:00:00Z,2026-02-25T12:00:00Z,2026-02-26T22:00:00Z,27,0.885350,hgb-v2-train-before-20260201,false
2,2026-02-25T19:00:00Z,2026-02-25T12:00:00Z,2026-02-26T23:00:00Z,28,0.756956,hgb-v2-train-before-20260201,false
2,2026-02-25T19:00:00Z,2026-02-25T12:00:00Z,2026-02-27T00:00:00Z,29,0.683616,hgb-v2-train-before-20260201,false
2,2026-02-25T19:00:00Z,2026-02-25T12:00:00Z,2026-02-27T01:00:00Z,30,0.584307,hgb-v2-train-before-20260201,false
2,2026-02-25T19:00:00Z,2026-02-25T12:00:00Z,2026-02-27T02:00:00Z,31,0.484136,hgb-v2-train-before-20260201,false
2,2026-02-25T19:00:00Z,2026-02-25T12:00:00Z,2026-02-27T03:00:00Z,32,0.287341,hgb-v2-train-before-20260201,false
2,2026-02-25T19:00:00Z,2026-02-25T12:00:00Z,2026-02-27T04:00:00Z,33,0.266147,hgb-v2-train-before-20260201,false
2,2026-02-25T19:00:00Z,2026-02-25T12:00:00Z,2026-02-27T05:00:00Z,34,0.158950,hgb-v2-train-before-20260201,false
2,2026-02-25T19:00:00Z,2026-02-25T12:00:00Z,2026-02-27T06:00:00Z,35,0.370416,hgb-v2-train-before-20260201,false
2,2026-02-25T19:00:00Z,2026-02-25T12:00:00Z,2026-02-27T07:00:00Z,36,0.393901,hgb-v2-train-before-20260201,false
2,2026-02-25T19:00:00Z,2026-02-25T12:00:00Z,2026-02-27T08:00:00Z,37,0.539648,hgb-v2-train-before-20260201,false
2,2026-02-25T19:00:00Z,2026-02-25T12:00:00Z,2026-02-27T09:00:00Z,38,0.774906,hgb-v2-train-before-20260201,false
2,2026-02-25T19:00:00Z,2026-02-25T12:00:00Z,2026-02-27T10:00:00Z,39,0.801836,hgb-v2-train-before-20260201,false
2,2026-02-25T19:00:00Z,2026-02-25T12:00:00Z,2026-02-27T11:00:00Z,40,0.802166,hgb-v2-train-before-20260201,false
2,2026-02-25T19:00:00Z,2026-02-25T12:00:00Z,2026-02-27T12:00:00Z,41,0.814832,hgb-v2-train-before-20260201,false
2,2026-02-25T19:00:00Z,2026-02-25T12:00:00Z,2026-02-27T13:00:00Z,42,0.853723,hgb-v2-train-before-20260201,false
2,2026-02-25T19:00:00Z,2026-02-25T12:00:00Z,2026-02-27T14:00:00Z,43,0.838845,hgb-v2-train-before-20260201,false
2,2026-02-25T19:00:00Z,2026-02-25T12:00:00Z,2026-02-27T15:00:00Z,44,0.729963,hgb-v2-train-before-20260201,false
2,2026-02-25T19:00:00Z,2026-02-25T12:00:00Z,2026-02-27T16:00:00Z,45,0.710872,hgb-v2-train-before-20260201,false
2,2026-02-25T19:00:00Z,2026-02-25T12:00:00Z,2026-02-27T17:00:00Z,46,0.670080,hgb-v2-train-before-20260201,false
2,2026-02-25T19:00:00Z,2026-02-25T12:00:00Z,2026-02-27T18:00:00Z,47,0.581736,hgb-v2-train-before-20260201,false
2,2026-02-25T19:00:00Z,2026-02-25T12:00:00Z,2026-02-27T19:00:00Z,48,0.521050,hgb-v2-train-before-20260201,false
1,2026-02-26T19:00:00Z,2026-02-26T12:00:00Z,2026-02-26T20:00:00Z,1,0.515286,hgb-v2-train-before-20260201,false
1,2026-02-26T19:00:00Z,2026-02-26T12:00:00Z,2026-02-26T21:00:00Z,2,0.405769,hgb-v2-train-before-20260201,false
1,2026-02-26T19:00:00Z,2026-02-26T12:00:00Z,2026-02-26T22:00:00Z,3,0.304947,hgb-v2-train-before-20260201,false
1,2026-02-26T19:00:00Z,2026-02-26T12:00:00Z,2026-02-26T23:00:00Z,4,0.219629,hgb-v2-train-before-20260201,false
1,2026-02-26T19:00:00Z,2026-02-26T12:00:00Z,2026-02-27T00:00:00Z,5,0.271134,hgb-v2-train-before-20260201,false
1,2026-02-26T19:00:00Z,2026-02-26T12:00:00Z,2026-02-27T01:00:00Z,6,0.281473,hgb-v2-train-before-20260201,false
1,2026-02-26T19:00:00Z,2026-02-26T12:00:00Z,2026-02-27T02:00:00Z,7,0.258503,hgb-v2-train-before-20260201,false
1,2026-02-26T19:00:00Z,2026-02-26T12:00:00Z,2026-02-27T03:00:00Z,8,0.159927,hgb-v2-train-before-20260201,false
1,2026-02-26T19:00:00Z,2026-02-26T12:00:00Z,2026-02-27T04:00:00Z,9,0.136575,hgb-v2-train-before-20260201,false
1,2026-02-26T19:00:00Z,2026-02-26T12:00:00Z,2026-02-27T05:00:00Z,10,0.048849,hgb-v2-train-before-20260201,false
1,2026-02-26T19:00:00Z,2026-02-26T12:00:00Z,2026-02-27T06:00:00Z,11,0.109393,hgb-v2-train-before-20260201,false
1,2026-02-26T19:00:00Z,2026-02-26T12:00:00Z,2026-02-27T07:00:00Z,12,0.143837,hgb-v2-train-before-20260201,false
1,2026-02-26T19:00:00Z,2026-02-26T12:00:00Z,2026-02-27T08:00:00Z,13,0.270061,hgb-v2-train-before-20260201,false
1,2026-02-26T19:00:00Z,2026-02-26T12:00:00Z,2026-02-27T09:00:00Z,14,0.263658,hgb-v2-train-before-20260201,false
1,2026-02-26T19:00:00Z,2026-02-26T12:00:00Z,2026-02-27T10:00:00Z,15,0.452349,hgb-v2-train-before-20260201,false
1,2026-02-26T19:00:00Z,2026-02-26T12:00:00Z,2026-02-27T11:00:00Z,16,0.525594,hgb-v2-train-before-20260201,false
1,2026-02-26T19:00:00Z,2026-02-26T12:00:00Z,2026-02-27T12:00:00Z,17,0.411732,hgb-v2-train-before-20260201,false
1,2026-02-26T19:00:00Z,2026-02-26T12:00:00Z,2026-02-27T13:00:00Z,18,0.544164,hgb-v2-train-before-20260201,false
1,2026-02-26T19:00:00Z,2026-02-26T12:00:00Z,2026-02-27T14:00:00Z,19,0.489915,hgb-v2-train-before-20260201,false
1,2026-02-26T19:00:00Z,2026-02-26T12:00:00Z,2026-02-27T15:00:00Z,20,0.707880,hgb-v2-train-before-20260201,false
1,2026-02-26T19:00:00Z,2026-02-26T12:00:00Z,2026-02-27T16:00:00Z,21,0.731186,hgb-v2-train-before-20260201,false
1,2026-02-26T19:00:00Z,2026-02-26T12:00:00Z,2026-02-27T17:00:00Z,22,0.570642,hgb-v2-train-before-20260201,false
1,2026-02-26T19:00:00Z,2026-02-26T12:00:00Z,2026-02-27T18:00:00Z,23,0.561629,hgb-v2-train-before-20260201,false
1,2026-02-26T19:00:00Z,2026-02-26T12:00:00Z,2026-02-27T19:00:00Z,24,0.574864,hgb-v2-train-before-20260201,false
1,2026-02-26T19:00:00Z,2026-02-26T12:00:00Z,2026-02-27T20:00:00Z,25,0.586072,hgb-v2-train-before-20260201,false
1,2026-02-26T19:00:00Z,2026-02-26T12:00:00Z,2026-02-27T21:00:00Z,26,0.706857,hgb-v2-train-before-20260201,false
1,2026-02-26T19:00:00Z,2026-02-26T12:00:00Z,2026-02-27T22:00:00Z,27,0.584086,hgb-v2-train-before-20260201,false
1,2026-02-26T19:00:00Z,2026-02-26T12:00:00Z,2026-02-27T23:00:00Z,28,0.769084,hgb-v2-train-before-20260201,false
1,2026-02-26T19:00:00Z,2026-02-26T12:00:00Z,2026-02-28T00:00:00Z,29,0.769092,hgb-v2-train-before-20260201,false
1,2026-02-26T19:00:00Z,2026-02-26T12:00:00Z,2026-02-28T01:00:00Z,30,0.764943,hgb-v2-train-before-20260201,false
1,2026-02-26T19:00:00Z,2026-02-26T12:00:00Z,2026-02-28T02:00:00Z,31,0.619770,hgb-v2-train-before-20260201,false
1,2026-02-26T19:00:00Z,2026-02-26T12:00:00Z,2026-02-28T03:00:00Z,32,0.764956,hgb-v2-train-before-20260201,false
1,2026-02-26T19:00:00Z,2026-02-26T12:00:00Z,2026-02-28T04:00:00Z,33,0.599625,hgb-v2-train-before-20260201,false
1,2026-02-26T19:00:00Z,2026-02-26T12:00:00Z,2026-02-28T05:00:00Z,34,0.744147,hgb-v2-train-before-20260201,false
1,2026-02-26T19:00:00Z,2026-02-26T12:00:00Z,2026-02-28T06:00:00Z,35,0.793697,hgb-v2-train-before-20260201,false
1,2026-02-26T19:00:00Z,2026-02-26T12:00:00Z,2026-02-28T07:00:00Z,36,0.743466,hgb-v2-train-before-20260201,false
1,2026-02-26T19:00:00Z,2026-02-26T12:00:00Z,2026-02-28T08:00:00Z,37,0.644348,hgb-v2-train-before-20260201,false
1,2026-02-26T19:00:00Z,2026-02-26T12:00:00Z,2026-02-28T09:00:00Z,38,0.667099,hgb-v2-train-before-20260201,false
1,2026-02-26T19:00:00Z,2026-02-26T12:00:00Z,2026-02-28T10:00:00Z,39,0.633296,hgb-v2-train-before-20260201,false
1,2026-02-26T19:00:00Z,2026-02-26T12:00:00Z,2026-02-28T11:00:00Z,40,0.530335,hgb-v2-train-before-20260201,false
1,2026-02-26T19:00:00Z,2026-02-26T12:00:00Z,2026-02-28T12:00:00Z,41,0.467546,hgb-v2-train-before-20260201,false
1,2026-02-26T19:00:00Z,2026-02-26T12:00:00Z,2026-02-28T13:00:00Z,42,0.427346,hgb-v2-train-before-20260201,false
1,2026-02-26T19:00:00Z,2026-02-26T12:00:00Z,2026-02-28T14:00:00Z,43,0.416887,hgb-v2-train-before-20260201,false
1,2026-02-26T19:00:00Z,2026-02-26T12:00:00Z,2026-02-28T15:00:00Z,44,0.200459,hgb-v2-train-before-20260201,false
1,2026-02-26T19:00:00Z,2026-02-26T12:00:00Z,2026-02-28T16:00:00Z,45,0.181912,hgb-v2-train-before-20260201,false
1,2026-02-26T19:00:00Z,2026-02-26T12:00:00Z,2026-02-28T17:00:00Z,46,0.173216,hgb-v2-train-before-20260201,false
1,2026-02-26T19:00:00Z,2026-02-26T12:00:00Z,2026-02-28T18:00:00Z,47,0.138096,hgb-v2-train-before-20260201,false
1,2026-02-26T19:00:00Z,2026-02-26T12:00:00Z,2026-02-28T19:00:00Z,48,0.147307,hgb-v2-train-before-20260201,false
2,2026-02-26T19:00:00Z,2026-02-26T12:00:00Z,2026-02-26T20:00:00Z,1,0.524515,hgb-v2-train-before-20260201,false
2,2026-02-26T19:00:00Z,2026-02-26T12:00:00Z,2026-02-26T21:00:00Z,2,0.405413,hgb-v2-train-before-20260201,false
2,2026-02-26T19:00:00Z,2026-02-26T12:00:00Z,2026-02-26T22:00:00Z,3,0.304591,hgb-v2-train-before-20260201,false
2,2026-02-26T19:00:00Z,2026-02-26T12:00:00Z,2026-02-26T23:00:00Z,4,0.219273,hgb-v2-train-before-20260201,false
2,2026-02-26T19:00:00Z,2026-02-26T12:00:00Z,2026-02-27T00:00:00Z,5,0.270778,hgb-v2-train-before-20260201,false
2,2026-02-26T19:00:00Z,2026-02-26T12:00:00Z,2026-02-27T01:00:00Z,6,0.281117,hgb-v2-train-before-20260201,false
2,2026-02-26T19:00:00Z,2026-02-26T12:00:00Z,2026-02-27T02:00:00Z,7,0.258147,hgb-v2-train-before-20260201,false
2,2026-02-26T19:00:00Z,2026-02-26T12:00:00Z,2026-02-27T03:00:00Z,8,0.159571,hgb-v2-train-before-20260201,false
2,2026-02-26T19:00:00Z,2026-02-26T12:00:00Z,2026-02-27T04:00:00Z,9,0.136220,hgb-v2-train-before-20260201,false
2,2026-02-26T19:00:00Z,2026-02-26T12:00:00Z,2026-02-27T05:00:00Z,10,0.048493,hgb-v2-train-before-20260201,false
2,2026-02-26T19:00:00Z,2026-02-26T12:00:00Z,2026-02-27T06:00:00Z,11,0.109037,hgb-v2-train-before-20260201,false
2,2026-02-26T19:00:00Z,2026-02-26T12:00:00Z,2026-02-27T07:00:00Z,12,0.143481,hgb-v2-train-before-20260201,false
2,2026-02-26T19:00:00Z,2026-02-26T12:00:00Z,2026-02-27T08:00:00Z,13,0.269705,hgb-v2-train-before-20260201,false
2,2026-02-26T19:00:00Z,2026-02-26T12:00:00Z,2026-02-27T09:00:00Z,14,0.263302,hgb-v2-train-before-20260201,false
2,2026-02-26T19:00:00Z,2026-02-26T12:00:00Z,2026-02-27T10:00:00Z,15,0.452090,hgb-v2-train-before-20260201,false
2,2026-02-26T19:00:00Z,2026-02-26T12:00:00Z,2026-02-27T11:00:00Z,16,0.525335,hgb-v2-train-before-20260201,false
2,2026-02-26T19:00:00Z,2026-02-26T12:00:00Z,2026-02-27T12:00:00Z,17,0.411473,hgb-v2-train-before-20260201,false
2,2026-02-26T19:00:00Z,2026-02-26T12:00:00Z,2026-02-27T13:00:00Z,18,0.545903,hgb-v2-train-before-20260201,false
2,2026-02-26T19:00:00Z,2026-02-26T12:00:00Z,2026-02-27T14:00:00Z,19,0.491655,hgb-v2-train-before-20260201,false
2,2026-02-26T19:00:00Z,2026-02-26T12:00:00Z,2026-02-27T15:00:00Z,20,0.712982,hgb-v2-train-before-20260201,false
2,2026-02-26T19:00:00Z,2026-02-26T12:00:00Z,2026-02-27T16:00:00Z,21,0.736288,hgb-v2-train-before-20260201,false
2,2026-02-26T19:00:00Z,2026-02-26T12:00:00Z,2026-02-27T17:00:00Z,22,0.575744,hgb-v2-train-before-20260201,false
2,2026-02-26T19:00:00Z,2026-02-26T12:00:00Z,2026-02-27T18:00:00Z,23,0.566732,hgb-v2-train-before-20260201,false
2,2026-02-26T19:00:00Z,2026-02-26T12:00:00Z,2026-02-27T19:00:00Z,24,0.584093,hgb-v2-train-before-20260201,false
2,2026-02-26T19:00:00Z,2026-02-26T12:00:00Z,2026-02-27T20:00:00Z,25,0.595301,hgb-v2-train-before-20260201,false
2,2026-02-26T19:00:00Z,2026-02-26T12:00:00Z,2026-02-27T21:00:00Z,26,0.716085,hgb-v2-train-before-20260201,false
2,2026-02-26T19:00:00Z,2026-02-26T12:00:00Z,2026-02-27T22:00:00Z,27,0.593314,hgb-v2-train-before-20260201,false
2,2026-02-26T19:00:00Z,2026-02-26T12:00:00Z,2026-02-27T23:00:00Z,28,0.778313,hgb-v2-train-before-20260201,false
2,2026-02-26T19:00:00Z,2026-02-26T12:00:00Z,2026-02-28T00:00:00Z,29,0.777694,hgb-v2-train-before-20260201,false
2,2026-02-26T19:00:00Z,2026-02-26T12:00:00Z,2026-02-28T01:00:00Z,30,0.770181,hgb-v2-train-before-20260201,false
2,2026-02-26T19:00:00Z,2026-02-26T12:00:00Z,2026-02-28T02:00:00Z,31,0.623637,hgb-v2-train-before-20260201,false
2,2026-02-26T19:00:00Z,2026-02-26T12:00:00Z,2026-02-28T03:00:00Z,32,0.768196,hgb-v2-train-before-20260201,false
2,2026-02-26T19:00:00Z,2026-02-26T12:00:00Z,2026-02-28T04:00:00Z,33,0.602865,hgb-v2-train-before-20260201,false
2,2026-02-26T19:00:00Z,2026-02-26T12:00:00Z,2026-02-28T05:00:00Z,34,0.747388,hgb-v2-train-before-20260201,false
2,2026-02-26T19:00:00Z,2026-02-26T12:00:00Z,2026-02-28T06:00:00Z,35,0.796937,hgb-v2-train-before-20260201,false
2,2026-02-26T19:00:00Z,2026-02-26T12:00:00Z,2026-02-28T07:00:00Z,36,0.746706,hgb-v2-train-before-20260201,false
2,2026-02-26T19:00:00Z,2026-02-26T12:00:00Z,2026-02-28T08:00:00Z,37,0.647588,hgb-v2-train-before-20260201,false
2,2026-02-26T19:00:00Z,2026-02-26T12:00:00Z,2026-02-28T09:00:00Z,38,0.666212,hgb-v2-train-before-20260201,false
2,2026-02-26T19:00:00Z,2026-02-26T12:00:00Z,2026-02-28T10:00:00Z,39,0.632409,hgb-v2-train-before-20260201,false
2,2026-02-26T19:00:00Z,2026-02-26T12:00:00Z,2026-02-28T11:00:00Z,40,0.530076,hgb-v2-train-before-20260201,false
2,2026-02-26T19:00:00Z,2026-02-26T12:00:00Z,2026-02-28T12:00:00Z,41,0.467287,hgb-v2-train-before-20260201,false
2,2026-02-26T19:00:00Z,2026-02-26T12:00:00Z,2026-02-28T13:00:00Z,42,0.427083,hgb-v2-train-before-20260201,false
2,2026-02-26T19:00:00Z,2026-02-26T12:00:00Z,2026-02-28T14:00:00Z,43,0.416531,hgb-v2-train-before-20260201,false
2,2026-02-26T19:00:00Z,2026-02-26T12:00:00Z,2026-02-28T15:00:00Z,44,0.200103,hgb-v2-train-before-20260201,false
2,2026-02-26T19:00:00Z,2026-02-26T12:00:00Z,2026-02-28T16:00:00Z,45,0.181557,hgb-v2-train-before-20260201,false
2,2026-02-26T19:00:00Z,2026-02-26T12:00:00Z,2026-02-28T17:00:00Z,46,0.172762,hgb-v2-train-before-20260201,false
2,2026-02-26T19:00:00Z,2026-02-26T12:00:00Z,2026-02-28T18:00:00Z,47,0.137643,hgb-v2-train-before-20260201,false
2,2026-02-26T19:00:00Z,2026-02-26T12:00:00Z,2026-02-28T19:00:00Z,48,0.146853,hgb-v2-train-before-20260201,false
1,2026-02-27T19:00:00Z,2026-02-27T12:00:00Z,2026-02-27T20:00:00Z,1,0.584081,hgb-v2-train-before-20260201,false
1,2026-02-27T19:00:00Z,2026-02-27T12:00:00Z,2026-02-27T21:00:00Z,2,0.645149,hgb-v2-train-before-20260201,false
1,2026-02-27T19:00:00Z,2026-02-27T12:00:00Z,2026-02-27T22:00:00Z,3,0.741805,hgb-v2-train-before-20260201,false
1,2026-02-27T19:00:00Z,2026-02-27T12:00:00Z,2026-02-27T23:00:00Z,4,0.724046,hgb-v2-train-before-20260201,false
1,2026-02-27T19:00:00Z,2026-02-27T12:00:00Z,2026-02-28T00:00:00Z,5,0.676797,hgb-v2-train-before-20260201,false
1,2026-02-27T19:00:00Z,2026-02-27T12:00:00Z,2026-02-28T01:00:00Z,6,0.717473,hgb-v2-train-before-20260201,false
1,2026-02-27T19:00:00Z,2026-02-27T12:00:00Z,2026-02-28T02:00:00Z,7,0.860913,hgb-v2-train-before-20260201,false
1,2026-02-27T19:00:00Z,2026-02-27T12:00:00Z,2026-02-28T03:00:00Z,8,0.807194,hgb-v2-train-before-20260201,false
1,2026-02-27T19:00:00Z,2026-02-27T12:00:00Z,2026-02-28T04:00:00Z,9,0.799342,hgb-v2-train-before-20260201,false
1,2026-02-27T19:00:00Z,2026-02-27T12:00:00Z,2026-02-28T05:00:00Z,10,0.894276,hgb-v2-train-before-20260201,false
1,2026-02-27T19:00:00Z,2026-02-27T12:00:00Z,2026-02-28T06:00:00Z,11,0.801355,hgb-v2-train-before-20260201,false
1,2026-02-27T19:00:00Z,2026-02-27T12:00:00Z,2026-02-28T07:00:00Z,12,0.736968,hgb-v2-train-before-20260201,false
1,2026-02-27T19:00:00Z,2026-02-27T12:00:00Z,2026-02-28T08:00:00Z,13,0.749382,hgb-v2-train-before-20260201,false
1,2026-02-27T19:00:00Z,2026-02-27T12:00:00Z,2026-02-28T09:00:00Z,14,0.730825,hgb-v2-train-before-20260201,false
1,2026-02-27T19:00:00Z,2026-02-27T12:00:00Z,2026-02-28T10:00:00Z,15,0.674414,hgb-v2-train-before-20260201,false
1,2026-02-27T19:00:00Z,2026-02-27T12:00:00Z,2026-02-28T11:00:00Z,16,0.735217,hgb-v2-train-before-20260201,false
1,2026-02-27T19:00:00Z,2026-02-27T12:00:00Z,2026-02-28T12:00:00Z,17,0.546635,hgb-v2-train-before-20260201,false
1,2026-02-27T19:00:00Z,2026-02-27T12:00:00Z,2026-02-28T13:00:00Z,18,0.568949,hgb-v2-train-before-20260201,false
1,2026-02-27T19:00:00Z,2026-02-27T12:00:00Z,2026-02-28T14:00:00Z,19,0.491635,hgb-v2-train-before-20260201,false
1,2026-02-27T19:00:00Z,2026-02-27T12:00:00Z,2026-02-28T15:00:00Z,20,0.348994,hgb-v2-train-before-20260201,false
1,2026-02-27T19:00:00Z,2026-02-27T12:00:00Z,2026-02-28T16:00:00Z,21,0.166334,hgb-v2-train-before-20260201,false
1,2026-02-27T19:00:00Z,2026-02-27T12:00:00Z,2026-02-28T17:00:00Z,22,0.192165,hgb-v2-train-before-20260201,false
1,2026-02-27T19:00:00Z,2026-02-27T12:00:00Z,2026-02-28T18:00:00Z,23,0.154550,hgb-v2-train-before-20260201,false
1,2026-02-27T19:00:00Z,2026-02-27T12:00:00Z,2026-02-28T19:00:00Z,24,0.104556,hgb-v2-train-before-20260201,false
1,2026-02-27T19:00:00Z,2026-02-27T12:00:00Z,2026-02-28T20:00:00Z,25,0.069570,hgb-v2-train-before-20260201,false
1,2026-02-27T19:00:00Z,2026-02-27T12:00:00Z,2026-02-28T21:00:00Z,26,0.043361,hgb-v2-train-before-20260201,false
1,2026-02-27T19:00:00Z,2026-02-27T12:00:00Z,2026-02-28T22:00:00Z,27,0.033530,hgb-v2-train-before-20260201,false
1,2026-02-27T19:00:00Z,2026-02-27T12:00:00Z,2026-02-28T23:00:00Z,28,0.027493,hgb-v2-train-before-20260201,false
1,2026-02-27T19:00:00Z,2026-02-27T12:00:00Z,2026-03-01T00:00:00Z,29,0.016198,hgb-v2-train-before-20260201,false
1,2026-02-27T19:00:00Z,2026-02-27T12:00:00Z,2026-03-01T01:00:00Z,30,0.025569,hgb-v2-train-before-20260201,false
1,2026-02-27T19:00:00Z,2026-02-27T12:00:00Z,2026-03-01T02:00:00Z,31,0.051307,hgb-v2-train-before-20260201,false
1,2026-02-27T19:00:00Z,2026-02-27T12:00:00Z,2026-03-01T03:00:00Z,32,0.036147,hgb-v2-train-before-20260201,false
1,2026-02-27T19:00:00Z,2026-02-27T12:00:00Z,2026-03-01T04:00:00Z,33,0.012032,hgb-v2-train-before-20260201,false
1,2026-02-27T19:00:00Z,2026-02-27T12:00:00Z,2026-03-01T05:00:00Z,34,0.016702,hgb-v2-train-before-20260201,false
1,2026-02-27T19:00:00Z,2026-02-27T12:00:00Z,2026-03-01T06:00:00Z,35,0.035382,hgb-v2-train-before-20260201,false
1,2026-02-27T19:00:00Z,2026-02-27T12:00:00Z,2026-03-01T07:00:00Z,36,0.028408,hgb-v2-train-before-20260201,false
1,2026-02-27T19:00:00Z,2026-02-27T12:00:00Z,2026-03-01T08:00:00Z,37,0.024050,hgb-v2-train-before-20260201,false
1,2026-02-27T19:00:00Z,2026-02-27T12:00:00Z,2026-03-01T09:00:00Z,38,0.020895,hgb-v2-train-before-20260201,false
1,2026-02-27T19:00:00Z,2026-02-27T12:00:00Z,2026-03-01T10:00:00Z,39,0.033844,hgb-v2-train-before-20260201,false
1,2026-02-27T19:00:00Z,2026-02-27T12:00:00Z,2026-03-01T11:00:00Z,40,0.006409,hgb-v2-train-before-20260201,false
1,2026-02-27T19:00:00Z,2026-02-27T12:00:00Z,2026-03-01T12:00:00Z,41,0.017125,hgb-v2-train-before-20260201,false
1,2026-02-27T19:00:00Z,2026-02-27T12:00:00Z,2026-03-01T13:00:00Z,42,0.009722,hgb-v2-train-before-20260201,false
1,2026-02-27T19:00:00Z,2026-02-27T12:00:00Z,2026-03-01T14:00:00Z,43,0.026267,hgb-v2-train-before-20260201,false
1,2026-02-27T19:00:00Z,2026-02-27T12:00:00Z,2026-03-01T15:00:00Z,44,0.125389,hgb-v2-train-before-20260201,false
1,2026-02-27T19:00:00Z,2026-02-27T12:00:00Z,2026-03-01T16:00:00Z,45,0.461681,hgb-v2-train-before-20260201,false
1,2026-02-27T19:00:00Z,2026-02-27T12:00:00Z,2026-03-01T17:00:00Z,46,0.735355,hgb-v2-train-before-20260201,false
1,2026-02-27T19:00:00Z,2026-02-27T12:00:00Z,2026-03-01T18:00:00Z,47,0.842466,hgb-v2-train-before-20260201,false
1,2026-02-27T19:00:00Z,2026-02-27T12:00:00Z,2026-03-01T19:00:00Z,48,0.873759,hgb-v2-train-before-20260201,false
2,2026-02-27T19:00:00Z,2026-02-27T12:00:00Z,2026-02-27T20:00:00Z,1,0.593309,hgb-v2-train-before-20260201,false
2,2026-02-27T19:00:00Z,2026-02-27T12:00:00Z,2026-02-27T21:00:00Z,2,0.654378,hgb-v2-train-before-20260201,false
2,2026-02-27T19:00:00Z,2026-02-27T12:00:00Z,2026-02-27T22:00:00Z,3,0.751033,hgb-v2-train-before-20260201,false
2,2026-02-27T19:00:00Z,2026-02-27T12:00:00Z,2026-02-27T23:00:00Z,4,0.733274,hgb-v2-train-before-20260201,false
2,2026-02-27T19:00:00Z,2026-02-27T12:00:00Z,2026-02-28T00:00:00Z,5,0.686026,hgb-v2-train-before-20260201,false
2,2026-02-27T19:00:00Z,2026-02-27T12:00:00Z,2026-02-28T01:00:00Z,6,0.723339,hgb-v2-train-before-20260201,false
2,2026-02-27T19:00:00Z,2026-02-27T12:00:00Z,2026-02-28T02:00:00Z,7,0.864154,hgb-v2-train-before-20260201,false
2,2026-02-27T19:00:00Z,2026-02-27T12:00:00Z,2026-02-28T03:00:00Z,8,0.810434,hgb-v2-train-before-20260201,false
2,2026-02-27T19:00:00Z,2026-02-27T12:00:00Z,2026-02-28T04:00:00Z,9,0.802582,hgb-v2-train-before-20260201,false
2,2026-02-27T19:00:00Z,2026-02-27T12:00:00Z,2026-02-28T05:00:00Z,10,0.897516,hgb-v2-train-before-20260201,false
2,2026-02-27T19:00:00Z,2026-02-27T12:00:00Z,2026-02-28T06:00:00Z,11,0.804595,hgb-v2-train-before-20260201,false
2,2026-02-27T19:00:00Z,2026-02-27T12:00:00Z,2026-02-28T07:00:00Z,12,0.740208,hgb-v2-train-before-20260201,false
2,2026-02-27T19:00:00Z,2026-02-27T12:00:00Z,2026-02-28T08:00:00Z,13,0.752622,hgb-v2-train-before-20260201,false
2,2026-02-27T19:00:00Z,2026-02-27T12:00:00Z,2026-02-28T09:00:00Z,14,0.729939,hgb-v2-train-before-20260201,false
2,2026-02-27T19:00:00Z,2026-02-27T12:00:00Z,2026-02-28T10:00:00Z,15,0.673527,hgb-v2-train-before-20260201,false
2,2026-02-27T19:00:00Z,2026-02-27T12:00:00Z,2026-02-28T11:00:00Z,16,0.734331,hgb-v2-train-before-20260201,false
2,2026-02-27T19:00:00Z,2026-02-27T12:00:00Z,2026-02-28T12:00:00Z,17,0.546376,hgb-v2-train-before-20260201,false
2,2026-02-27T19:00:00Z,2026-02-27T12:00:00Z,2026-02-28T13:00:00Z,18,0.570689,hgb-v2-train-before-20260201,false
2,2026-02-27T19:00:00Z,2026-02-27T12:00:00Z,2026-02-28T14:00:00Z,19,0.491182,hgb-v2-train-before-20260201,false
2,2026-02-27T19:00:00Z,2026-02-27T12:00:00Z,2026-02-28T15:00:00Z,20,0.348638,hgb-v2-train-before-20260201,false
2,2026-02-27T19:00:00Z,2026-02-27T12:00:00Z,2026-02-28T16:00:00Z,21,0.165978,hgb-v2-train-before-20260201,false
2,2026-02-27T19:00:00Z,2026-02-27T12:00:00Z,2026-02-28T17:00:00Z,22,0.191810,hgb-v2-train-before-20260201,false
2,2026-02-27T19:00:00Z,2026-02-27T12:00:00Z,2026-02-28T18:00:00Z,23,0.154194,hgb-v2-train-before-20260201,false
2,2026-02-27T19:00:00Z,2026-02-27T12:00:00Z,2026-02-28T19:00:00Z,24,0.104200,hgb-v2-train-before-20260201,false
2,2026-02-27T19:00:00Z,2026-02-27T12:00:00Z,2026-02-28T20:00:00Z,25,0.069214,hgb-v2-train-before-20260201,false
2,2026-02-27T19:00:00Z,2026-02-27T12:00:00Z,2026-02-28T21:00:00Z,26,0.043006,hgb-v2-train-before-20260201,false
2,2026-02-27T19:00:00Z,2026-02-27T12:00:00Z,2026-02-28T22:00:00Z,27,0.033175,hgb-v2-train-before-20260201,false
2,2026-02-27T19:00:00Z,2026-02-27T12:00:00Z,2026-02-28T23:00:00Z,28,0.027137,hgb-v2-train-before-20260201,false
2,2026-02-27T19:00:00Z,2026-02-27T12:00:00Z,2026-03-01T00:00:00Z,29,0.015842,hgb-v2-train-before-20260201,false
2,2026-02-27T19:00:00Z,2026-02-27T12:00:00Z,2026-03-01T01:00:00Z,30,0.025115,hgb-v2-train-before-20260201,false
2,2026-02-27T19:00:00Z,2026-02-27T12:00:00Z,2026-03-01T02:00:00Z,31,0.050854,hgb-v2-train-before-20260201,false
2,2026-02-27T19:00:00Z,2026-02-27T12:00:00Z,2026-03-01T03:00:00Z,32,0.035693,hgb-v2-train-before-20260201,false
2,2026-02-27T19:00:00Z,2026-02-27T12:00:00Z,2026-03-01T04:00:00Z,33,0.011579,hgb-v2-train-before-20260201,false
2,2026-02-27T19:00:00Z,2026-02-27T12:00:00Z,2026-03-01T05:00:00Z,34,0.016248,hgb-v2-train-before-20260201,false
2,2026-02-27T19:00:00Z,2026-02-27T12:00:00Z,2026-03-01T06:00:00Z,35,0.034928,hgb-v2-train-before-20260201,false
2,2026-02-27T19:00:00Z,2026-02-27T12:00:00Z,2026-03-01T07:00:00Z,36,0.027954,hgb-v2-train-before-20260201,false
2,2026-02-27T19:00:00Z,2026-02-27T12:00:00Z,2026-03-01T08:00:00Z,37,0.023596,hgb-v2-train-before-20260201,false
2,2026-02-27T19:00:00Z,2026-02-27T12:00:00Z,2026-03-01T09:00:00Z,38,0.020539,hgb-v2-train-before-20260201,false
2,2026-02-27T19:00:00Z,2026-02-27T12:00:00Z,2026-03-01T10:00:00Z,39,0.033488,hgb-v2-train-before-20260201,false
2,2026-02-27T19:00:00Z,2026-02-27T12:00:00Z,2026-03-01T11:00:00Z,40,0.006105,hgb-v2-train-before-20260201,false
2,2026-02-27T19:00:00Z,2026-02-27T12:00:00Z,2026-03-01T12:00:00Z,41,0.016820,hgb-v2-train-before-20260201,false
2,2026-02-27T19:00:00Z,2026-02-27T12:00:00Z,2026-03-01T13:00:00Z,42,0.009418,hgb-v2-train-before-20260201,false
2,2026-02-27T19:00:00Z,2026-02-27T12:00:00Z,2026-03-01T14:00:00Z,43,0.025963,hgb-v2-train-before-20260201,false
2,2026-02-27T19:00:00Z,2026-02-27T12:00:00Z,2026-03-01T15:00:00Z,44,0.124929,hgb-v2-train-before-20260201,false
2,2026-02-27T19:00:00Z,2026-02-27T12:00:00Z,2026-03-01T16:00:00Z,45,0.461221,hgb-v2-train-before-20260201,false
2,2026-02-27T19:00:00Z,2026-02-27T12:00:00Z,2026-03-01T17:00:00Z,46,0.742930,hgb-v2-train-before-20260201,false
2,2026-02-27T19:00:00Z,2026-02-27T12:00:00Z,2026-03-01T18:00:00Z,47,0.848054,hgb-v2-train-before-20260201,false
2,2026-02-27T19:00:00Z,2026-02-27T12:00:00Z,2026-03-01T19:00:00Z,48,0.893168,hgb-v2-train-before-20260201,false
