turbine_id,forecast_origin_utc,weather_run_utc,target_time_utc,horizon_h,predicted_power,model_version,fallback_used
1,2025-12-31T19:00:00Z,2025-12-31T12:00:00Z,2025-12-31T20:00:00Z,1,0.898254,hgb-jan-eval-train-before-20260101,false
1,2025-12-31T19:00:00Z,2025-12-31T12:00:00Z,2025-12-31T21:00:00Z,2,0.989831,hgb-jan-eval-train-before-20260101,false
1,2025-12-31T19:00:00Z,2025-12-31T12:00:00Z,2025-12-31T22:00:00Z,3,0.989831,hgb-jan-eval-train-before-20260101,false
1,2025-12-31T19:00:00Z,2025-12-31T12:00:00Z,2025-12-31T23:00:00Z,4,0.990274,hgb-jan-eval-train-before-20260101,false
1,2025-12-31T19:00:00Z,2025-12-31T12:00:00Z,2026-01-01T00:00:00Z,5,0.989526,hgb-jan-eval-train-before-20260101,false
1,2025-12-31T19:00:00Z,2025-12-31T12:00:00Z,2026-01-01T01:00:00Z,6,0.980957,hgb-jan-eval-train-before-20260101,false
1,2025-12-31T19:00:00Z,2025-12-31T12:00:00Z,2026-01-01T02:00:00Z,7,0.883026,hgb-jan-eval-train-before-20260101,false
1,2025-12-31T19:00:00Z,2025-12-31T12:00:00Z,2026-01-01T03:00:00Z,8,0.782647,hgb-jan-eval-train-before-20260101,false
1,2025-12-31T19:00:00Z,2025-12-31T12:00:00Z,2026-01-01T04:00:00Z,9,0.567892,hgb-jan-eval-train-before-20260101,false
1,2025-12-31T19:00:00Z,2025-12-31T12:00:00Z,2026-01-01T05:00:00Z,10,0.325363,hgb-jan-eval-train-before-20260101,false
1,2025-12-31T19:00:00Z,2025-12-31T12:00:00Z,2026-01-01T06:00:00Z,11,0.137865,hgb-jan-eval-train-before-20260101,false
1,2025-12-31T19:00:00Z,2025-12-31T12:00:00Z,2026-01-01T07:00:00Z,12,0.093558,hgb-jan-eval-train-before-20260101,false
1,2025-12-31T19:00:00Z,2025-12-31T12:00:00Z,2026-01-01T08:00:00Z,13,0.040743,hgb-jan-eval-train-before-20260101,false
1,2025-12-31T19:00:00Z,2025-12-31T12:00:00Z,2026-01-01T09:00:00Z,14,0.009431,hgb-jan-eval-train-before-20260101,false
1,2025-12-31T19:00:00Z,2025-12-31T12:00:00Z,2026-01-01T10:00:00Z,15,0.010148,hgb-jan-eval-train-before-20260101,false
1,2025-12-31T19:00:00Z,2025-12-31T12:00:00Z,2026-01-01T11:00:00Z,16,0.012183,hgb-jan-eval-train-before-20260101,false
1,2025-12-31T19:00:00Z,2025-12-31T12:00:00Z,2026-01-01T12:00:00Z,17,0.063482,hgb-jan-eval-train-before-20260101,false
1,2025-12-31T19:00:00Z,2025-12-31T12:00:00Z,2026-01-01T13:00:00Z,18,0.029279,hgb-jan-eval-train-before-20260101,false
1,2025-12-31T19:00:00Z,2025-12-31T12:00:00Z,2026-01-01T14:00:00Z,19,0.011503,hgb-jan-eval-train-before-20260101,false
1,2025-12-31T19:00:00Z,2025-12-31T12:00:00Z,2026-01-01T15:00:00Z,20,0.012450,hgb-jan-eval-train-before-20260101,false
1,2025-12-31T19:00:00Z,2025-12-31T12:00:00Z,2026-01-01T16:00:00Z,21,0.011060,hgb-jan-eval-train-before-20260101,false
1,2025-12-31T19:00:00Z,2025-12-31T12:00:00Z,2026-01-01T17:00:00Z,22,0.009947,hgb-jan-eval-train-before-20260101,false
1,2025-12-31T19:00:00Z,2025-12-31T12:00:00Z,2026-01-01T18:00:00Z,23,0.010610,hgb-jan-eval-train-before-20260101,false
1,2025-12-31T19:00:00Z,2025-12-31T12:00:00Z,2026-01-01T19:00:00Z,24,0.014688,hgb-jan-eval-train-before-20260101,false
1,2025-12-31T19:00:00Z,2025-12-31T12:00:00Z,2026-01-01T20:00:00Z,25,0.012578,hgb-jan-eval-train-before-20260101,false
1,2025-12-31T19:00:00Z,2025-12-31T12:00:00Z,2026-01-01T21:00:00Z,26,0.009548,hgb-jan-eval-train-before-20260101,false
1,2025-12-31T19:00:00Z,2025-12-31T12:00:00Z,2026-01-01T22:00:00Z,27,0.014838,hgb-jan-eval-train-before-20260101,false
1,2025-12-31T19:00:00Z,2025-12-31T12:00:00Z,2026-01-01T23:00:00Z,28,0.013788,hgb-jan-eval-train-before-20260101,false
1,2025-12-31T19:00:00Z,2025-12-31T12:00:00Z,2026-01-02T00:00:00Z,29,0.012868,hgb-jan-eval-train-before-20260101,false
1,2025-12-31T19:00:00Z,2025-12-31T12:00:00Z,2026-01-02T01:00:00Z,30,0.016120,hgb-jan-eval-train-before-20260101,false
1,2025-12-31T19:00:00Z,2025-12-31T12:00:00Z,2026-01-02T02:00:00Z,31,0.016241,hgb-jan-eval-train-before-20260101,false
1,2025-12-31T19:00:00Z,2025-12-31T12:00:00Z,2026-01-02T03:00:00Z,32,0.015353,hgb-jan-eval-train-before-20260101,false
1,2025-12-31T19:00:00Z,2025-12-31T12:00:00Z,2026-01-02T04:00:00Z,33,0.027097,hgb-jan-eval-train-before-20260101,false
1,2025-12-31T19:00:00Z,2025-12-31T12:00:00Z,2026-01-02T05:00:00Z,34,0.050058,hgb-jan-eval-train-before-20260101,false
1,2025-12-31T19:00:00Z,2025-12-31T12:00:00Z,2026-01-02T06:00:00Z,35,0.063718,hgb-jan-eval-train-before-20260101,false
1,2025-12-31T19:00:00Z,2025-12-31T12:00:00Z,2026-01-02T07:00:00Z,36,0.184999,hgb-jan-eval-train-before-20260101,false
1,2025-12-31T19:00:00Z,2025-12-31T12:00:00Z,2026-01-02T08:00:00Z,37,0.211224,hgb-jan-eval-train-before-20260101,false
1,2025-12-31T19:00:00Z,2025-12-31T12:00:00Z,2026-01-02T09:00:00Z,38,0.086986,hgb-jan-eval-train-before-20260101,false
1,2025-12-31T19:00:00Z,2025-12-31T12:00:00Z,2026-01-02T10:00:00Z,39,0.067777,hgb-jan-eval-train-before-20260101,false
1,2025-12-31T19:00:00Z,2025-12-31T12:00:00Z,2026-01-02T11:00:00Z,40,0.144252,hgb-jan-eval-train-before-20260101,false
1,2025-12-31T19:00:00Z,2025-12-31T12:00:00Z,2026-01-02T12:00:00Z,41,0.151239,hgb-jan-eval-train-before-20260101,false
1,2025-12-31T19:00:00Z,2025-12-31T12:00:00Z,2026-01-02T13:00:00Z,42,0.151481,hgb-jan-eval-train-before-20260101,false
1,2025-12-31T19:00:00Z,2025-12-31T12:00:00Z,2026-01-02T14:00:00Z,43,0.304596,hgb-jan-eval-train-before-20260101,false
1,2025-12-31T19:00:00Z,2025-12-31T12:00:00Z,2026-01-02T15:00:00Z,44,0.353053,hgb-jan-eval-train-before-20260101,false
1,2025-12-31T19:00:00Z,2025-12-31T12:00:00Z,2026-01-02T16:00:00Z,45,0.480675,hgb-jan-eval-train-before-20260101,false
1,2025-12-31T19:00:00Z,2025-12-31T12:00:00Z,2026-01-02T17:00:00Z,46,0.496962,hgb-jan-eval-train-before-20260101,false
1,2025-12-31T19:00:00Z,2025-12-31T12:00:00Z,2026-01-02T18:00:00Z,47,0.471907,hgb-jan-eval-train-before-20260101,false
1,2025-12-31T19:00:00Z,2025-12-31T12:00:00Z,2026-01-02T19:00:00Z,48,0.429312,hgb-jan-eval-train-before-20260101,false
2,2025-12-31T19:00:00Z,2025-12-31T12:00:00Z,2025-12-31T20:00:00Z,1,0.894744,hgb-jan-eval-train-before-20260101,false
2,2025-12-31T19:00:00Z,2025-12-31T12:00:00Z,2025-12-31T21:00:00Z,2,0.971133,hgb-jan-eval-train-before-20260101,false
2,2025-12-31T19:00:00Z,2025-12-31T12:00:00Z,2025-12-31T22:00:00Z,3,0.971133,hgb-jan-eval-train-before-20260101,false
2,2025-12-31T19:00:00Z,2025-12-31T12:00:00Z,2025-12-31T23:00:00Z,4,0.971490,hgb-jan-eval-train-before-20260101,false
2,2025-12-31T19:00:00Z,2025-12-31T12:00:00Z,2026-01-01T00:00:00Z,5,0.971376,hgb-jan-eval-train-before-20260101,false
2,2025-12-31T19:00:00Z,2025-12-31T12:00:00Z,2026-01-01T01:00:00Z,6,0.977889,hgb-jan-eval-train-before-20260101,false
2,2025-12-31T19:00:00Z,2025-12-31T12:00:00Z,2026-01-01T02:00:00Z,7,0.883748,hgb-jan-eval-train-before-20260101,false
2,2025-12-31T19:00:00Z,2025-12-31T12:00:00Z,2026-01-01T03:00:00Z,8,0.784056,hgb-jan-eval-train-before-20260101,false
2,2025-12-31T19:00:00Z,2025-12-31T12:00:00Z,2026-01-01T04:00:00Z,9,0.569300,hgb-jan-eval-train-before-20260101,false
2,2025-12-31T19:00:00Z,2025-12-31T12:00:00Z,2026-01-01T05:00:00Z,10,0.325077,hgb-jan-eval-train-before-20260101,false
2,2025-12-31T19:00:00Z,2025-12-31T12:00:00Z,2026-01-01T06:00:00Z,11,0.137580,hgb-jan-eval-train-before-20260101,false
2,2025-12-31T19:00:00Z,2025-12-31T12:00:00Z,2026-01-01T07:00:00Z,12,0.093221,hgb-jan-eval-train-before-20260101,false
2,2025-12-31T19:00:00Z,2025-12-31T12:00:00Z,2026-01-01T08:00:00Z,13,0.040406,hgb-jan-eval-train-before-20260101,false
2,2025-12-31T19:00:00Z,2025-12-31T12:00:00Z,2026-01-01T09:00:00Z,14,0.009094,hgb-jan-eval-train-before-20260101,false
2,2025-12-31T19:00:00Z,2025-12-31T12:00:00Z,2026-01-01T10:00:00Z,15,0.009811,hgb-jan-eval-train-before-20260101,false
2,2025-12-31T19:00:00Z,2025-12-31T12:00:00Z,2026-01-01T11:00:00Z,16,0.011846,hgb-jan-eval-train-before-20260101,false
2,2025-12-31T19:00:00Z,2025-12-31T12:00:00Z,2026-01-01T12:00:00Z,17,0.063049,hgb-jan-eval-train-before-20260101,false
2,2025-12-31T19:00:00Z,2025-12-31T12:00:00Z,2026-01-01T13:00:00Z,18,0.028847,hgb-jan-eval-train-before-20260101,false
2,2025-12-31T19:00:00Z,2025-12-31T12:00:00Z,2026-01-01T14:00:00Z,19,0.011070,hgb-jan-eval-train-before-20260101,false
2,2025-12-31T19:00:00Z,2025-12-31T12:00:00Z,2026-01-01T15:00:00Z,20,0.011284,hgb-jan-eval-train-before-20260101,false
2,2025-12-31T19:00:00Z,2025-12-31T12:00:00Z,2026-01-01T16:00:00Z,21,0.010627,hgb-jan-eval-train-before-20260101,false
2,2025-12-31T19:00:00Z,2025-12-31T12:00:00Z,2026-01-01T17:00:00Z,22,0.009514,hgb-jan-eval-train-before-20260101,false
2,2025-12-31T19:00:00Z,2025-12-31T12:00:00Z,2026-01-01T18:00:00Z,23,0.010177,hgb-jan-eval-train-before-20260101,false
2,2025-12-31T19:00:00Z,2025-12-31T12:00:00Z,2026-01-01T19:00:00Z,24,0.014255,hgb-jan-eval-train-before-20260101,false
2,2025-12-31T19:00:00Z,2025-12-31T12:00:00Z,2026-01-01T20:00:00Z,25,0.012145,hgb-jan-eval-train-before-20260101,false
2,2025-12-31T19:00:00Z,2025-12-31T12:00:00Z,2026-01-01T21:00:00Z,26,0.009116,hgb-jan-eval-train-before-20260101,false
2,2025-12-31T19:00:00Z,2025-12-31T12:00:00Z,2026-01-01T22:00:00Z,27,0.014406,hgb-jan-eval-train-before-20260101,false
2,2025-12-31T19:00:00Z,2025-12-31T12:00:00Z,2026-01-01T23:00:00Z,28,0.013355,hgb-jan-eval-train-before-20260101,false
2,2025-12-31T19:00:00Z,2025-12-31T12:00:00Z,2026-01-02T00:00:00Z,29,0.012436,hgb-jan-eval-train-before-20260101,false
2,2025-12-31T19:00:00Z,2025-12-31T12:00:00Z,2026-01-02T01:00:00Z,30,0.014954,hgb-jan-eval-train-before-20260101,false
2,2025-12-31T19:00:00Z,2025-12-31T12:00:00Z,2026-01-02T02:00:00Z,31,0.015075,hgb-jan-eval-train-before-20260101,false
2,2025-12-31T19:00:00Z,2025-12-31T12:00:00Z,2026-01-02T03:00:00Z,32,0.014282,hgb-jan-eval-train-before-20260101,false
2,2025-12-31T19:00:00Z,2025-12-31T12:00:00Z,2026-01-02T04:00:00Z,33,0.025890,hgb-jan-eval-train-before-20260101,false
2,2025-12-31T19:00:00Z,2025-12-31T12:00:00Z,2026-01-02T05:00:00Z,34,0.049721,hgb-jan-eval-train-before-20260101,false
2,2025-12-31T19:00:00Z,2025-12-31T12:00:00Z,2026-01-02T06:00:00Z,35,0.063432,hgb-jan-eval-train-before-20260101,false
2,2025-12-31T19:00:00Z,2025-12-31T12:00:00Z,2026-01-02T07:00:00Z,36,0.184714,hgb-jan-eval-train-before-20260101,false
2,2025-12-31T19:00:00Z,2025-12-31T12:00:00Z,2026-01-02T08:00:00Z,37,0.210938,hgb-jan-eval-train-before-20260101,false
2,2025-12-31T19:00:00Z,2025-12-31T12:00:00Z,2026-01-02T09:00:00Z,38,0.086700,hgb-jan-eval-train-before-20260101,false
2,2025-12-31T19:00:00Z,2025-12-31T12:00:00Z,2026-01-02T10:00:00Z,39,0.067492,hgb-jan-eval-train-before-20260101,false
2,2025-12-31T19:00:00Z,2025-12-31T12:00:00Z,2026-01-02T11:00:00Z,40,0.143046,hgb-jan-eval-train-before-20260101,false
2,2025-12-31T19:00:00Z,2025-12-31T12:00:00Z,2026-01-02T12:00:00Z,41,0.155433,hgb-jan-eval-train-before-20260101,false
2,2025-12-31T19:00:00Z,2025-12-31T12:00:00Z,2026-01-02T13:00:00Z,42,0.155675,hgb-jan-eval-train-before-20260101,false
2,2025-12-31T19:00:00Z,2025-12-31T12:00:00Z,2026-01-02T14:00:00Z,43,0.308789,hgb-jan-eval-train-before-20260101,false
2,2025-12-31T19:00:00Z,2025-12-31T12:00:00Z,2026-01-02T15:00:00Z,44,0.351751,hgb-jan-eval-train-before-20260101,false
2,2025-12-31T19:00:00Z,2025-12-31T12:00:00Z,2026-01-02T16:00:00Z,45,0.479373,hgb-jan-eval-train-before-20260101,false
2,2025-12-31T19:00:00Z,2025-12-31T12:00:00Z,2026-01-02T17:00:00Z,46,0.495661,hgb-jan-eval-train-before-20260101,false
2,2025-12-31T19:00:00Z,2025-12-31T12:00:00Z,2026-01-02T18:00:00Z,47,0.470605,hgb-jan-eval-train-before-20260101,false
2,2025-12-31T19:00:00Z,2025-12-31T12:00:00Z,2026-01-02T19:00:00Z,48,0.428010,hgb-jan-eval-train-before-20260101,false
1,2026-01-01T19:00:00Z,2026-01-01T12:00:00Z,2026-01-01T20:00:00Z,1,0.013881,hgb-jan-eval-train-before-20260101,false
1,2026-01-01T19:00:00Z,2026-01-01T12:00:00Z,2026-01-01T21:00:00Z,2,0.013881,hgb-jan-eval-train-before-20260101,false
1,2026-01-01T19:00:00Z,2026-01-01T12:00:00Z,2026-01-01T22:00:00Z,3,0.014677,hgb-jan-eval-train-before-20260101,false
1,2026-01-01T19:00:00Z,2026-01-01T12:00:00Z,2026-01-01T23:00:00Z,4,0.014714,hgb-jan-eval-train-before-20260101,false
1,2026-01-01T19:00:00Z,2026-01-01T12:00:00Z,2026-01-02T00:00:00Z,5,0.009214,hgb-jan-eval-train-before-20260101,false
1,2026-01-01T19:00:00Z,2026-01-01T12:00:00Z,2026-01-02T01:00:00Z,6,0.009646,hgb-jan-eval-train-before-20260101,false
1,2026-01-01T19:00:00Z,2026-01-01T12:00:00Z,2026-01-02T02:00:00Z,7,0.008816,hgb-jan-eval-train-before-20260101,false
1,2026-01-01T19:00:00Z,2026-01-01T12:00:00Z,2026-01-02T03:00:00Z,8,0.014614,hgb-jan-eval-train-before-20260101,false
1,2026-01-01T19:00:00Z,2026-01-01T12:00:00Z,2026-01-02T04:00:00Z,9,0.011207,hgb-jan-eval-train-before-20260101,false
1,2026-01-01T19:00:00Z,2026-01-01T12:00:00Z,2026-01-02T05:00:00Z,10,0.047374,hgb-jan-eval-train-before-20260101,false
1,2026-01-01T19:00:00Z,2026-01-01T12:00:00Z,2026-01-02T06:00:00Z,11,0.182068,hgb-jan-eval-train-before-20260101,false
1,2026-01-01T19:00:00Z,2026-01-01T12:00:00Z,2026-01-02T07:00:00Z,12,0.280813,hgb-jan-eval-train-before-20260101,false
1,2026-01-01T19:00:00Z,2026-01-01T12:00:00Z,2026-01-02T08:00:00Z,13,0.201148,hgb-jan-eval-train-before-20260101,false
1,2026-01-01T19:00:00Z,2026-01-01T12:00:00Z,2026-01-02T09:00:00Z,14,0.081358,hgb-jan-eval-train-before-20260101,false
1,2026-01-01T19:00:00Z,2026-01-01T12:00:00Z,2026-01-02T10:00:00Z,15,0.075710,hgb-jan-eval-train-before-20260101,false
1,2026-01-01T19:00:00Z,2026-01-01T12:00:00Z,2026-01-02T11:00:00Z,16,0.128071,hgb-jan-eval-train-before-20260101,false
1,2026-01-01T19:00:00Z,2026-01-01T12:00:00Z,2026-01-02T12:00:00Z,17,0.231571,hgb-jan-eval-train-before-20260101,false
1,2026-01-01T19:00:00Z,2026-01-01T12:00:00Z,2026-01-02T13:00:00Z,18,0.181771,hgb-jan-eval-train-before-20260101,false
1,2026-01-01T19:00:00Z,2026-01-01T12:00:00Z,2026-01-02T14:00:00Z,19,0.293638,hgb-jan-eval-train-before-20260101,false
1,2026-01-01T19:00:00Z,2026-01-01T12:00:00Z,2026-01-02T15:00:00Z,20,0.339097,hgb-jan-eval-train-before-20260101,false
1,2026-01-01T19:00:00Z,2026-01-01T12:00:00Z,2026-01-02T16:00:00Z,21,0.432814,hgb-jan-eval-train-before-20260101,false
1,2026-01-01T19:00:00Z,2026-01-01T12:00:00Z,2026-01-02T17:00:00Z,22,0.517410,hgb-jan-eval-train-before-20260101,false
1,2026-01-01T19:00:00Z,2026-01-01T12:00:00Z,2026-01-02T18:00:00Z,23,0.567499,hgb-jan-eval-train-before-20260101,false
1,2026-01-01T19:00:00Z,2026-01-01T12:00:00Z,2026-01-02T19:00:00Z,24,0.480884,hgb-jan-eval-train-before-20260101,false
1,2026-01-01T19:00:00Z,2026-01-01T12:00:00Z,2026-01-02T20:00:00Z,25,0.318793,hgb-jan-eval-train-before-20260101,false
1,2026-01-01T19:00:00Z,2026-01-01T12:00:00Z,2026-01-02T21:00:00Z,26,0.176464,hgb-jan-eval-train-before-20260101,false
1,2026-01-01T19:00:00Z,2026-01-01T12:00:00Z,2026-01-02T22:00:00Z,27,0.091584,hgb-jan-eval-train-before-20260101,false
1,2026-01-01T19:00:00Z,2026-01-01T12:00:00Z,2026-01-02T23:00:00Z,28,0.192555,hgb-jan-eval-train-before-20260101,false
1,2026-01-01T19:00:00Z,2026-01-01T12:00:00Z,2026-01-03T00:00:00Z,29,0.227719,hgb-jan-eval-train-before-20260101,false
1,2026-01-01T19:00:00Z,2026-01-01T12:00:00Z,2026-01-03T01:00:00Z,30,0.198020,hgb-jan-eval-train-before-20260101,false
1,2026-01-01T19:00:00Z,2026-01-01T12:00:00Z,2026-01-03T02:00:00Z,31,0.218049,hgb-jan-eval-train-before-20260101,false
1,2026-01-01T19:00:00Z,2026-01-01T12:00:00Z,2026-01-03T03:00:00Z,32,0.244446,hgb-jan-eval-train-before-20260101,false
1,2026-01-01T19:00:00Z,2026-01-01T12:00:00Z,2026-01-03T04:00:00Z,33,0.338771,hgb-jan-eval-train-before-20260101,false
1,2026-01-01T19:00:00Z,2026-01-01T12:00:00Z,2026-01-03T05:00:00Z,34,0.263059,hgb-jan-eval-train-before-20260101,false
1,2026-01-01T19:00:00Z,2026-01-01T12:00:00Z,2026-01-03T06:00:00Z,35,0.250908,hgb-jan-eval-train-before-20260101,false
1,2026-01-01T19:00:00Z,2026-01-01T12:00:00Z,2026-01-03T07:00:00Z,36,0.343946,hgb-jan-eval-train-before-20260101,false
1,2026-01-01T19:00:00Z,2026-01-01T12:00:00Z,2026-01-03T08:00:00Z,37,0.300059,hgb-jan-eval-train-before-20260101,false
1,2026-01-01T19:00:00Z,2026-01-01T12:00:00Z,2026-01-03T09:00:00Z,38,0.341233,hgb-jan-eval-train-before-20260101,false
1,2026-01-01T19:00:00Z,2026-01-01T12:00:00Z,2026-01-03T10:00:00Z,39,0.420286,hgb-jan-eval-train-before-20260101,false
1,2026-01-01T19:00:00Z,2026-01-01T12:00:00Z,2026-01-03T11:00:00Z,40,0.425259,hgb-jan-eval-train-before-20260101,false
1,2026-01-01T19:00:00Z,2026-01-01T12:00:00Z,2026-01-03T12:00:00Z,41,0.365314,hgb-jan-eval-train-before-20260101,false
1,2026-01-01T19:00:00Z,2026-01-01T12:00:00Z,2026-01-03T13:00:00Z,42,0.435489,hgb-jan-eval-train-before-20260101,false
1,2026-01-01T19:00:00Z,2026-01-01T12:00:00Z,2026-01-03T14:00:00Z,43,0.410645,hgb-jan-eval-train-before-20260101,false
1,2026-01-01T19:00:00Z,2026-01-01T12:00:00Z,2026-01-03T15:00:00Z,44,0.327377,hgb-jan-eval-train-before-20260101,false
1,2026-01-01T19:00:00Z,2026-01-01T12:00:00Z,2026-01-03T16:00:00Z,45,0.317827,hgb-jan-eval-train-before-20260101,false
1,2026-01-01T19:00:00Z,2026-01-01T12:00:00Z,2026-01-03T17:00:00Z,46,0.312535,hgb-jan-eval-train-before-20260101,false
1,2026-01-01T19:00:00Z,2026-01-01T12:00:00Z,2026-01-03T18:00:00Z,47,0.301526,hgb-jan-eval-train-before-20260101,false
1,2026-01-01T19:00:00Z,2026-01-01T12:00:00Z,2026-01-03T19:00:00Z,48,0.255464,hgb-jan-eval-train-before-20260101,false
2,2026-01-01T19:00:00Z,2026-01-01T12:00:00Z,2026-01-01T20:00:00Z,1,0.013448,hgb-jan-eval-train-before-20260101,false
2,2026-01-01T19:00:00Z,2026-01-01T12:00:00Z,2026-01-01T21:00:00Z,2,0.013448,hgb-jan-eval-train-before-20260101,false
2,2026-01-01T19:00:00Z,2026-01-01T12:00:00Z,2026-01-01T22:00:00Z,3,0.014245,hgb-jan-eval-train-before-20260101,false
2,2026-01-01T19:00:00Z,2026-01-01T12:00:00Z,2026-01-01T23:00:00Z,4,0.014282,hgb-jan-eval-train-before-20260101,false
2,2026-01-01T19:00:00Z,2026-01-01T12:00:00Z,2026-01-02T00:00:00Z,5,0.008781,hgb-jan-eval-train-before-20260101,false
2,2026-01-01T19:00:00Z,2026-01-01T12:00:00Z,2026-01-02T01:00:00Z,6,0.009214,hgb-jan-eval-train-before-20260101,false
2,2026-01-01T19:00:00Z,2026-01-01T12:00:00Z,2026-01-02T02:00:00Z,7,0.008383,hgb-jan-eval-train-before-20260101,false
2,2026-01-01T19:00:00Z,2026-01-01T12:00:00Z,2026-01-02T03:00:00Z,8,0.014277,hgb-jan-eval-train-before-20260101,false
2,2026-01-01T19:00:00Z,2026-01-01T12:00:00Z,2026-01-02T04:00:00Z,9,0.010870,hgb-jan-eval-train-before-20260101,false
2,2026-01-01T19:00:00Z,2026-01-01T12:00:00Z,2026-01-02T05:00:00Z,10,0.047036,hgb-jan-eval-train-before-20260101,false
2,2026-01-01T19:00:00Z,2026-01-01T12:00:00Z,2026-01-02T06:00:00Z,11,0.181782,hgb-jan-eval-train-before-20260101,false
2,2026-01-01T19:00:00Z,2026-01-01T12:00:00Z,2026-01-02T07:00:00Z,12,0.280718,hgb-jan-eval-train-before-20260101,false
2,2026-01-01T19:00:00Z,2026-01-01T12:00:00Z,2026-01-02T08:00:00Z,13,0.201053,hgb-jan-eval-train-before-20260101,false
2,2026-01-01T19:00:00Z,2026-01-01T12:00:00Z,2026-01-02T09:00:00Z,14,0.081073,hgb-jan-eval-train-before-20260101,false
2,2026-01-01T19:00:00Z,2026-01-01T12:00:00Z,2026-01-02T10:00:00Z,15,0.075424,hgb-jan-eval-train-before-20260101,false
2,2026-01-01T19:00:00Z,2026-01-01T12:00:00Z,2026-01-02T11:00:00Z,16,0.127734,hgb-jan-eval-train-before-20260101,false
2,2026-01-01T19:00:00Z,2026-01-01T12:00:00Z,2026-01-02T12:00:00Z,17,0.235765,hgb-jan-eval-train-before-20260101,false
2,2026-01-01T19:00:00Z,2026-01-01T12:00:00Z,2026-01-02T13:00:00Z,18,0.185964,hgb-jan-eval-train-before-20260101,false
2,2026-01-01T19:00:00Z,2026-01-01T12:00:00Z,2026-01-02T14:00:00Z,19,0.297832,hgb-jan-eval-train-before-20260101,false
2,2026-01-01T19:00:00Z,2026-01-01T12:00:00Z,2026-01-02T15:00:00Z,20,0.337796,hgb-jan-eval-train-before-20260101,false
2,2026-01-01T19:00:00Z,2026-01-01T12:00:00Z,2026-01-02T16:00:00Z,21,0.431513,hgb-jan-eval-train-before-20260101,false
2,2026-01-01T19:00:00Z,2026-01-01T12:00:00Z,2026-01-02T17:00:00Z,22,0.516109,hgb-jan-eval-train-before-20260101,false
2,2026-01-01T19:00:00Z,2026-01-01T12:00:00Z,2026-01-02T18:00:00Z,23,0.566198,hgb-jan-eval-train-before-20260101,false
2,2026-01-01T19:00:00Z,2026-01-01T12:00:00Z,2026-01-02T19:00:00Z,24,0.479582,hgb-jan-eval-train-before-20260101,false
2,2026-01-01T19:00:00Z,2026-01-01T12:00:00Z,2026-01-02T20:00:00Z,25,0.317492,hgb-jan-eval-train-before-20260101,false
2,2026-01-01T19:00:00Z,2026-01-01T12:00:00Z,2026-01-02T21:00:00Z,26,0.172818,hgb-jan-eval-train-before-20260101,false
2,2026-01-01T19:00:00Z,2026-01-01T12:00:00Z,2026-01-02T22:00:00Z,27,0.087937,hgb-jan-eval-train-before-20260101,false
2,2026-01-01T19:00:00Z,2026-01-01T12:00:00Z,2026-01-02T23:00:00Z,28,0.188908,hgb-jan-eval-train-before-20260101,false
2,2026-01-01T19:00:00Z,2026-01-01T12:00:00Z,2026-01-03T00:00:00Z,29,0.224072,hgb-jan-eval-train-before-20260101,false
2,2026-01-01T19:00:00Z,2026-01-01T12:00:00Z,2026-01-03T01:00:00Z,30,0.194373,hgb-jan-eval-train-before-20260101,false
2,2026-01-01T19:00:00Z,2026-01-01T12:00:00Z,2026-01-03T02:00:00Z,31,0.214402,hgb-jan-eval-train-before-20260101,false
2,2026-01-01T19:00:00Z,2026-01-01T12:00:00Z,2026-01-03T03:00:00Z,32,0.243579,hgb-jan-eval-train-before-20260101,false
2,2026-01-01T19:00:00Z,2026-01-01T12:00:00Z,2026-01-03T04:00:00Z,33,0.337564,hgb-jan-eval-train-before-20260101,false
2,2026-01-01T19:00:00Z,2026-01-01T12:00:00Z,2026-01-03T05:00:00Z,34,0.261904,hgb-jan-eval-train-before-20260101,false
2,2026-01-01T19:00:00Z,2026-01-01T12:00:00Z,2026-01-03T06:00:00Z,35,0.253293,hgb-jan-eval-train-before-20260101,false
2,2026-01-01T19:00:00Z,2026-01-01T12:00:00Z,2026-01-03T07:00:00Z,36,0.346330,hgb-jan-eval-train-before-20260101,false
2,2026-01-01T19:00:00Z,2026-01-01T12:00:00Z,2026-01-03T08:00:00Z,37,0.302444,hgb-jan-eval-train-before-20260101,false
2,2026-01-01T19:00:00Z,2026-01-01T12:00:00Z,2026-01-03T09:00:00Z,38,0.341139,hgb-jan-eval-train-before-20260101,false
2,2026-01-01T19:00:00Z,2026-01-01T12:00:00Z,2026-01-03T10:00:00Z,39,0.419131,hgb-jan-eval-train-before-20260101,false
2,2026-01-01T19:00:00Z,2026-01-01T12:00:00Z,2026-01-03T11:00:00Z,40,0.424104,hgb-jan-eval-train-before-20260101,false
2,2026-01-01T19:00:00Z,2026-01-01T12:00:00Z,2026-01-03T12:00:00Z,41,0.369508,hgb-jan-eval-train-before-20260101,false
2,2026-01-01T19:00:00Z,2026-01-01T12:00:00Z,2026-01-03T13:00:00Z,42,0.439683,hgb-jan-eval-train-before-20260101,false
2,2026-01-01T19:00:00Z,2026-01-01T12:00:00Z,2026-01-03T14:00:00Z,43,0.414839,hgb-jan-eval-train-before-20260101,false
2,2026-01-01T19:00:00Z,2026-01-01T12:00:00Z,2026-01-03T15:00:00Z,44,0.326076,hgb-jan-eval-train-before-20260101,false
2,2026-01-01T19:00:00Z,2026-01-01T12:00:00Z,2026-01-03T16:00:00Z,45,0.314180,hgb-jan-eval-train-before-20260101,false
2,2026-01-01T19:00:00Z,2026-01-01T12:00:00Z,2026-01-03T17:00:00Z,46,0.311234,hgb-jan-eval-train-before-20260101,false
2,2026-01-01T19:00:00Z,2026-01-01T12:00:00Z,2026-01-03T18:00:00Z,47,0.300225,hgb-jan-eval-train-before-20260101,false
2,2026-01-01T19:00:00Z,2026-01-01T12:00:00Z,2026-01-03T19:00:00Z,48,0.254162,hgb-jan-eval-train-before-20260101,false
1,2026-01-02T19:00:00Z,2026-01-02T12:00:00Z,2026-01-02T20:00:00Z,1,0.124718,hgb-jan-eval-train-before-20260101,false
1,2026-01-02T19:00:00Z,2026-01-02T12:00:00Z,2026-01-02T21:00:00Z,2,0.129748,hgb-jan-eval-train-before-20260101,false
1,2026-01-02T19:00:00Z,2026-01-02T12:00:00Z,2026-01-02T22:00:00Z,3,0.226542,hgb-jan-eval-train-before-20260101,false
1,2026-01-02T19:00:00Z,2026-01-02T12:00:00Z,2026-01-02T23:00:00Z,4,0.231809,hgb-jan-eval-train-before-20260101,false
1,2026-01-02T19:00:00Z,2026-01-02T12:00:00Z,2026-01-03T00:00:00Z,5,0.260424,hgb-jan-eval-train-before-20260101,false
1,2026-01-02T19:00:00Z,2026-01-02T12:00:00Z,2026-01-03T01:00:00Z,6,0.307888,hgb-jan-eval-train-before-20260101,false
1,2026-01-02T19:00:00Z,2026-01-02T12:00:00Z,2026-01-03T02:00:00Z,7,0.320561,hgb-jan-eval-train-before-20260101,false
1,2026-01-02T19:00:00Z,2026-01-02T12:00:00Z,2026-01-03T03:00:00Z,8,0.330898,hgb-jan-eval-train-before-20260101,false
1,2026-01-02T19:00:00Z,2026-01-02T12:00:00Z,2026-01-03T04:00:00Z,9,0.575129,hgb-jan-eval-train-before-20260101,false
1,2026-01-02T19:00:00Z,2026-01-02T12:00:00Z,2026-01-03T05:00:00Z,10,0.292123,hgb-jan-eval-train-before-20260101,false
1,2026-01-02T19:00:00Z,2026-01-02T12:00:00Z,2026-01-03T06:00:00Z,11,0.374707,hgb-jan-eval-train-before-20260101,false
1,2026-01-02T19:00:00Z,2026-01-02T12:00:00Z,2026-01-03T07:00:00Z,12,0.306826,hgb-jan-eval-train-before-20260101,false
1,2026-01-02T19:00:00Z,2026-01-02T12:00:00Z,2026-01-03T08:00:00Z,13,0.258091,hgb-jan-eval-train-before-20260101,false
1,2026-01-02T19:00:00Z,2026-01-02T12:00:00Z,2026-01-03T09:00:00Z,14,0.252493,hgb-jan-eval-train-before-20260101,false
1,2026-01-02T19:00:00Z,2026-01-02T12:00:00Z,2026-01-03T10:00:00Z,15,0.383358,hgb-jan-eval-train-before-20260101,false
1,2026-01-02T19:00:00Z,2026-01-02T12:00:00Z,2026-01-03T11:00:00Z,16,0.456585,hgb-jan-eval-train-before-20260101,false
1,2026-01-02T19:00:00Z,2026-01-02T12:00:00Z,2026-01-03T12:00:00Z,17,0.413466,hgb-jan-eval-train-before-20260101,false
1,2026-01-02T19:00:00Z,2026-01-02T12:00:00Z,2026-01-03T13:00:00Z,18,0.409101,hgb-jan-eval-train-before-20260101,false
1,2026-01-02T19:00:00Z,2026-01-02T12:00:00Z,2026-01-03T14:00:00Z,19,0.324520,hgb-jan-eval-train-before-20260101,false
1,2026-01-02T19:00:00Z,2026-01-02T12:00:00Z,2026-01-03T15:00:00Z,20,0.329271,hgb-jan-eval-train-before-20260101,false
1,2026-01-02T19:00:00Z,2026-01-02T12:00:00Z,2026-01-03T16:00:00Z,21,0.314424,hgb-jan-eval-train-before-20260101,false
1,2026-01-02T19:00:00Z,2026-01-02T12:00:00Z,2026-01-03T17:00:00Z,22,0.223833,hgb-jan-eval-train-before-20260101,false
1,2026-01-02T19:00:00Z,2026-01-02T12:00:00Z,2026-01-03T18:00:00Z,23,0.203955,hgb-jan-eval-train-before-20260101,false
1,2026-01-02T19:00:00Z,2026-01-02T12:00:00Z,2026-01-03T19:00:00Z,24,0.208552,hgb-jan-eval-train-before-20260101,false
1,2026-01-02T19:00:00Z,2026-01-02T12:00:00Z,2026-01-03T20:00:00Z,25,0.229314,hgb-jan-eval-train-before-20260101,false
1,2026-01-02T19:00:00Z,2026-01-02T12:00:00Z,2026-01-03T21:00:00Z,26,0.236577,hgb-jan-eval-train-before-20260101,false
1,2026-01-02T19:00:00Z,2026-01-02T12:00:00Z,2026-01-03T22:00:00Z,27,0.251504,hgb-jan-eval-train-before-20260101,false
1,2026-01-02T19:00:00Z,2026-01-02T12:00:00Z,2026-01-03T23:00:00Z,28,0.305737,hgb-jan-eval-train-before-20260101,false
1,2026-01-02T19:00:00Z,2026-01-02T12:00:00Z,2026-01-04T00:00:00Z,29,0.336351,hgb-jan-eval-train-before-20260101,false
1,2026-01-02T19:00:00Z,2026-01-02T12:00:00Z,2026-01-04T01:00:00Z,30,0.445305,hgb-jan-eval-train-before-20260101,false
1,2026-01-02T19:00:00Z,2026-01-02T12:00:00Z,2026-01-04T02:00:00Z,31,0.401460,hgb-jan-eval-train-before-20260101,false
1,2026-01-02T19:00:00Z,2026-01-02T12:00:00Z,2026-01-04T03:00:00Z,32,0.471591,hgb-jan-eval-train-before-20260101,false
1,2026-01-02T19:00:00Z,2026-01-02T12:00:00Z,2026-01-04T04:00:00Z,33,0.015378,hgb-jan-eval-train-before-20260101,false
1,2026-01-02T19:00:00Z,2026-01-02T12:00:00Z,2026-01-04T05:00:00Z,34,0.095435,hgb-jan-eval-train-before-20260101,false
1,2026-01-02T19:00:00Z,2026-01-02T12:00:00Z,2026-01-04T06:00:00Z,35,0.099518,hgb-jan-eval-train-before-20260101,false
1,2026-01-02T19:00:00Z,2026-01-02T12:00:00Z,2026-01-04T07:00:00Z,36,0.139008,hgb-jan-eval-train-before-20260101,false
1,2026-01-02T19:00:00Z,2026-01-02T12:00:00Z,2026-01-04T08:00:00Z,37,0.221514,hgb-jan-eval-train-before-20260101,false
1,2026-01-02T19:00:00Z,2026-01-02T12:00:00Z,2026-01-04T09:00:00Z,38,0.304545,hgb-jan-eval-train-before-20260101,false
1,2026-01-02T19:00:00Z,2026-01-02T12:00:00Z,2026-01-04T10:00:00Z,39,0.294218,hgb-jan-eval-train-before-20260101,false
1,2026-01-02T19:00:00Z,2026-01-02T12:00:00Z,2026-01-04T11:00:00Z,40,0.450230,hgb-jan-eval-train-before-20260101,false
1,2026-01-02T19:00:00Z,2026-01-02T12:00:00Z,2026-01-04T12:00:00Z,41,0.562699,hgb-jan-eval-train-before-20260101,false
1,2026-01-02T19:00:00Z,2026-01-02T12:00:00Z,2026-01-04T13:00:00Z,42,0.711472,hgb-jan-eval-train-before-20260101,false
1,2026-01-02T19:00:00Z,2026-01-02T12:00:00Z,2026-01-04T14:00:00Z,43,0.786963,hgb-jan-eval-train-before-20260101,false
1,2026-01-02T19:00:00Z,2026-01-02T12:00:00Z,2026-01-04T15:00:00Z,44,0.859442,hgb-jan-eval-train-before-20260101,false
1,2026-01-02T19:00:00Z,2026-01-02T12:00:00Z,2026-01-04T16:00:00Z,45,0.826454,hgb-jan-eval-train-before-20260101,false
1,2026-01-02T19:00:00Z,2026-01-02T12:00:00Z,2026-01-04T17:00:00Z,46,0.763299,hgb-jan-eval-train-before-20260101,false
1,2026-01-02T19:00:00Z,2026-01-02T12:00:00Z,2026-01-04T18:00:00Z,47,0.761703,hgb-jan-eval-train-before-20260101,false
1,2026-01-02T19:00:00Z,2026-01-02T12:00:00Z,2026-01-04T19:00:00Z,48,0.771788,hgb-jan-eval-train-before-20260101,false
2,2026-01-02T19:00:00Z,2026-01-02T12:00:00Z,2026-01-02T20:00:00Z,1,0.121072,hgb-jan-eval-train-before-20260101,false
2,2026-01-02T19:00:00Z,2026-01-02T12:00:00Z,2026-01-02T21:00:00Z,2,0.126101,hgb-jan-eval-train-before-20260101,false
2,2026-01-02T19:00:00Z,2026-01-02T12:00:00Z,2026-01-02T22:00:00Z,3,0.222895,hgb-jan-eval-train-before-20260101,false
2,2026-01-02T19:00:00Z,2026-01-02T12:00:00Z,2026-01-02T23:00:00Z,4,0.228162,hgb-jan-eval-train-before-20260101,false
2,2026-01-02T19:00:00Z,2026-01-02T12:00:00Z,2026-01-03T00:00:00Z,5,0.259462,hgb-jan-eval-train-before-20260101,false
2,2026-01-02T19:00:00Z,2026-01-02T12:00:00Z,2026-01-03T01:00:00Z,6,0.306926,hgb-jan-eval-train-before-20260101,false
2,2026-01-02T19:00:00Z,2026-01-02T12:00:00Z,2026-01-03T02:00:00Z,7,0.319599,hgb-jan-eval-train-before-20260101,false
2,2026-01-02T19:00:00Z,2026-01-02T12:00:00Z,2026-01-03T03:00:00Z,8,0.330031,hgb-jan-eval-train-before-20260101,false
2,2026-01-02T19:00:00Z,2026-01-02T12:00:00Z,2026-01-03T04:00:00Z,9,0.573974,hgb-jan-eval-train-before-20260101,false
2,2026-01-02T19:00:00Z,2026-01-02T12:00:00Z,2026-01-03T05:00:00Z,10,0.291837,hgb-jan-eval-train-before-20260101,false
2,2026-01-02T19:00:00Z,2026-01-02T12:00:00Z,2026-01-03T06:00:00Z,11,0.377421,hgb-jan-eval-train-before-20260101,false
2,2026-01-02T19:00:00Z,2026-01-02T12:00:00Z,2026-01-03T07:00:00Z,12,0.309540,hgb-jan-eval-train-before-20260101,false
2,2026-01-02T19:00:00Z,2026-01-02T12:00:00Z,2026-01-03T08:00:00Z,13,0.260804,hgb-jan-eval-train-before-20260101,false
2,2026-01-02T19:00:00Z,2026-01-02T12:00:00Z,2026-01-03T09:00:00Z,14,0.253649,hgb-jan-eval-train-before-20260101,false
2,2026-01-02T19:00:00Z,2026-01-02T12:00:00Z,2026-01-03T10:00:00Z,15,0.382203,hgb-jan-eval-train-before-20260101,false
2,2026-01-02T19:00:00Z,2026-01-02T12:00:00Z,2026-01-03T11:00:00Z,16,0.455379,hgb-jan-eval-train-before-20260101,false
2,2026-01-02T19:00:00Z,2026-01-02T12:00:00Z,2026-01-03T12:00:00Z,17,0.417660,hgb-jan-eval-train-before-20260101,false
2,2026-01-02T19:00:00Z,2026-01-02T12:00:00Z,2026-01-03T13:00:00Z,18,0.413295,hgb-jan-eval-train-before-20260101,false
2,2026-01-02T19:00:00Z,2026-01-02T12:00:00Z,2026-01-03T14:00:00Z,19,0.328714,hgb-jan-eval-train-before-20260101,false
2,2026-01-02T19:00:00Z,2026-01-02T12:00:00Z,2026-01-03T15:00:00Z,20,0.327969,hgb-jan-eval-train-before-20260101,false
2,2026-01-02T19:00:00Z,2026-01-02T12:00:00Z,2026-01-03T16:00:00Z,21,0.313123,hgb-jan-eval-train-before-20260101,false
2,2026-01-02T19:00:00Z,2026-01-02T12:00:00Z,2026-01-03T17:00:00Z,22,0.220186,hgb-jan-eval-train-before-20260101,false
2,2026-01-02T19:00:00Z,2026-01-02T12:00:00Z,2026-01-03T18:00:00Z,23,0.200308,hgb-jan-eval-train-before-20260101,false
2,2026-01-02T19:00:00Z,2026-01-02T12:00:00Z,2026-01-03T19:00:00Z,24,0.204906,hgb-jan-eval-train-before-20260101,false
2,2026-01-02T19:00:00Z,2026-01-02T12:00:00Z,2026-01-03T20:00:00Z,25,0.225667,hgb-jan-eval-train-before-20260101,false
2,2026-01-02T19:00:00Z,2026-01-02T12:00:00Z,2026-01-03T21:00:00Z,26,0.232930,hgb-jan-eval-train-before-20260101,false
2,2026-01-02T19:00:00Z,2026-01-02T12:00:00Z,2026-01-03T22:00:00Z,27,0.250203,hgb-jan-eval-train-before-20260101,false
2,2026-01-02T19:00:00Z,2026-01-02T12:00:00Z,2026-01-03T23:00:00Z,28,0.304435,hgb-jan-eval-train-before-20260101,false
2,2026-01-02T19:00:00Z,2026-01-02T12:00:00Z,2026-01-04T00:00:00Z,29,0.335050,hgb-jan-eval-train-before-20260101,false
2,2026-01-02T19:00:00Z,2026-01-02T12:00:00Z,2026-01-04T01:00:00Z,30,0.444004,hgb-jan-eval-train-before-20260101,false
2,2026-01-02T19:00:00Z,2026-01-02T12:00:00Z,2026-01-04T02:00:00Z,31,0.400159,hgb-jan-eval-train-before-20260101,false
2,2026-01-02T19:00:00Z,2026-01-02T12:00:00Z,2026-01-04T03:00:00Z,32,0.470385,hgb-jan-eval-train-before-20260101,false
2,2026-01-02T19:00:00Z,2026-01-02T12:00:00Z,2026-01-04T04:00:00Z,33,0.015040,hgb-jan-eval-train-before-20260101,false
2,2026-01-02T19:00:00Z,2026-01-02T12:00:00Z,2026-01-04T05:00:00Z,34,0.095150,hgb-jan-eval-train-before-20260101,false
2,2026-01-02T19:00:00Z,2026-01-02T12:00:00Z,2026-01-04T06:00:00Z,35,0.099180,hgb-jan-eval-train-before-20260101,false
2,2026-01-02T19:00:00Z,2026-01-02T12:00:00Z,2026-01-04T07:00:00Z,36,0.138723,hgb-jan-eval-train-before-20260101,false
2,2026-01-02T19:00:00Z,2026-01-02T12:00:00Z,2026-01-04T08:00:00Z,37,0.221228,hgb-jan-eval-train-before-20260101,false
2,2026-01-02T19:00:00Z,2026-01-02T12:00:00Z,2026-01-04T09:00:00Z,38,0.304259,hgb-jan-eval-train-before-20260101,false
2,2026-01-02T19:00:00Z,2026-01-02T12:00:00Z,2026-01-04T10:00:00Z,39,0.293932,hgb-jan-eval-train-before-20260101,false
2,2026-01-02T19:00:00Z,2026-01-02T12:00:00Z,2026-01-04T11:00:00Z,40,0.449892,hgb-jan-eval-train-before-20260101,false
2,2026-01-02T19:00:00Z,2026-01-02T12:00:00Z,2026-01-04T12:00:00Z,41,0.562267,hgb-jan-eval-train-before-20260101,false
2,2026-01-02T19:00:00Z,2026-01-02T12:00:00Z,2026-01-04T13:00:00Z,42,0.711091,hgb-jan-eval-train-before-20260101,false
2,2026-01-02T19:00:00Z,2026-01-02T12:00:00Z,2026-01-04T14:00:00Z,43,0.786582,hgb-jan-eval-train-before-20260101,false
2,2026-01-02T19:00:00Z,2026-01-02T12:00:00Z,2026-01-04T15:00:00Z,44,0.859061,hgb-jan-eval-train-before-20260101,false
2,2026-01-02T19:00:00Z,2026-01-02T12:00:00Z,2026-01-04T16:00:00Z,45,0.826073,hgb-jan-eval-train-before-20260101,false
2,2026-01-02T19:00:00Z,2026-01-02T12:00:00Z,2026-01-04T17:00:00Z,46,0.762918,hgb-jan-eval-train-before-20260101,false
2,2026-01-02T19:00:00Z,2026-01-02T12:00:00Z,2026-01-04T18:00:00Z,47,0.761322,hgb-jan-eval-train-before-20260101,false
2,2026-01-02T19:00:00Z,2026-01-02T12:00:00Z,2026-01-04T19:00:00Z,48,0.771407,hgb-jan-eval-train-before-20260101,false
1,2026-01-03T19:00:00Z,2026-01-03T12:00:00Z,2026-01-03T20:00:00Z,1,0.433839,hgb-jan-eval-train-before-20260101,false
1,2026-01-03T19:00:00Z,2026-01-03T12:00:00Z,2026-01-03T21:00:00Z,2,0.403603,hgb-jan-eval-train-before-20260101,false
1,2026-01-03T19:00:00Z,2026-01-03T12:00:00Z,2026-01-03T22:00:00Z,3,0.266638,hgb-jan-eval-train-before-20260101,false
1,2026-01-03T19:00:00Z,2026-01-03T12:00:00Z,2026-01-03T23:00:00Z,4,0.268371,hgb-jan-eval-train-before-20260101,false
1,2026-01-03T19:00:00Z,2026-01-03T12:00:00Z,2026-01-04T00:00:00Z,5,0.292942,hgb-jan-eval-train-before-20260101,false
1,2026-01-03T19:00:00Z,2026-01-03T12:00:00Z,2026-01-04T01:00:00Z,6,0.438751,hgb-jan-eval-train-before-20260101,false
1,2026-01-03T19:00:00Z,2026-01-03T12:00:00Z,2026-01-04T02:00:00Z,7,0.338712,hgb-jan-eval-train-before-20260101,false
1,2026-01-03T19:00:00Z,2026-01-03T12:00:00Z,2026-01-04T03:00:00Z,8,0.123333,hgb-jan-eval-train-before-20260101,false
1,2026-01-03T19:00:00Z,2026-01-03T12:00:00Z,2026-01-04T04:00:00Z,9,0.016289,hgb-jan-eval-train-before-20260101,false
1,2026-01-03T19:00:00Z,2026-01-03T12:00:00Z,2026-01-04T05:00:00Z,10,0.018583,hgb-jan-eval-train-before-20260101,false
1,2026-01-03T19:00:00Z,2026-01-03T12:00:00Z,2026-01-04T06:00:00Z,11,0.036103,hgb-jan-eval-train-before-20260101,false
1,2026-01-03T19:00:00Z,2026-01-03T12:00:00Z,2026-01-04T07:00:00Z,12,0.110086,hgb-jan-eval-train-before-20260101,false
1,2026-01-03T19:00:00Z,2026-01-03T12:00:00Z,2026-01-04T08:00:00Z,13,0.166281,hgb-jan-eval-train-before-20260101,false
1,2026-01-03T19:00:00Z,2026-01-03T12:00:00Z,2026-01-04T09:00:00Z,14,0.162960,hgb-jan-eval-train-before-20260101,false
1,2026-01-03T19:00:00Z,2026-01-03T12:00:00Z,2026-01-04T10:00:00Z,15,0.140808,hgb-jan-eval-train-before-20260101,false
1,2026-01-03T19:00:00Z,2026-01-03T12:00:00Z,2026-01-04T11:00:00Z,16,0.162836,hgb-jan-eval-train-before-20260101,false
1,2026-01-03T19:00:00Z,2026-01-03T12:00:00Z,2026-01-04T12:00:00Z,17,0.237108,hgb-jan-eval-train-before-20260101,false
1,2026-01-03T19:00:00Z,2026-01-03T12:00:00Z,2026-01-04T13:00:00Z,18,0.468904,hgb-jan-eval-train-before-20260101,false
1,2026-01-03T19:00:00Z,2026-01-03T12:00:00Z,2026-01-04T14:00:00Z,19,0.591351,hgb-jan-eval-train-before-20260101,false
1,2026-01-03T19:00:00Z,2026-01-03T12:00:00Z,2026-01-04T15:00:00Z,20,0.518831,hgb-jan-eval-train-before-20260101,false
1,2026-01-03T19:00:00Z,2026-01-03T12:00:00Z,2026-01-04T16:00:00Z,21,0.472501,hgb-jan-eval-train-before-20260101,false
1,2026-01-03T19:00:00Z,2026-01-03T12:00:00Z,2026-01-04T17:00:00Z,22,0.571493,hgb-jan-eval-train-before-20260101,false
1,2026-01-03T19:00:00Z,2026-01-03T12:00:00Z,2026-01-04T18:00:00Z,23,0.598285,hgb-jan-eval-train-before-20260101,false
1,2026-01-03T19:00:00Z,2026-01-03T12:00:00Z,2026-01-04T19:00:00Z,24,0.553787,hgb-jan-eval-train-before-20260101,false
1,2026-01-03T19:00:00Z,2026-01-03T12:00:00Z,2026-01-04T20:00:00Z,25,0.495407,hgb-jan-eval-train-before-20260101,false
1,2026-01-03T19:00:00Z,2026-01-03T12:00:00Z,2026-01-04T21:00:00Z,26,0.378294,hgb-jan-eval-train-before-20260101,false
1,2026-01-03T19:00:00Z,2026-01-03T12:00:00Z,2026-01-04T22:00:00Z,27,0.323225,hgb-jan-eval-train-before-20260101,false
1,2026-01-03T19:00:00Z,2026-01-03T12:00:00Z,2026-01-04T23:00:00Z,28,0.425602,hgb-jan-eval-train-before-20260101,false
1,2026-01-03T19:00:00Z,2026-01-03T12:00:00Z,2026-01-05T00:00:00Z,29,0.464231,hgb-jan-eval-train-before-20260101,false
1,2026-01-03T19:00:00Z,2026-01-03T12:00:00Z,2026-01-05T01:00:00Z,30,0.424735,hgb-jan-eval-train-before-20260101,false
1,2026-01-03T19:00:00Z,2026-01-03T12:00:00Z,2026-01-05T02:00:00Z,31,0.300012,hgb-jan-eval-train-before-20260101,false
1,2026-01-03T19:00:00Z,2026-01-03T12:00:00Z,2026-01-05T03:00:00Z,32,0.160746,hgb-jan-eval-train-before-20260101,false
1,2026-01-03T19:00:00Z,2026-01-03T12:00:00Z,2026-01-05T04:00:00Z,33,0.048328,hgb-jan-eval-train-before-20260101,false
1,2026-01-03T19:00:00Z,2026-01-03T12:00:00Z,2026-01-05T05:00:00Z,34,0.013427,hgb-jan-eval-train-before-20260101,false
1,2026-01-03T19:00:00Z,2026-01-03T12:00:00Z,2026-01-05T06:00:00Z,35,0.029261,hgb-jan-eval-train-before-20260101,false
1,2026-01-03T19:00:00Z,2026-01-03T12:00:00Z,2026-01-05T07:00:00Z,36,0.019819,hgb-jan-eval-train-before-20260101,false
1,2026-01-03T19:00:00Z,2026-01-03T12:00:00Z,2026-01-05T08:00:00Z,37,0.011992,hgb-jan-eval-train-before-20260101,false
1,2026-01-03T19:00:00Z,2026-01-03T12:00:00Z,2026-01-05T09:00:00Z,38,0.012240,hgb-jan-eval-train-before-20260101,false
1,2026-01-03T19:00:00Z,2026-01-03T12:00:00Z,2026-01-05T10:00:00Z,39,0.012046,hgb-jan-eval-train-before-20260101,false
1,2026-01-03T19:00:00Z,2026-01-03T12:00:00Z,2026-01-05T11:00:00Z,40,0.009616,hgb-jan-eval-train-before-20260101,false
1,2026-01-03T19:00:00Z,2026-01-03T12:00:00Z,2026-01-05T12:00:00Z,41,0.010856,hgb-jan-eval-train-before-20260101,false
1,2026-01-03T19:00:00Z,2026-01-03T12:00:00Z,2026-01-05T13:00:00Z,42,0.071663,hgb-jan-eval-train-before-20260101,false
1,2026-01-03T19:00:00Z,2026-01-03T12:00:00Z,2026-01-05T14:00:00Z,43,0.253759,hgb-jan-eval-train-before-20260101,false
1,2026-01-03T19:00:00Z,2026-01-03T12:00:00Z,2026-01-05T15:00:00Z,44,0.413504,hgb-jan-eval-train-before-20260101,false
1,2026-01-03T19:00:00Z,2026-01-03T12:00:00Z,2026-01-05T16:00:00Z,45,0.356154,hgb-jan-eval-train-before-20260101,false
1,2026-01-03T19:00:00Z,2026-01-03T12:00:00Z,2026-01-05T17:00:00Z,46,0.266934,hgb-jan-eval-train-before-20260101,false
1,2026-01-03T19:00:00Z,2026-01-03T12:00:00Z,2026-01-05T18:00:00Z,47,0.226248,hgb-jan-eval-train-before-20260101,false
1,2026-01-03T19:00:00Z,2026-01-03T12:00:00Z,2026-01-05T19:00:00Z,48,0.304909,hgb-jan-eval-train-before-20260101,false
2,2026-01-03T19:00:00Z,2026-01-03T12:00:00Z,2026-01-03T20:00:00Z,1,0.432537,hgb-jan-eval-train-before-20260101,false
2,2026-01-03T19:00:00Z,2026-01-03T12:00:00Z,2026-01-03T21:00:00Z,2,0.402302,hgb-jan-eval-train-before-20260101,false
2,2026-01-03T19:00:00Z,2026-01-03T12:00:00Z,2026-01-03T22:00:00Z,3,0.265336,hgb-jan-eval-train-before-20260101,false
2,2026-01-03T19:00:00Z,2026-01-03T12:00:00Z,2026-01-03T23:00:00Z,4,0.267070,hgb-jan-eval-train-before-20260101,false
2,2026-01-03T19:00:00Z,2026-01-03T12:00:00Z,2026-01-04T00:00:00Z,5,0.291641,hgb-jan-eval-train-before-20260101,false
2,2026-01-03T19:00:00Z,2026-01-03T12:00:00Z,2026-01-04T01:00:00Z,6,0.437449,hgb-jan-eval-train-before-20260101,false
2,2026-01-03T19:00:00Z,2026-01-03T12:00:00Z,2026-01-04T02:00:00Z,7,0.337411,hgb-jan-eval-train-before-20260101,false
2,2026-01-03T19:00:00Z,2026-01-03T12:00:00Z,2026-01-04T03:00:00Z,8,0.122127,hgb-jan-eval-train-before-20260101,false
2,2026-01-03T19:00:00Z,2026-01-03T12:00:00Z,2026-01-04T04:00:00Z,9,0.015951,hgb-jan-eval-train-before-20260101,false
2,2026-01-03T19:00:00Z,2026-01-03T12:00:00Z,2026-01-04T05:00:00Z,10,0.018246,hgb-jan-eval-train-before-20260101,false
2,2026-01-03T19:00:00Z,2026-01-03T12:00:00Z,2026-01-04T06:00:00Z,11,0.035766,hgb-jan-eval-train-before-20260101,false
2,2026-01-03T19:00:00Z,2026-01-03T12:00:00Z,2026-01-04T07:00:00Z,12,0.109800,hgb-jan-eval-train-before-20260101,false
2,2026-01-03T19:00:00Z,2026-01-03T12:00:00Z,2026-01-04T08:00:00Z,13,0.165995,hgb-jan-eval-train-before-20260101,false
2,2026-01-03T19:00:00Z,2026-01-03T12:00:00Z,2026-01-04T09:00:00Z,14,0.162674,hgb-jan-eval-train-before-20260101,false
2,2026-01-03T19:00:00Z,2026-01-03T12:00:00Z,2026-01-04T10:00:00Z,15,0.140522,hgb-jan-eval-train-before-20260101,false
2,2026-01-03T19:00:00Z,2026-01-03T12:00:00Z,2026-01-04T11:00:00Z,16,0.162499,hgb-jan-eval-train-before-20260101,false
2,2026-01-03T19:00:00Z,2026-01-03T12:00:00Z,2026-01-04T12:00:00Z,17,0.236676,hgb-jan-eval-train-before-20260101,false
2,2026-01-03T19:00:00Z,2026-01-03T12:00:00Z,2026-01-04T13:00:00Z,18,0.468472,hgb-jan-eval-train-before-20260101,false
2,2026-01-03T19:00:00Z,2026-01-03T12:00:00Z,2026-01-04T14:00:00Z,19,0.590918,hgb-jan-eval-train-before-20260101,false
2,2026-01-03T19:00:00Z,2026-01-03T12:00:00Z,2026-01-04T15:00:00Z,20,0.518399,hgb-jan-eval-train-before-20260101,false
2,2026-01-03T19:00:00Z,2026-01-03T12:00:00Z,2026-01-04T16:00:00Z,21,0.472069,hgb-jan-eval-train-before-20260101,false
2,2026-01-03T19:00:00Z,2026-01-03T12:00:00Z,2026-01-04T17:00:00Z,22,0.571060,hgb-jan-eval-train-before-20260101,false
2,2026-01-03T19:00:00Z,2026-01-03T12:00:00Z,2026-01-04T18:00:00Z,23,0.597852,hgb-jan-eval-train-before-20260101,false
2,2026-01-03T19:00:00Z,2026-01-03T12:00:00Z,2026-01-04T19:00:00Z,24,0.553355,hgb-jan-eval-train-before-20260101,false
2,2026-01-03T19:00:00Z,2026-01-03T12:00:00Z,2026-01-04T20:00:00Z,25,0.494974,hgb-jan-eval-train-before-20260101,false
2,2026-01-03T19:00:00Z,2026-01-03T12:00:00Z,2026-01-04T21:00:00Z,26,0.377862,hgb-jan-eval-train-before-20260101,false
2,2026-01-03T19:00:00Z,2026-01-03T12:00:00Z,2026-01-04T22:00:00Z,27,0.322793,hgb-jan-eval-train-before-20260101,false
2,2026-01-03T19:00:00Z,2026-01-03T12:00:00Z,2026-01-04T23:00:00Z,28,0.425170,hgb-jan-eval-train-before-20260101,false
2,2026-01-03T19:00:00Z,2026-01-03T12:00:00Z,2026-01-05T00:00:00Z,29,0.463799,hgb-jan-eval-train-before-20260101,false
2,2026-01-03T19:00:00Z,2026-01-03T12:00:00Z,2026-01-05T01:00:00Z,30,0.424303,hgb-jan-eval-train-before-20260101,false
2,2026-01-03T19:00:00Z,2026-01-03T12:00:00Z,2026-01-05T02:00:00Z,31,0.299580,hgb-jan-eval-train-before-20260101,false
2,2026-01-03T19:00:00Z,2026-01-03T12:00:00Z,2026-01-05T03:00:00Z,32,0.160408,hgb-jan-eval-train-before-20260101,false
2,2026-01-03T19:00:00Z,2026-01-03T12:00:00Z,2026-01-05T04:00:00Z,33,0.047991,hgb-jan-eval-train-before-20260101,false
2,2026-01-03T19:00:00Z,2026-01-03T12:00:00Z,2026-01-05T05:00:00Z,34,0.013090,hgb-jan-eval-train-before-20260101,false
2,2026-01-03T19:00:00Z,2026-01-03T12:00:00Z,2026-01-05T06:00:00Z,35,0.028924,hgb-jan-eval-train-before-20260101,false
2,2026-01-03T19:00:00Z,2026-01-03T12:00:00Z,2026-01-05T07:00:00Z,36,0.019482,hgb-jan-eval-train-before-20260101,false
2,2026-01-03T19:00:00Z,2026-01-03T12:00:00Z,2026-01-05T08:00:00Z,37,0.011655,hgb-jan-eval-train-before-20260101,false
2,2026-01-03T19:00:00Z,2026-01-03T12:00:00Z,2026-01-05T09:00:00Z,38,0.011903,hgb-jan-eval-train-before-20260101,false
2,2026-01-03T19:00:00Z,2026-01-03T12:00:00Z,2026-01-05T10:00:00Z,39,0.011709,hgb-jan-eval-train-before-20260101,false
2,2026-01-03T19:00:00Z,2026-01-03T12:00:00Z,2026-01-05T11:00:00Z,40,0.009279,hgb-jan-eval-train-before-20260101,false
2,2026-01-03T19:00:00Z,2026-01-03T12:00:00Z,2026-01-05T12:00:00Z,41,0.010423,hgb-jan-eval-train-before-20260101,false
2,2026-01-03T19:00:00Z,2026-01-03T12:00:00Z,2026-01-05T13:00:00Z,42,0.075857,hgb-jan-eval-train-before-20260101,false
2,2026-01-03T19:00:00Z,2026-01-03T12:00:00Z,2026-01-05T14:00:00Z,43,0.253327,hgb-jan-eval-train-before-20260101,false
2,2026-01-03T19:00:00Z,2026-01-03T12:00:00Z,2026-01-05T15:00:00Z,44,0.413071,hgb-jan-eval-train-before-20260101,false
2,2026-01-03T19:00:00Z,2026-01-03T12:00:00Z,2026-01-05T16:00:00Z,45,0.354852,hgb-jan-eval-train-before-20260101,false
2,2026-01-03T19:00:00Z,2026-01-03T12:00:00Z,2026-01-05T17:00:00Z,46,0.263287,hgb-jan-eval-train-before-20260101,false
2,2026-01-03T19:00:00Z,2026-01-03T12:00:00Z,2026-01-05T18:00:00Z,47,0.222601,hgb-jan-eval-train-before-20260101,false
2,2026-01-03T19:00:00Z,2026-01-03T12:00:00Z,2026-01-05T19:00:00Z,48,0.301263,hgb-jan-eval-train-before-20260101,false
1,2026-01-04T19:00:00Z,2026-01-04T12:00:00Z,2026-01-04T20:00:00Z,1,0.244200,hgb-jan-eval-train-before-20260101,false
1,2026-01-04T19:00:00Z,2026-01-04T12:00:00Z,2026-01-04T21:00:00Z,2,0.207013,hgb-jan-eval-train-before-20260101,false
1,2026-01-04T19:00:00Z,2026-01-04T12:00:00Z,2026-01-04T22:00:00Z,3,0.249103,hgb-jan-eval-train-before-20260101,false
1,2026-01-04T19:00:00Z,2026-01-04T12:00:00Z,2026-01-04T23:00:00Z,4,0.245306,hgb-jan-eval-train-before-20260101,false
1,2026-01-04T19:00:00Z,2026-01-04T12:00:00Z,2026-01-05T00:00:00Z,5,0.181311,hgb-jan-eval-train-before-20260101,false
1,2026-01-04T19:00:00Z,2026-01-04T12:00:00Z,2026-01-05T01:00:00Z,6,0.147599,hgb-jan-eval-train-before-20260101,false
1,2026-01-04T19:00:00Z,2026-01-04T12:00:00Z,2026-01-05T02:00:00Z,7,0.088917,hgb-jan-eval-train-before-20260101,false
1,2026-01-04T19:00:00Z,2026-01-04T12:00:00Z,2026-01-05T03:00:00Z,8,0.034807,hgb-jan-eval-train-before-20260101,false
1,2026-01-04T19:00:00Z,2026-01-04T12:00:00Z,2026-01-05T04:00:00Z,9,0.013826,hgb-jan-eval-train-before-20260101,false
1,2026-01-04T19:00:00Z,2026-01-04T12:00:00Z,2026-01-05T05:00:00Z,10,0.012270,hgb-jan-eval-train-before-20260101,false
1,2026-01-04T19:00:00Z,2026-01-04T12:00:00Z,2026-01-05T06:00:00Z,11,0.011548,hgb-jan-eval-train-before-20260101,false
1,2026-01-04T19:00:00Z,2026-01-04T12:00:00Z,2026-01-05T07:00:00Z,12,0.016377,hgb-jan-eval-train-before-20260101,false
1,2026-01-04T19:00:00Z,2026-01-04T12:00:00Z,2026-01-05T08:00:00Z,13,0.023957,hgb-jan-eval-train-before-20260101,false
1,2026-01-04T19:00:00Z,2026-01-04T12:00:00Z,2026-01-05T09:00:00Z,14,0.016547,hgb-jan-eval-train-before-20260101,false
1,2026-01-04T19:00:00Z,2026-01-04T12:00:00Z,2026-01-05T10:00:00Z,15,0.014139,hgb-jan-eval-train-before-20260101,false
1,2026-01-04T19:00:00Z,2026-01-04T12:00:00Z,2026-01-05T11:00:00Z,16,0.014042,hgb-jan-eval-train-before-20260101,false
1,2026-01-04T19:00:00Z,2026-01-04T12:00:00Z,2026-01-05T12:00:00Z,17,0.009861,hgb-jan-eval-train-before-20260101,false
1,2026-01-04T19:00:00Z,2026-01-04T12:00:00Z,2026-01-05T13:00:00Z,18,0.047320,hgb-jan-eval-train-before-20260101,false
1,2026-01-04T19:00:00Z,2026-01-04T12:00:00Z,2026-01-05T14:00:00Z,19,0.239738,hgb-jan-eval-train-before-20260101,false
1,2026-01-04T19:00:00Z,2026-01-04T12:00:00Z,2026-01-05T15:00:00Z,20,0.403374,hgb-jan-eval-train-before-20260101,false
1,2026-01-04T19:00:00Z,2026-01-04T12:00:00Z,2026-01-05T16:00:00Z,21,0.348589,hgb-jan-eval-train-before-20260101,false
1,2026-01-04T19:00:00Z,2026-01-04T12:00:00Z,2026-01-05T17:00:00Z,22,0.263180,hgb-jan-eval-train-before-20260101,false
1,2026-01-04T19:00:00Z,2026-01-04T12:00:00Z,2026-01-05T18:00:00Z,23,0.253545,hgb-jan-eval-train-before-20260101,false
1,2026-01-04T19:00:00Z,2026-01-04T12:00:00Z,2026-01-05T19:00:00Z,24,0.227627,hgb-jan-eval-train-before-20260101,false
1,2026-01-04T19:00:00Z,2026-01-04T12:00:00Z,2026-01-05T20:00:00Z,25,0.301677,hgb-jan-eval-train-before-20260101,false
1,2026-01-04T19:00:00Z,2026-01-04T12:00:00Z,2026-01-05T21:00:00Z,26,0.474969,hgb-jan-eval-train-before-20260101,false
1,2026-01-04T19:00:00Z,2026-01-04T12:00:00Z,2026-01-05T22:00:00Z,27,0.551219,hgb-jan-eval-train-before-20260101,false
1,2026-01-04T19:00:00Z,2026-01-04T12:00:00Z,2026-01-05T23:00:00Z,28,0.808525,hgb-jan-eval-train-before-20260101,false
1,2026-01-04T19:00:00Z,2026-01-04T12:00:00Z,2026-01-06T00:00:00Z,29,0.935573,hgb-jan-eval-train-before-20260101,false
1,2026-01-04T19:00:00Z,2026-01-04T12:00:00Z,2026-01-06T01:00:00Z,30,0.936863,hgb-jan-eval-train-before-20260101,false
1,2026-01-04T19:00:00Z,2026-01-04T12:00:00Z,2026-01-06T02:00:00Z,31,0.964889,hgb-jan-eval-train-before-20260101,false
1,2026-01-04T19:00:00Z,2026-01-04T12:00:00Z,2026-01-06T03:00:00Z,32,0.987383,hgb-jan-eval-train-before-20260101,false
1,2026-01-04T19:00:00Z,2026-01-04T12:00:00Z,2026-01-06T04:00:00Z,33,0.989061,hgb-jan-eval-train-before-20260101,false
1,2026-01-04T19:00:00Z,2026-01-04T12:00:00Z,2026-01-06T05:00:00Z,34,0.986344,hgb-jan-eval-train-before-20260101,false
1,2026-01-04T19:00:00Z,2026-01-04T12:00:00Z,2026-01-06T06:00:00Z,35,0.989449,hgb-jan-eval-train-before-20260101,false
1,2026-01-04T19:00:00Z,2026-01-04T12:00:00Z,2026-01-06T07:00:00Z,36,0.989265,hgb-jan-eval-train-before-20260101,false
1,2026-01-04T19:00:00Z,2026-01-04T12:00:00Z,2026-01-06T08:00:00Z,37,0.990967,hgb-jan-eval-train-before-20260101,false
1,2026-01-04T19:00:00Z,2026-01-04T12:00:00Z,2026-01-06T09:00:00Z,38,0.987999,hgb-jan-eval-train-before-20260101,false
1,2026-01-04T19:00:00Z,2026-01-04T12:00:00Z,2026-01-06T10:00:00Z,39,0.993756,hgb-jan-eval-train-before-20260101,false
1,2026-01-04T19:00:00Z,2026-01-04T12:00:00Z,2026-01-06T11:00:00Z,40,1.000000,hgb-jan-eval-train-before-20260101,false
1,2026-01-04T19:00:00Z,2026-01-04T12:00:00Z,2026-01-06T12:00:00Z,41,1.000000,hgb-jan-eval-train-before-20260101,false
1,2026-01-04T19:00:00Z,2026-01-04T12:00:00Z,2026-01-06T13:00:00Z,42,0.953754,hgb-jan-eval-train-before-20260101,false
1,2026-01-04T19:00:00Z,2026-01-04T12:00:00Z,2026-01-06T14:00:00Z,43,0.865115,hgb-jan-eval-train-before-20260101,false
1,2026-01-04T19:00:00Z,2026-01-04T12:00:00Z,2026-01-06T15:00:00Z,44,0.670322,hgb-jan-eval-train-before-20260101,false
1,2026-01-04T19:00:00Z,2026-01-04T12:00:00Z,2026-01-06T16:00:00Z,45,0.231514,hgb-jan-eval-train-before-20260101,false
1,2026-01-04T19:00:00Z,2026-01-04T12:00:00Z,2026-01-06T17:00:00Z,46,0.048347,hgb-jan-eval-train-before-20260101,false
1,2026-01-04T19:00:00Z,2026-01-04T12:00:00Z,2026-01-06T18:00:00Z,47,0.020610,hgb-jan-eval-train-before-20260101,false
1,2026-01-04T19:00:00Z,2026-01-04T12:00:00Z,2026-01-06T19:00:00Z,48,0.030861,hgb-jan-eval-train-before-20260101,false
2,2026-01-04T19:00:00Z,2026-01-04T12:00:00Z,2026-01-04T20:00:00Z,1,0.243768,hgb-jan-eval-train-before-20260101,false
2,2026-01-04T19:00:00Z,2026-01-04T12:00:00Z,2026-01-04T21:00:00Z,2,0.206581,hgb-jan-eval-train-before-20260101,false
2,2026-01-04T19:00:00Z,2026-01-04T12:00:00Z,2026-01-04T22:00:00Z,3,0.248671,hgb-jan-eval-train-before-20260101,false
2,2026-01-04T19:00:00Z,2026-01-04T12:00:00Z,2026-01-04T23:00:00Z,4,0.244873,hgb-jan-eval-train-before-20260101,false
2,2026-01-04T19:00:00Z,2026-01-04T12:00:00Z,2026-01-05T00:00:00Z,5,0.180879,hgb-jan-eval-train-before-20260101,false
2,2026-01-04T19:00:00Z,2026-01-04T12:00:00Z,2026-01-05T01:00:00Z,6,0.147166,hgb-jan-eval-train-before-20260101,false
2,2026-01-04T19:00:00Z,2026-01-04T12:00:00Z,2026-01-05T02:00:00Z,7,0.088485,hgb-jan-eval-train-before-20260101,false
2,2026-01-04T19:00:00Z,2026-01-04T12:00:00Z,2026-01-05T03:00:00Z,8,0.034470,hgb-jan-eval-train-before-20260101,false
2,2026-01-04T19:00:00Z,2026-01-04T12:00:00Z,2026-01-05T04:00:00Z,9,0.013489,hgb-jan-eval-train-before-20260101,false
2,2026-01-04T19:00:00Z,2026-01-04T12:00:00Z,2026-01-05T05:00:00Z,10,0.011933,hgb-jan-eval-train-before-20260101,false
2,2026-01-04T19:00:00Z,2026-01-04T12:00:00Z,2026-01-05T06:00:00Z,11,0.011211,hgb-jan-eval-train-before-20260101,false
2,2026-01-04T19:00:00Z,2026-01-04T12:00:00Z,2026-01-05T07:00:00Z,12,0.016040,hgb-jan-eval-train-before-20260101,false
2,2026-01-04T19:00:00Z,2026-01-04T12:00:00Z,2026-01-05T08:00:00Z,13,0.023620,hgb-jan-eval-train-before-20260101,false
2,2026-01-04T19:00:00Z,2026-01-04T12:00:00Z,2026-01-05T09:00:00Z,14,0.016209,hgb-jan-eval-train-before-20260101,false
2,2026-01-04T19:00:00Z,2026-01-04T12:00:00Z,2026-01-05T10:00:00Z,15,0.013801,hgb-jan-eval-train-before-20260101,false
2,2026-01-04T19:00:00Z,2026-01-04T12:00:00Z,2026-01-05T11:00:00Z,16,0.013704,hgb-jan-eval-train-before-20260101,false
2,2026-01-04T19:00:00Z,2026-01-04T12:00:00Z,2026-01-05T12:00:00Z,17,0.009428,hgb-jan-eval-train-before-20260101,false
2,2026-01-04T19:00:00Z,2026-01-04T12:00:00Z,2026-01-05T13:00:00Z,18,0.046888,hgb-jan-eval-train-before-20260101,false
2,2026-01-04T19:00:00Z,2026-01-04T12:00:00Z,2026-01-05T14:00:00Z,19,0.239306,hgb-jan-eval-train-before-20260101,false
2,2026-01-04T19:00:00Z,2026-01-04T12:00:00Z,2026-01-05T15:00:00Z,20,0.402073,hgb-jan-eval-train-before-20260101,false
2,2026-01-04T19:00:00Z,2026-01-04T12:00:00Z,2026-01-05T16:00:00Z,21,0.347288,hgb-jan-eval-train-before-20260101,false
2,2026-01-04T19:00:00Z,2026-01-04T12:00:00Z,2026-01-05T17:00:00Z,22,0.259533,hgb-jan-eval-train-before-20260101,false
2,2026-01-04T19:00:00Z,2026-01-04T12:00:00Z,2026-01-05T18:00:00Z,23,0.249899,hgb-jan-eval-train-before-20260101,false
2,2026-01-04T19:00:00Z,2026-01-04T12:00:00Z,2026-01-05T19:00:00Z,24,0.223980,hgb-jan-eval-train-before-20260101,false
2,2026-01-04T19:00:00Z,2026-01-04T12:00:00Z,2026-01-05T20:00:00Z,25,0.300715,hgb-jan-eval-train-before-20260101,false
2,2026-01-04T19:00:00Z,2026-01-04T12:00:00Z,2026-01-05T21:00:00Z,26,0.474007,hgb-jan-eval-train-before-20260101,false
2,2026-01-04T19:00:00Z,2026-01-04T12:00:00Z,2026-01-05T22:00:00Z,27,0.549918,hgb-jan-eval-train-before-20260101,false
2,2026-01-04T19:00:00Z,2026-01-04T12:00:00Z,2026-01-05T23:00:00Z,28,0.807275,hgb-jan-eval-train-before-20260101,false
2,2026-01-04T19:00:00Z,2026-01-04T12:00:00Z,2026-01-06T00:00:00Z,29,0.934323,hgb-jan-eval-train-before-20260101,false
2,2026-01-04T19:00:00Z,2026-01-04T12:00:00Z,2026-01-06T01:00:00Z,30,0.937888,hgb-jan-eval-train-before-20260101,false
2,2026-01-04T19:00:00Z,2026-01-04T12:00:00Z,2026-01-06T02:00:00Z,31,0.965914,hgb-jan-eval-train-before-20260101,false
2,2026-01-04T19:00:00Z,2026-01-04T12:00:00Z,2026-01-06T03:00:00Z,32,0.988503,hgb-jan-eval-train-before-20260101,false
2,2026-01-04T19:00:00Z,2026-01-04T12:00:00Z,2026-01-06T04:00:00Z,33,0.986299,hgb-jan-eval-train-before-20260101,false
2,2026-01-04T19:00:00Z,2026-01-04T12:00:00Z,2026-01-06T05:00:00Z,34,0.979747,hgb-jan-eval-train-before-20260101,false
2,2026-01-04T19:00:00Z,2026-01-04T12:00:00Z,2026-01-06T06:00:00Z,35,0.969865,hgb-jan-eval-train-before-20260101,false
2,2026-01-04T19:00:00Z,2026-01-04T12:00:00Z,2026-01-06T07:00:00Z,36,0.968762,hgb-jan-eval-train-before-20260101,false
2,2026-01-04T19:00:00Z,2026-01-04T12:00:00Z,2026-01-06T08:00:00Z,37,0.970726,hgb-jan-eval-train-before-20260101,false
2,2026-01-04T19:00:00Z,2026-01-04T12:00:00Z,2026-01-06T09:00:00Z,38,0.977483,hgb-jan-eval-train-before-20260101,false
2,2026-01-04T19:00:00Z,2026-01-04T12:00:00Z,2026-01-06T10:00:00Z,39,0.985405,hgb-jan-eval-train-before-20260101,false
2,2026-01-04T19:00:00Z,2026-01-04T12:00:00Z,2026-01-06T11:00:00Z,40,1.000000,hgb-jan-eval-train-before-20260101,false
2,2026-01-04T19:00:00Z,2026-01-04T12:00:00Z,2026-01-06T12:00:00Z,41,1.000000,hgb-jan-eval-train-before-20260101,false
2,2026-01-04T19:00:00Z,2026-01-04T12:00:00Z,2026-01-06T13:00:00Z,42,0.957999,hgb-jan-eval-train-before-20260101,false
2,2026-01-04T19:00:00Z,2026-01-04T12:00:00Z,2026-01-06T14:00:00Z,43,0.869360,hgb-jan-eval-train-before-20260101,false
2,2026-01-04T19:00:00Z,2026-01-04T12:00:00Z,2026-01-06T15:00:00Z,44,0.669360,hgb-jan-eval-train-before-20260101,false
2,2026-01-04T19:00:00Z,2026-01-04T12:00:00Z,2026-01-06T16:00:00Z,45,0.230552,hgb-jan-eval-train-before-20260101,false
2,2026-01-04T19:00:00Z,2026-01-04T12:00:00Z,2026-01-06T17:00:00Z,46,0.047181,hgb-jan-eval-train-before-20260101,false
2,2026-01-04T19:00:00Z,2026-01-04T12:00:00Z,2026-01-06T18:00:00Z,47,0.019444,hgb-jan-eval-train-before-20260101,false
2,2026-01-04T19:00:00Z,2026-01-04T12:00:00Z,2026-01-06T19:00:00Z,48,0.029695,hgb-jan-eval-train-before-20260101,false
1,2026-01-05T19:00:00Z,2026-01-05T12:00:00Z,2026-01-05T20:00:00Z,1,0.365802,hgb-jan-eval-train-before-20260101,false
1,2026-01-05T19:00:00Z,2026-01-05T12:00:00Z,2026-01-05T21:00:00Z,2,0.598676,hgb-jan-eval-train-before-20260101,false
1,2026-01-05T19:00:00Z,2026-01-05T12:00:00Z,2026-01-05T22:00:00Z,3,0.786157,hgb-jan-eval-train-before-20260101,false
1,2026-01-05T19:00:00Z,2026-01-05T12:00:00Z,2026-01-05T23:00:00Z,4,0.874351,hgb-jan-eval-train-before-20260101,false
1,2026-01-05T19:00:00Z,2026-01-05T12:00:00Z,2026-01-06T00:00:00Z,5,0.971139,hgb-jan-eval-train-before-20260101,false
1,2026-01-05T19:00:00Z,2026-01-05T12:00:00Z,2026-01-06T01:00:00Z,6,0.982598,hgb-jan-eval-train-before-20260101,false
1,2026-01-05T19:00:00Z,2026-01-05T12:00:00Z,2026-01-06T02:00:00Z,7,0.993469,hgb-jan-eval-train-before-20260101,false
1,2026-01-05T19:00:00Z,2026-01-05T12:00:00Z,2026-01-06T03:00:00Z,8,0.988251,hgb-jan-eval-train-before-20260101,false
1,2026-01-05T19:00:00Z,2026-01-05T12:00:00Z,2026-01-06T04:00:00Z,9,0.989757,hgb-jan-eval-train-before-20260101,false
1,2026-01-05T19:00:00Z,2026-01-05T12:00:00Z,2026-01-06T05:00:00Z,10,0.985048,hgb-jan-eval-train-before-20260101,false
1,2026-01-05T19:00:00Z,2026-01-05T12:00:00Z,2026-01-06T06:00:00Z,11,0.989393,hgb-jan-eval-train-before-20260101,false
1,2026-01-05T19:00:00Z,2026-01-05T12:00:00Z,2026-01-06T07:00:00Z,12,0.989349,hgb-jan-eval-train-before-20260101,false
1,2026-01-05T19:00:00Z,2026-01-05T12:00:00Z,2026-01-06T08:00:00Z,13,0.990270,hgb-jan-eval-train-before-20260101,false
1,2026-01-05T19:00:00Z,2026-01-05T12:00:00Z,2026-01-06T09:00:00Z,14,0.986889,hgb-jan-eval-train-before-20260101,false
1,2026-01-05T19:00:00Z,2026-01-05T12:00:00Z,2026-01-06T10:00:00Z,15,0.997678,hgb-jan-eval-train-before-20260101,false
1,2026-01-05T19:00:00Z,2026-01-05T12:00:00Z,2026-01-06T11:00:00Z,16,0.964087,hgb-jan-eval-train-before-20260101,false
1,2026-01-05T19:00:00Z,2026-01-05T12:00:00Z,2026-01-06T12:00:00Z,17,0.974583,hgb-jan-eval-train-before-20260101,false
1,2026-01-05T19:00:00Z,2026-01-05T12:00:00Z,2026-01-06T13:00:00Z,18,0.904385,hgb-jan-eval-train-before-20260101,false
1,2026-01-05T19:00:00Z,2026-01-05T12:00:00Z,2026-01-06T14:00:00Z,19,0.768702,hgb-jan-eval-train-before-20260101,false
1,2026-01-05T19:00:00Z,2026-01-05T12:00:00Z,2026-01-06T15:00:00Z,20,0.651976,hgb-jan-eval-train-before-20260101,false
1,2026-01-05T19:00:00Z,2026-01-05T12:00:00Z,2026-01-06T16:00:00Z,21,0.291727,hgb-jan-eval-train-before-20260101,false
1,2026-01-05T19:00:00Z,2026-01-05T12:00:00Z,2026-01-06T17:00:00Z,22,0.047053,hgb-jan-eval-train-before-20260101,false
1,2026-01-05T19:00:00Z,2026-01-05T12:00:00Z,2026-01-06T18:00:00Z,23,0.016307,hgb-jan-eval-train-before-20260101,false
1,2026-01-05T19:00:00Z,2026-01-05T12:00:00Z,2026-01-06T19:00:00Z,24,0.013415,hgb-jan-eval-train-before-20260101,false
1,2026-01-05T19:00:00Z,2026-01-05T12:00:00Z,2026-01-06T20:00:00Z,25,0.014559,hgb-jan-eval-train-before-20260101,false
1,2026-01-05T19:00:00Z,2026-01-05T12:00:00Z,2026-01-06T21:00:00Z,26,0.013326,hgb-jan-eval-train-before-20260101,false
1,2026-01-05T19:00:00Z,2026-01-05T12:00:00Z,2026-01-06T22:00:00Z,27,0.015725,hgb-jan-eval-train-before-20260101,false
1,2026-01-05T19:00:00Z,2026-01-05T12:00:00Z,2026-01-06T23:00:00Z,28,0.062103,hgb-jan-eval-train-before-20260101,false
1,2026-01-05T19:00:00Z,2026-01-05T12:00:00Z,2026-01-07T00:00:00Z,29,0.114313,hgb-jan-eval-train-before-20260101,false
1,2026-01-05T19:00:00Z,2026-01-05T12:00:00Z,2026-01-07T01:00:00Z,30,0.129444,hgb-jan-eval-train-before-20260101,false
1,2026-01-05T19:00:00Z,2026-01-05T12:00:00Z,2026-01-07T02:00:00Z,31,0.138052,hgb-jan-eval-train-before-20260101,false
1,2026-01-05T19:00:00Z,2026-01-05T12:00:00Z,2026-01-07T03:00:00Z,32,0.083526,hgb-jan-eval-train-before-20260101,false
1,2026-01-05T19:00:00Z,2026-01-05T12:00:00Z,2026-01-07T04:00:00Z,33,0.029971,hgb-jan-eval-train-before-20260101,false
1,2026-01-05T19:00:00Z,2026-01-05T12:00:00Z,2026-01-07T05:00:00Z,34,0.014098,hgb-jan-eval-train-before-20260101,false
1,2026-01-05T19:00:00Z,2026-01-05T12:00:00Z,2026-01-07T06:00:00Z,35,0.011092,hgb-jan-eval-train-before-20260101,false
1,2026-01-05T19:00:00Z,2026-01-05T12:00:00Z,2026-01-07T07:00:00Z,36,0.013696,hgb-jan-eval-train-before-20260101,false
1,2026-01-05T19:00:00Z,2026-01-05T12:00:00Z,2026-01-07T08:00:00Z,37,0.011173,hgb-jan-eval-train-before-20260101,false
1,2026-01-05T19:00:00Z,2026-01-05T12:00:00Z,2026-01-07T09:00:00Z,38,0.011678,hgb-jan-eval-train-before-20260101,false
1,2026-01-05T19:00:00Z,2026-01-05T12:00:00Z,2026-01-07T10:00:00Z,39,0.010968,hgb-jan-eval-train-before-20260101,false
1,2026-01-05T19:00:00Z,2026-01-05T12:00:00Z,2026-01-07T11:00:00Z,40,0.008479,hgb-jan-eval-train-before-20260101,false
1,2026-01-05T19:00:00Z,2026-01-05T12:00:00Z,2026-01-07T12:00:00Z,41,0.010783,hgb-jan-eval-train-before-20260101,false
1,2026-01-05T19:00:00Z,2026-01-05T12:00:00Z,2026-01-07T13:00:00Z,42,0.014696,hgb-jan-eval-train-before-20260101,false
1,2026-01-05T19:00:00Z,2026-01-05T12:00:00Z,2026-01-07T14:00:00Z,43,0.031566,hgb-jan-eval-train-before-20260101,false
1,2026-01-05T19:00:00Z,2026-01-05T12:00:00Z,2026-01-07T15:00:00Z,44,0.143413,hgb-jan-eval-train-before-20260101,false
1,2026-01-05T19:00:00Z,2026-01-05T12:00:00Z,2026-01-07T16:00:00Z,45,0.116008,hgb-jan-eval-train-before-20260101,false
1,2026-01-05T19:00:00Z,2026-01-05T12:00:00Z,2026-01-07T17:00:00Z,46,0.116598,hgb-jan-eval-train-before-20260101,false
1,2026-01-05T19:00:00Z,2026-01-05T12:00:00Z,2026-01-07T18:00:00Z,47,0.101304,hgb-jan-eval-train-before-20260101,false
1,2026-01-05T19:00:00Z,2026-01-05T12:00:00Z,2026-01-07T19:00:00Z,48,0.095206,hgb-jan-eval-train-before-20260101,false
2,2026-01-05T19:00:00Z,2026-01-05T12:00:00Z,2026-01-05T20:00:00Z,1,0.364840,hgb-jan-eval-train-before-20260101,false
2,2026-01-05T19:00:00Z,2026-01-05T12:00:00Z,2026-01-05T21:00:00Z,2,0.597715,hgb-jan-eval-train-before-20260101,false
2,2026-01-05T19:00:00Z,2026-01-05T12:00:00Z,2026-01-05T22:00:00Z,3,0.784907,hgb-jan-eval-train-before-20260101,false
2,2026-01-05T19:00:00Z,2026-01-05T12:00:00Z,2026-01-05T23:00:00Z,4,0.873101,hgb-jan-eval-train-before-20260101,false
2,2026-01-05T19:00:00Z,2026-01-05T12:00:00Z,2026-01-06T00:00:00Z,5,0.972164,hgb-jan-eval-train-before-20260101,false
2,2026-01-05T19:00:00Z,2026-01-05T12:00:00Z,2026-01-06T01:00:00Z,6,0.983623,hgb-jan-eval-train-before-20260101,false
2,2026-01-05T19:00:00Z,2026-01-05T12:00:00Z,2026-01-06T02:00:00Z,7,0.992668,hgb-jan-eval-train-before-20260101,false
2,2026-01-05T19:00:00Z,2026-01-05T12:00:00Z,2026-01-06T03:00:00Z,8,0.985787,hgb-jan-eval-train-before-20260101,false
2,2026-01-05T19:00:00Z,2026-01-05T12:00:00Z,2026-01-06T04:00:00Z,9,0.989189,hgb-jan-eval-train-before-20260101,false
2,2026-01-05T19:00:00Z,2026-01-05T12:00:00Z,2026-01-06T05:00:00Z,10,0.979209,hgb-jan-eval-train-before-20260101,false
2,2026-01-05T19:00:00Z,2026-01-05T12:00:00Z,2026-01-06T06:00:00Z,11,0.969644,hgb-jan-eval-train-before-20260101,false
2,2026-01-05T19:00:00Z,2026-01-05T12:00:00Z,2026-01-06T07:00:00Z,12,0.969834,hgb-jan-eval-train-before-20260101,false
2,2026-01-05T19:00:00Z,2026-01-05T12:00:00Z,2026-01-06T08:00:00Z,13,0.970030,hgb-jan-eval-train-before-20260101,false
2,2026-01-05T19:00:00Z,2026-01-05T12:00:00Z,2026-01-06T09:00:00Z,14,0.977038,hgb-jan-eval-train-before-20260101,false
2,2026-01-05T19:00:00Z,2026-01-05T12:00:00Z,2026-01-06T10:00:00Z,15,0.990094,hgb-jan-eval-train-before-20260101,false
2,2026-01-05T19:00:00Z,2026-01-05T12:00:00Z,2026-01-06T11:00:00Z,16,0.965177,hgb-jan-eval-train-before-20260101,false
2,2026-01-05T19:00:00Z,2026-01-05T12:00:00Z,2026-01-06T12:00:00Z,17,0.980774,hgb-jan-eval-train-before-20260101,false
2,2026-01-05T19:00:00Z,2026-01-05T12:00:00Z,2026-01-06T13:00:00Z,18,0.908630,hgb-jan-eval-train-before-20260101,false
2,2026-01-05T19:00:00Z,2026-01-05T12:00:00Z,2026-01-06T14:00:00Z,19,0.772896,hgb-jan-eval-train-before-20260101,false
2,2026-01-05T19:00:00Z,2026-01-05T12:00:00Z,2026-01-06T15:00:00Z,20,0.651014,hgb-jan-eval-train-before-20260101,false
2,2026-01-05T19:00:00Z,2026-01-05T12:00:00Z,2026-01-06T16:00:00Z,21,0.290765,hgb-jan-eval-train-before-20260101,false
2,2026-01-05T19:00:00Z,2026-01-05T12:00:00Z,2026-01-06T17:00:00Z,22,0.045887,hgb-jan-eval-train-before-20260101,false
2,2026-01-05T19:00:00Z,2026-01-05T12:00:00Z,2026-01-06T18:00:00Z,23,0.015141,hgb-jan-eval-train-before-20260101,false
2,2026-01-05T19:00:00Z,2026-01-05T12:00:00Z,2026-01-06T19:00:00Z,24,0.012249,hgb-jan-eval-train-before-20260101,false
2,2026-01-05T19:00:00Z,2026-01-05T12:00:00Z,2026-01-06T20:00:00Z,25,0.013393,hgb-jan-eval-train-before-20260101,false
2,2026-01-05T19:00:00Z,2026-01-05T12:00:00Z,2026-01-06T21:00:00Z,26,0.012160,hgb-jan-eval-train-before-20260101,false
2,2026-01-05T19:00:00Z,2026-01-05T12:00:00Z,2026-01-06T22:00:00Z,27,0.015293,hgb-jan-eval-train-before-20260101,false
2,2026-01-05T19:00:00Z,2026-01-05T12:00:00Z,2026-01-06T23:00:00Z,28,0.061671,hgb-jan-eval-train-before-20260101,false
2,2026-01-05T19:00:00Z,2026-01-05T12:00:00Z,2026-01-07T00:00:00Z,29,0.113880,hgb-jan-eval-train-before-20260101,false
2,2026-01-05T19:00:00Z,2026-01-05T12:00:00Z,2026-01-07T01:00:00Z,30,0.129011,hgb-jan-eval-train-before-20260101,false
2,2026-01-05T19:00:00Z,2026-01-05T12:00:00Z,2026-01-07T02:00:00Z,31,0.137619,hgb-jan-eval-train-before-20260101,false
2,2026-01-05T19:00:00Z,2026-01-05T12:00:00Z,2026-01-07T03:00:00Z,32,0.083189,hgb-jan-eval-train-before-20260101,false
2,2026-01-05T19:00:00Z,2026-01-05T12:00:00Z,2026-01-07T04:00:00Z,33,0.029634,hgb-jan-eval-train-before-20260101,false
2,2026-01-05T19:00:00Z,2026-01-05T12:00:00Z,2026-01-07T05:00:00Z,34,0.013760,hgb-jan-eval-train-before-20260101,false
2,2026-01-05T19:00:00Z,2026-01-05T12:00:00Z,2026-01-07T06:00:00Z,35,0.010754,hgb-jan-eval-train-before-20260101,false
2,2026-01-05T19:00:00Z,2026-01-05T12:00:00Z,2026-01-07T07:00:00Z,36,0.013359,hgb-jan-eval-train-before-20260101,false
2,2026-01-05T19:00:00Z,2026-01-05T12:00:00Z,2026-01-07T08:00:00Z,37,0.010836,hgb-jan-eval-train-before-20260101,false
2,2026-01-05T19:00:00Z,2026-01-05T12:00:00Z,2026-01-07T09:00:00Z,38,0.011341,hgb-jan-eval-train-before-20260101,false
2,2026-01-05T19:00:00Z,2026-01-05T12:00:00Z,2026-01-07T10:00:00Z,39,0.010630,hgb-jan-eval-train-before-20260101,false
2,2026-01-05T19:00:00Z,2026-01-05T12:00:00Z,2026-01-07T11:00:00Z,40,0.008142,hgb-jan-eval-train-before-20260101,false
2,2026-01-05T19:00:00Z,2026-01-05T12:00:00Z,2026-01-07T12:00:00Z,41,0.010350,hgb-jan-eval-train-before-20260101,false
2,2026-01-05T19:00:00Z,2026-01-05T12:00:00Z,2026-01-07T13:00:00Z,42,0.018890,hgb-jan-eval-train-before-20260101,false
2,2026-01-05T19:00:00Z,2026-01-05T12:00:00Z,2026-01-07T14:00:00Z,43,0.031134,hgb-jan-eval-train-before-20260101,false
2,2026-01-05T19:00:00Z,2026-01-05T12:00:00Z,2026-01-07T15:00:00Z,44,0.139766,hgb-jan-eval-train-before-20260101,false
2,2026-01-05T19:00:00Z,2026-01-05T12:00:00Z,2026-01-07T16:00:00Z,45,0.112362,hgb-jan-eval-train-before-20260101,false
2,2026-01-05T19:00:00Z,2026-01-05T12:00:00Z,2026-01-07T17:00:00Z,46,0.112951,hgb-jan-eval-train-before-20260101,false
2,2026-01-05T19:00:00Z,2026-01-05T12:00:00Z,2026-01-07T18:00:00Z,47,0.097658,hgb-jan-eval-train-before-20260101,false
2,2026-01-05T19:00:00Z,2026-01-05T12:00:00Z,2026-01-07T19:00:00Z,48,0.091559,hgb-jan-eval-train-before-20260101,false
1,2026-01-06T19:00:00Z,2026-01-06T12:00:00Z,2026-01-06T20:00:00Z,1,0.012338,hgb-jan-eval-train-before-20260101,false
1,2026-01-06T19:00:00Z,2026-01-06T12:00:00Z,2026-01-06T21:00:00Z,2,0.016047,hgb-jan-eval-train-before-20260101,false
1,2026-01-06T19:00:00Z,2026-01-06T12:00:00Z,2026-01-06T22:00:00Z,3,0.011698,hgb-jan-eval-train-before-20260101,false
1,2026-01-06T19:00:00Z,2026-01-06T12:00:00Z,2026-01-06T23:00:00Z,4,0.010602,hgb-jan-eval-train-before-20260101,false
1,2026-01-06T19:00:00Z,2026-01-06T12:00:00Z,2026-01-07T00:00:00Z,5,0.042495,hgb-jan-eval-train-before-20260101,false
1,2026-01-06T19:00:00Z,2026-01-06T12:00:00Z,2026-01-07T01:00:00Z,6,0.034115,hgb-jan-eval-train-before-20260101,false
1,2026-01-06T19:00:00Z,2026-01-06T12:00:00Z,2026-01-07T02:00:00Z,7,0.024663,hgb-jan-eval-train-before-20260101,false
1,2026-01-06T19:00:00Z,2026-01-06T12:00:00Z,2026-01-07T03:00:00Z,8,0.022293,hgb-jan-eval-train-before-20260101,false
1,2026-01-06T19:00:00Z,2026-01-06T12:00:00Z,2026-01-07T04:00:00Z,9,0.011602,hgb-jan-eval-train-before-20260101,false
1,2026-01-06T19:00:00Z,2026-01-06T12:00:00Z,2026-01-07T05:00:00Z,10,0.013164,hgb-jan-eval-train-before-20260101,false
1,2026-01-06T19:00:00Z,2026-01-06T12:00:00Z,2026-01-07T06:00:00Z,11,0.011781,hgb-jan-eval-train-before-20260101,false
1,2026-01-06T19:00:00Z,2026-01-06T12:00:00Z,2026-01-07T07:00:00Z,12,0.013566,hgb-jan-eval-train-before-20260101,false
1,2026-01-06T19:00:00Z,2026-01-06T12:00:00Z,2026-01-07T08:00:00Z,13,0.013622,hgb-jan-eval-train-before-20260101,false
1,2026-01-06T19:00:00Z,2026-01-06T12:00:00Z,2026-01-07T09:00:00Z,14,0.011961,hgb-jan-eval-train-before-20260101,false
1,2026-01-06T19:00:00Z,2026-01-06T12:00:00Z,2026-01-07T10:00:00Z,15,0.010516,hgb-jan-eval-train-before-20260101,false
1,2026-01-06T19:00:00Z,2026-01-06T12:00:00Z,2026-01-07T11:00:00Z,16,0.010743,hgb-jan-eval-train-before-20260101,false
1,2026-01-06T19:00:00Z,2026-01-06T12:00:00Z,2026-01-07T12:00:00Z,17,0.010916,hgb-jan-eval-train-before-20260101,false
1,2026-01-06T19:00:00Z,2026-01-06T12:00:00Z,2026-01-07T13:00:00Z,18,0.010916,hgb-jan-eval-train-before-20260101,false
1,2026-01-06T19:00:00Z,2026-01-06T12:00:00Z,2026-01-07T14:00:00Z,19,0.015262,hgb-jan-eval-train-before-20260101,false
1,2026-01-06T19:00:00Z,2026-01-06T12:00:00Z,2026-01-07T15:00:00Z,20,0.024442,hgb-jan-eval-train-before-20260101,false
1,2026-01-06T19:00:00Z,2026-01-06T12:00:00Z,2026-01-07T16:00:00Z,21,0.030749,hgb-jan-eval-train-before-20260101,false
1,2026-01-06T19:00:00Z,2026-01-06T12:00:00Z,2026-01-07T17:00:00Z,22,0.029074,hgb-jan-eval-train-before-20260101,false
1,2026-01-06T19:00:00Z,2026-01-06T12:00:00Z,2026-01-07T18:00:00Z,23,0.025215,hgb-jan-eval-train-before-20260101,false
1,2026-01-06T19:00:00Z,2026-01-06T12:00:00Z,2026-01-07T19:00:00Z,24,0.012213,hgb-jan-eval-train-before-20260101,false
1,2026-01-06T19:00:00Z,2026-01-06T12:00:00Z,2026-01-07T20:00:00Z,25,0.010554,hgb-jan-eval-train-before-20260101,false
1,2026-01-06T19:00:00Z,2026-01-06T12:00:00Z,2026-01-07T21:00:00Z,26,0.012231,hgb-jan-eval-train-before-20260101,false
1,2026-01-06T19:00:00Z,2026-01-06T12:00:00Z,2026-01-07T22:00:00Z,27,0.012290,hgb-jan-eval-train-before-20260101,false
1,2026-01-06T19:00:00Z,2026-01-06T12:00:00Z,2026-01-07T23:00:00Z,28,0.013597,hgb-jan-eval-train-before-20260101,false
1,2026-01-06T19:00:00Z,2026-01-06T12:00:00Z,2026-01-08T00:00:00Z,29,0.015121,hgb-jan-eval-train-before-20260101,false
1,2026-01-06T19:00:00Z,2026-01-06T12:00:00Z,2026-01-08T01:00:00Z,30,0.016580,hgb-jan-eval-train-before-20260101,false
1,2026-01-06T19:00:00Z,2026-01-06T12:00:00Z,2026-01-08T02:00:00Z,31,0.012053,hgb-jan-eval-train-before-20260101,false
1,2026-01-06T19:00:00Z,2026-01-06T12:00:00Z,2026-01-08T03:00:00Z,32,0.009887,hgb-jan-eval-train-before-20260101,false
1,2026-01-06T19:00:00Z,2026-01-06T12:00:00Z,2026-01-08T04:00:00Z,33,0.010697,hgb-jan-eval-train-before-20260101,false
1,2026-01-06T19:00:00Z,2026-01-06T12:00:00Z,2026-01-08T05:00:00Z,34,0.036024,hgb-jan-eval-train-before-20260101,false
1,2026-01-06T19:00:00Z,2026-01-06T12:00:00Z,2026-01-08T06:00:00Z,35,0.045368,hgb-jan-eval-train-before-20260101,false
1,2026-01-06T19:00:00Z,2026-01-06T12:00:00Z,2026-01-08T07:00:00Z,36,0.024469,hgb-jan-eval-train-before-20260101,false
1,2026-01-06T19:00:00Z,2026-01-06T12:00:00Z,2026-01-08T08:00:00Z,37,0.061963,hgb-jan-eval-train-before-20260101,false
1,2026-01-06T19:00:00Z,2026-01-06T12:00:00Z,2026-01-08T09:00:00Z,38,0.043593,hgb-jan-eval-train-before-20260101,false
1,2026-01-06T19:00:00Z,2026-01-06T12:00:00Z,2026-01-08T10:00:00Z,39,0.072571,hgb-jan-eval-train-before-20260101,false
1,2026-01-06T19:00:00Z,2026-01-06T12:00:00Z,2026-01-08T11:00:00Z,40,0.147325,hgb-jan-eval-train-before-20260101,false
1,2026-01-06T19:00:00Z,2026-01-06T12:00:00Z,2026-01-08T12:00:00Z,41,0.225013,hgb-jan-eval-train-before-20260101,false
1,2026-01-06T19:00:00Z,2026-01-06T12:00:00Z,2026-01-08T13:00:00Z,42,0.273594,hgb-jan-eval-train-before-20260101,false
1,2026-01-06T19:00:00Z,2026-01-06T12:00:00Z,2026-01-08T14:00:00Z,43,0.408189,hgb-jan-eval-train-before-20260101,false
1,2026-01-06T19:00:00Z,2026-01-06T12:00:00Z,2026-01-08T15:00:00Z,44,0.470149,hgb-jan-eval-train-before-20260101,false
1,2026-01-06T19:00:00Z,2026-01-06T12:00:00Z,2026-01-08T16:00:00Z,45,0.483163,hgb-jan-eval-train-before-20260101,false
1,2026-01-06T19:00:00Z,2026-01-06T12:00:00Z,2026-01-08T17:00:00Z,46,0.461083,hgb-jan-eval-train-before-20260101,false
1,2026-01-06T19:00:00Z,2026-01-06T12:00:00Z,2026-01-08T18:00:00Z,47,0.460861,hgb-jan-eval-train-before-20260101,false
1,2026-01-06T19:00:00Z,2026-01-06T12:00:00Z,2026-01-08T19:00:00Z,48,0.699128,hgb-jan-eval-train-before-20260101,false
2,2026-01-06T19:00:00Z,2026-01-06T12:00:00Z,2026-01-06T20:00:00Z,1,0.011172,hgb-jan-eval-train-before-20260101,false
2,2026-01-06T19:00:00Z,2026-01-06T12:00:00Z,2026-01-06T21:00:00Z,2,0.014881,hgb-jan-eval-train-before-20260101,false
2,2026-01-06T19:00:00Z,2026-01-06T12:00:00Z,2026-01-06T22:00:00Z,3,0.010532,hgb-jan-eval-train-before-20260101,false
2,2026-01-06T19:00:00Z,2026-01-06T12:00:00Z,2026-01-06T23:00:00Z,4,0.010170,hgb-jan-eval-train-before-20260101,false
2,2026-01-06T19:00:00Z,2026-01-06T12:00:00Z,2026-01-07T00:00:00Z,5,0.042063,hgb-jan-eval-train-before-20260101,false
2,2026-01-06T19:00:00Z,2026-01-06T12:00:00Z,2026-01-07T01:00:00Z,6,0.033683,hgb-jan-eval-train-before-20260101,false
2,2026-01-06T19:00:00Z,2026-01-06T12:00:00Z,2026-01-07T02:00:00Z,7,0.024231,hgb-jan-eval-train-before-20260101,false
2,2026-01-06T19:00:00Z,2026-01-06T12:00:00Z,2026-01-07T03:00:00Z,8,0.021956,hgb-jan-eval-train-before-20260101,false
2,2026-01-06T19:00:00Z,2026-01-06T12:00:00Z,2026-01-07T04:00:00Z,9,0.011265,hgb-jan-eval-train-before-20260101,false
2,2026-01-06T19:00:00Z,2026-01-06T12:00:00Z,2026-01-07T05:00:00Z,10,0.012827,hgb-jan-eval-train-before-20260101,false
2,2026-01-06T19:00:00Z,2026-01-06T12:00:00Z,2026-01-07T06:00:00Z,11,0.011444,hgb-jan-eval-train-before-20260101,false
2,2026-01-06T19:00:00Z,2026-01-06T12:00:00Z,2026-01-07T07:00:00Z,12,0.013229,hgb-jan-eval-train-before-20260101,false
2,2026-01-06T19:00:00Z,2026-01-06T12:00:00Z,2026-01-07T08:00:00Z,13,0.013285,hgb-jan-eval-train-before-20260101,false
2,2026-01-06T19:00:00Z,2026-01-06T12:00:00Z,2026-01-07T09:00:00Z,14,0.011624,hgb-jan-eval-train-before-20260101,false
2,2026-01-06T19:00:00Z,2026-01-06T12:00:00Z,2026-01-07T10:00:00Z,15,0.010178,hgb-jan-eval-train-before-20260101,false
2,2026-01-06T19:00:00Z,2026-01-06T12:00:00Z,2026-01-07T11:00:00Z,16,0.010406,hgb-jan-eval-train-before-20260101,false
2,2026-01-06T19:00:00Z,2026-01-06T12:00:00Z,2026-01-07T12:00:00Z,17,0.010484,hgb-jan-eval-train-before-20260101,false
2,2026-01-06T19:00:00Z,2026-01-06T12:00:00Z,2026-01-07T13:00:00Z,18,0.010484,hgb-jan-eval-train-before-20260101,false
2,2026-01-06T19:00:00Z,2026-01-06T12:00:00Z,2026-01-07T14:00:00Z,19,0.014830,hgb-jan-eval-train-before-20260101,false
2,2026-01-06T19:00:00Z,2026-01-06T12:00:00Z,2026-01-07T15:00:00Z,20,0.024009,hgb-jan-eval-train-before-20260101,false
2,2026-01-06T19:00:00Z,2026-01-06T12:00:00Z,2026-01-07T16:00:00Z,21,0.029583,hgb-jan-eval-train-before-20260101,false
2,2026-01-06T19:00:00Z,2026-01-06T12:00:00Z,2026-01-07T17:00:00Z,22,0.027908,hgb-jan-eval-train-before-20260101,false
2,2026-01-06T19:00:00Z,2026-01-06T12:00:00Z,2026-01-07T18:00:00Z,23,0.024049,hgb-jan-eval-train-before-20260101,false
2,2026-01-06T19:00:00Z,2026-01-06T12:00:00Z,2026-01-07T19:00:00Z,24,0.011047,hgb-jan-eval-train-before-20260101,false
2,2026-01-06T19:00:00Z,2026-01-06T12:00:00Z,2026-01-07T20:00:00Z,25,0.009388,hgb-jan-eval-train-before-20260101,false
2,2026-01-06T19:00:00Z,2026-01-06T12:00:00Z,2026-01-07T21:00:00Z,26,0.011799,hgb-jan-eval-train-before-20260101,false
2,2026-01-06T19:00:00Z,2026-01-06T12:00:00Z,2026-01-07T22:00:00Z,27,0.011124,hgb-jan-eval-train-before-20260101,false
2,2026-01-06T19:00:00Z,2026-01-06T12:00:00Z,2026-01-07T23:00:00Z,28,0.013164,hgb-jan-eval-train-before-20260101,false
2,2026-01-06T19:00:00Z,2026-01-06T12:00:00Z,2026-01-08T00:00:00Z,29,0.013955,hgb-jan-eval-train-before-20260101,false
2,2026-01-06T19:00:00Z,2026-01-06T12:00:00Z,2026-01-08T01:00:00Z,30,0.016148,hgb-jan-eval-train-before-20260101,false
2,2026-01-06T19:00:00Z,2026-01-06T12:00:00Z,2026-01-08T02:00:00Z,31,0.011621,hgb-jan-eval-train-before-20260101,false
2,2026-01-06T19:00:00Z,2026-01-06T12:00:00Z,2026-01-08T03:00:00Z,32,0.008816,hgb-jan-eval-train-before-20260101,false
2,2026-01-06T19:00:00Z,2026-01-06T12:00:00Z,2026-01-08T04:00:00Z,33,0.009627,hgb-jan-eval-train-before-20260101,false
2,2026-01-06T19:00:00Z,2026-01-06T12:00:00Z,2026-01-08T05:00:00Z,34,0.035686,hgb-jan-eval-train-before-20260101,false
2,2026-01-06T19:00:00Z,2026-01-06T12:00:00Z,2026-01-08T06:00:00Z,35,0.045031,hgb-jan-eval-train-before-20260101,false
2,2026-01-06T19:00:00Z,2026-01-06T12:00:00Z,2026-01-08T07:00:00Z,36,0.024183,hgb-jan-eval-train-before-20260101,false
2,2026-01-06T19:00:00Z,2026-01-06T12:00:00Z,2026-01-08T08:00:00Z,37,0.061677,hgb-jan-eval-train-before-20260101,false
2,2026-01-06T19:00:00Z,2026-01-06T12:00:00Z,2026-01-08T09:00:00Z,38,0.043308,hgb-jan-eval-train-before-20260101,false
2,2026-01-06T19:00:00Z,2026-01-06T12:00:00Z,2026-01-08T10:00:00Z,39,0.072233,hgb-jan-eval-train-before-20260101,false
2,2026-01-06T19:00:00Z,2026-01-06T12:00:00Z,2026-01-08T11:00:00Z,40,0.146987,hgb-jan-eval-train-before-20260101,false
2,2026-01-06T19:00:00Z,2026-01-06T12:00:00Z,2026-01-08T12:00:00Z,41,0.229206,hgb-jan-eval-train-before-20260101,false
2,2026-01-06T19:00:00Z,2026-01-06T12:00:00Z,2026-01-08T13:00:00Z,42,0.277788,hgb-jan-eval-train-before-20260101,false
2,2026-01-06T19:00:00Z,2026-01-06T12:00:00Z,2026-01-08T14:00:00Z,43,0.412383,hgb-jan-eval-train-before-20260101,false
2,2026-01-06T19:00:00Z,2026-01-06T12:00:00Z,2026-01-08T15:00:00Z,44,0.469716,hgb-jan-eval-train-before-20260101,false
2,2026-01-06T19:00:00Z,2026-01-06T12:00:00Z,2026-01-08T16:00:00Z,45,0.482201,hgb-jan-eval-train-before-20260101,false
2,2026-01-06T19:00:00Z,2026-01-06T12:00:00Z,2026-01-08T17:00:00Z,46,0.460121,hgb-jan-eval-train-before-20260101,false
2,2026-01-06T19:00:00Z,2026-01-06T12:00:00Z,2026-01-08T18:00:00Z,47,0.459899,hgb-jan-eval-train-before-20260101,false
2,2026-01-06T19:00:00Z,2026-01-06T12:00:00Z,2026-01-08T19:00:00Z,48,0.698166,hgb-jan-eval-train-before-20260101,false
1,2026-01-07T19:00:00Z,2026-01-07T12:00:00Z,2026-01-07T20:00:00Z,1,0.027795,hgb-jan-eval-train-before-20260101,false
1,2026-01-07T19:00:00Z,2026-01-07T12:00:00Z,2026-01-07T21:00:00Z,2,0.028704,hgb-jan-eval-train-before-20260101,false
1,2026-01-07T19:00:00Z,2026-01-07T12:00:00Z,2026-01-07T22:00:00Z,3,0.149115,hgb-jan-eval-train-before-20260101,false
1,2026-01-07T19:00:00Z,2026-01-07T12:00:00Z,2026-01-07T23:00:00Z,4,0.159362,hgb-jan-eval-train-before-20260101,false
1,2026-01-07T19:00:00Z,2026-01-07T12:00:00Z,2026-01-08T00:00:00Z,5,0.061613,hgb-jan-eval-train-before-20260101,false
1,2026-01-07T19:00:00Z,2026-01-07T12:00:00Z,2026-01-08T01:00:00Z,6,0.015226,hgb-jan-eval-train-before-20260101,false
1,2026-01-07T19:00:00Z,2026-01-07T12:00:00Z,2026-01-08T02:00:00Z,7,0.013597,hgb-jan-eval-train-before-20260101,false
1,2026-01-07T19:00:00Z,2026-01-07T12:00:00Z,2026-01-08T03:00:00Z,8,0.011028,hgb-jan-eval-train-before-20260101,false
1,2026-01-07T19:00:00Z,2026-01-07T12:00:00Z,2026-01-08T04:00:00Z,9,0.090610,hgb-jan-eval-train-before-20260101,false
1,2026-01-07T19:00:00Z,2026-01-07T12:00:00Z,2026-01-08T05:00:00Z,10,0.132049,hgb-jan-eval-train-before-20260101,false
1,2026-01-07T19:00:00Z,2026-01-07T12:00:00Z,2026-01-08T06:00:00Z,11,0.014601,hgb-jan-eval-train-before-20260101,false
1,2026-01-07T19:00:00Z,2026-01-07T12:00:00Z,2026-01-08T07:00:00Z,12,0.035495,hgb-jan-eval-train-before-20260101,false
1,2026-01-07T19:00:00Z,2026-01-07T12:00:00Z,2026-01-08T08:00:00Z,13,0.065593,hgb-jan-eval-train-before-20260101,false
1,2026-01-07T19:00:00Z,2026-01-07T12:00:00Z,2026-01-08T09:00:00Z,14,0.113155,hgb-jan-eval-train-before-20260101,false
1,2026-01-07T19:00:00Z,2026-01-07T12:00:00Z,2026-01-08T10:00:00Z,15,0.072561,hgb-jan-eval-train-before-20260101,false
1,2026-01-07T19:00:00Z,2026-01-07T12:00:00Z,2026-01-08T11:00:00Z,16,0.100444,hgb-jan-eval-train-before-20260101,false
1,2026-01-07T19:00:00Z,2026-01-07T12:00:00Z,2026-01-08T12:00:00Z,17,0.083503,hgb-jan-eval-train-before-20260101,false
1,2026-01-07T19:00:00Z,2026-01-07T12:00:00Z,2026-01-08T13:00:00Z,18,0.089089,hgb-jan-eval-train-before-20260101,false
1,2026-01-07T19:00:00Z,2026-01-07T12:00:00Z,2026-01-08T14:00:00Z,19,0.110760,hgb-jan-eval-train-before-20260101,false
1,2026-01-07T19:00:00Z,2026-01-07T12:00:00Z,2026-01-08T15:00:00Z,20,0.110760,hgb-jan-eval-train-before-20260101,false
1,2026-01-07T19:00:00Z,2026-01-07T12:00:00Z,2026-01-08T16:00:00Z,21,0.087528,hgb-jan-eval-train-before-20260101,false
1,2026-01-07T19:00:00Z,2026-01-07T12:00:00Z,2026-01-08T17:00:00Z,22,0.100924,hgb-jan-eval-train-before-20260101,false
1,2026-01-07T19:00:00Z,2026-01-07T12:00:00Z,2026-01-08T18:00:00Z,23,0.161111,hgb-jan-eval-train-before-20260101,false
1,2026-01-07T19:00:00Z,2026-01-07T12:00:00Z,2026-01-08T19:00:00Z,24,0.155721,hgb-jan-eval-train-before-20260101,false
1,2026-01-07T19:00:00Z,2026-01-07T12:00:00Z,2026-01-08T20:00:00Z,25,0.121217,hgb-jan-eval-train-before-20260101,false
1,2026-01-07T19:00:00Z,2026-01-07T12:00:00Z,2026-01-08T21:00:00Z,26,0.121217,hgb-jan-eval-train-before-20260101,false
1,2026-01-07T19:00:00Z,2026-01-07T12:00:00Z,2026-01-08T22:00:00Z,27,0.145745,hgb-jan-eval-train-before-20260101,false
1,2026-01-07T19:00:00Z,2026-01-07T12:00:00Z,2026-01-08T23:00:00Z,28,0.146027,hgb-jan-eval-train-before-20260101,false
1,2026-01-07T19:00:00Z,2026-01-07T12:00:00Z,2026-01-09T00:00:00Z,29,0.187729,hgb-jan-eval-train-before-20260101,false
1,2026-01-07T19:00:00Z,2026-01-07T12:00:00Z,2026-01-09T01:00:00Z,30,0.192516,hgb-jan-eval-train-before-20260101,false
1,2026-01-07T19:00:00Z,2026-01-07T12:00:00Z,2026-01-09T02:00:00Z,31,0.349924,hgb-jan-eval-train-before-20260101,false
1,2026-01-07T19:00:00Z,2026-01-07T12:00:00Z,2026-01-09T03:00:00Z,32,0.359817,hgb-jan-eval-train-before-20260101,false
1,2026-01-07T19:00:00Z,2026-01-07T12:00:00Z,2026-01-09T04:00:00Z,33,0.475683,hgb-jan-eval-train-before-20260101,false
1,2026-01-07T19:00:00Z,2026-01-07T12:00:00Z,2026-01-09T05:00:00Z,34,0.222424,hgb-jan-eval-train-before-20260101,false
1,2026-01-07T19:00:00Z,2026-01-07T12:00:00Z,2026-01-09T06:00:00Z,35,0.438730,hgb-jan-eval-train-before-20260101,false
1,2026-01-07T19:00:00Z,2026-01-07T12:00:00Z,2026-01-09T07:00:00Z,36,0.544713,hgb-jan-eval-train-before-20260101,false
1,2026-01-07T19:00:00Z,2026-01-07T12:00:00Z,2026-01-09T08:00:00Z,37,0.624166,hgb-jan-eval-train-before-20260101,false
1,2026-01-07T19:00:00Z,2026-01-07T12:00:00Z,2026-01-09T09:00:00Z,38,0.474408,hgb-jan-eval-train-before-20260101,false
1,2026-01-07T19:00:00Z,2026-01-07T12:00:00Z,2026-01-09T10:00:00Z,39,0.230278,hgb-jan-eval-train-before-20260101,false
1,2026-01-07T19:00:00Z,2026-01-07T12:00:00Z,2026-01-09T11:00:00Z,40,0.132723,hgb-jan-eval-train-before-20260101,false
1,2026-01-07T19:00:00Z,2026-01-07T12:00:00Z,2026-01-09T12:00:00Z,41,0.043879,hgb-jan-eval-train-before-20260101,false
1,2026-01-07T19:00:00Z,2026-01-07T12:00:00Z,2026-01-09T13:00:00Z,42,0.040901,hgb-jan-eval-train-before-20260101,false
1,2026-01-07T19:00:00Z,2026-01-07T12:00:00Z,2026-01-09T14:00:00Z,43,0.085295,hgb-jan-eval-train-before-20260101,false
1,2026-01-07T19:00:00Z,2026-01-07T12:00:00Z,2026-01-09T15:00:00Z,44,0.097551,hgb-jan-eval-train-before-20260101,false
1,2026-01-07T19:00:00Z,2026-01-07T12:00:00Z,2026-01-09T16:00:00Z,45,0.102539,hgb-jan-eval-train-before-20260101,false
1,2026-01-07T19:00:00Z,2026-01-07T12:00:00Z,2026-01-09T17:00:00Z,46,0.100191,hgb-jan-eval-train-before-20260101,false
1,2026-01-07T19:00:00Z,2026-01-07T12:00:00Z,2026-01-09T18:00:00Z,47,0.092624,hgb-jan-eval-train-before-20260101,false
1,2026-01-07T19:00:00Z,2026-01-07T12:00:00Z,2026-01-09T19:00:00Z,48,0.159917,hgb-jan-eval-train-before-20260101,false
2,2026-01-07T19:00:00Z,2026-01-07T12:00:00Z,2026-01-07T20:00:00Z,1,0.026629,hgb-jan-eval-train-before-20260101,false
2,2026-01-07T19:00:00Z,2026-01-07T12:00:00Z,2026-01-07T21:00:00Z,2,0.027538,hgb-jan-eval-train-before-20260101,false
2,2026-01-07T19:00:00Z,2026-01-07T12:00:00Z,2026-01-07T22:00:00Z,3,0.145469,hgb-jan-eval-train-before-20260101,false
2,2026-01-07T19:00:00Z,2026-01-07T12:00:00Z,2026-01-07T23:00:00Z,4,0.155716,hgb-jan-eval-train-before-20260101,false
2,2026-01-07T19:00:00Z,2026-01-07T12:00:00Z,2026-01-08T00:00:00Z,5,0.057966,hgb-jan-eval-train-before-20260101,false
2,2026-01-07T19:00:00Z,2026-01-07T12:00:00Z,2026-01-08T01:00:00Z,6,0.014793,hgb-jan-eval-train-before-20260101,false
2,2026-01-07T19:00:00Z,2026-01-07T12:00:00Z,2026-01-08T02:00:00Z,7,0.013164,hgb-jan-eval-train-before-20260101,false
2,2026-01-07T19:00:00Z,2026-01-07T12:00:00Z,2026-01-08T03:00:00Z,8,0.009957,hgb-jan-eval-train-before-20260101,false
2,2026-01-07T19:00:00Z,2026-01-07T12:00:00Z,2026-01-08T04:00:00Z,9,0.090273,hgb-jan-eval-train-before-20260101,false
2,2026-01-07T19:00:00Z,2026-01-07T12:00:00Z,2026-01-08T05:00:00Z,10,0.130894,hgb-jan-eval-train-before-20260101,false
2,2026-01-07T19:00:00Z,2026-01-07T12:00:00Z,2026-01-08T06:00:00Z,11,0.013395,hgb-jan-eval-train-before-20260101,false
2,2026-01-07T19:00:00Z,2026-01-07T12:00:00Z,2026-01-08T07:00:00Z,12,0.035158,hgb-jan-eval-train-before-20260101,false
2,2026-01-07T19:00:00Z,2026-01-07T12:00:00Z,2026-01-08T08:00:00Z,13,0.065255,hgb-jan-eval-train-before-20260101,false
2,2026-01-07T19:00:00Z,2026-01-07T12:00:00Z,2026-01-08T09:00:00Z,14,0.112817,hgb-jan-eval-train-before-20260101,false
2,2026-01-07T19:00:00Z,2026-01-07T12:00:00Z,2026-01-08T10:00:00Z,15,0.072224,hgb-jan-eval-train-before-20260101,false
2,2026-01-07T19:00:00Z,2026-01-07T12:00:00Z,2026-01-08T11:00:00Z,16,0.099373,hgb-jan-eval-train-before-20260101,false
2,2026-01-07T19:00:00Z,2026-01-07T12:00:00Z,2026-01-08T12:00:00Z,17,0.087696,hgb-jan-eval-train-before-20260101,false
2,2026-01-07T19:00:00Z,2026-01-07T12:00:00Z,2026-01-08T13:00:00Z,18,0.093283,hgb-jan-eval-train-before-20260101,false
2,2026-01-07T19:00:00Z,2026-01-07T12:00:00Z,2026-01-08T14:00:00Z,19,0.114954,hgb-jan-eval-train-before-20260101,false
2,2026-01-07T19:00:00Z,2026-01-07T12:00:00Z,2026-01-08T15:00:00Z,20,0.107114,hgb-jan-eval-train-before-20260101,false
2,2026-01-07T19:00:00Z,2026-01-07T12:00:00Z,2026-01-08T16:00:00Z,21,0.083881,hgb-jan-eval-train-before-20260101,false
2,2026-01-07T19:00:00Z,2026-01-07T12:00:00Z,2026-01-08T17:00:00Z,22,0.097277,hgb-jan-eval-train-before-20260101,false
2,2026-01-07T19:00:00Z,2026-01-07T12:00:00Z,2026-01-08T18:00:00Z,23,0.157465,hgb-jan-eval-train-before-20260101,false
2,2026-01-07T19:00:00Z,2026-01-07T12:00:00Z,2026-01-08T19:00:00Z,24,0.152075,hgb-jan-eval-train-before-20260101,false
2,2026-01-07T19:00:00Z,2026-01-07T12:00:00Z,2026-01-08T20:00:00Z,25,0.117570,hgb-jan-eval-train-before-20260101,false
2,2026-01-07T19:00:00Z,2026-01-07T12:00:00Z,2026-01-08T21:00:00Z,26,0.117570,hgb-jan-eval-train-before-20260101,false
2,2026-01-07T19:00:00Z,2026-01-07T12:00:00Z,2026-01-08T22:00:00Z,27,0.142099,hgb-jan-eval-train-before-20260101,false
2,2026-01-07T19:00:00Z,2026-01-07T12:00:00Z,2026-01-08T23:00:00Z,28,0.142380,hgb-jan-eval-train-before-20260101,false
2,2026-01-07T19:00:00Z,2026-01-07T12:00:00Z,2026-01-09T00:00:00Z,29,0.184082,hgb-jan-eval-train-before-20260101,false
2,2026-01-07T19:00:00Z,2026-01-07T12:00:00Z,2026-01-09T01:00:00Z,30,0.188870,hgb-jan-eval-train-before-20260101,false
2,2026-01-07T19:00:00Z,2026-01-07T12:00:00Z,2026-01-09T02:00:00Z,31,0.348962,hgb-jan-eval-train-before-20260101,false
2,2026-01-07T19:00:00Z,2026-01-07T12:00:00Z,2026-01-09T03:00:00Z,32,0.358950,hgb-jan-eval-train-before-20260101,false
2,2026-01-07T19:00:00Z,2026-01-07T12:00:00Z,2026-01-09T04:00:00Z,33,0.474476,hgb-jan-eval-train-before-20260101,false
2,2026-01-07T19:00:00Z,2026-01-07T12:00:00Z,2026-01-09T05:00:00Z,34,0.222138,hgb-jan-eval-train-before-20260101,false
2,2026-01-07T19:00:00Z,2026-01-07T12:00:00Z,2026-01-09T06:00:00Z,35,0.438635,hgb-jan-eval-train-before-20260101,false
2,2026-01-07T19:00:00Z,2026-01-07T12:00:00Z,2026-01-09T07:00:00Z,36,0.544618,hgb-jan-eval-train-before-20260101,false
2,2026-01-07T19:00:00Z,2026-01-07T12:00:00Z,2026-01-09T08:00:00Z,37,0.624071,hgb-jan-eval-train-before-20260101,false
2,2026-01-07T19:00:00Z,2026-01-07T12:00:00Z,2026-01-09T09:00:00Z,38,0.474313,hgb-jan-eval-train-before-20260101,false
2,2026-01-07T19:00:00Z,2026-01-07T12:00:00Z,2026-01-09T10:00:00Z,39,0.229992,hgb-jan-eval-train-before-20260101,false
2,2026-01-07T19:00:00Z,2026-01-07T12:00:00Z,2026-01-09T11:00:00Z,40,0.132386,hgb-jan-eval-train-before-20260101,false
2,2026-01-07T19:00:00Z,2026-01-07T12:00:00Z,2026-01-09T12:00:00Z,41,0.048073,hgb-jan-eval-train-before-20260101,false
2,2026-01-07T19:00:00Z,2026-01-07T12:00:00Z,2026-01-09T13:00:00Z,42,0.045094,hgb-jan-eval-train-before-20260101,false
2,2026-01-07T19:00:00Z,2026-01-07T12:00:00Z,2026-01-09T14:00:00Z,43,0.089488,hgb-jan-eval-train-before-20260101,false
2,2026-01-07T19:00:00Z,2026-01-07T12:00:00Z,2026-01-09T15:00:00Z,44,0.093905,hgb-jan-eval-train-before-20260101,false
2,2026-01-07T19:00:00Z,2026-01-07T12:00:00Z,2026-01-09T16:00:00Z,45,0.098892,hgb-jan-eval-train-before-20260101,false
2,2026-01-07T19:00:00Z,2026-01-07T12:00:00Z,2026-01-09T17:00:00Z,46,0.096544,hgb-jan-eval-train-before-20260101,false
2,2026-01-07T19:00:00Z,2026-01-07T12:00:00Z,2026-01-09T18:00:00Z,47,0.088977,hgb-jan-eval-train-before-20260101,false
2,2026-01-07T19:00:00Z,2026-01-07T12:00:00Z,2026-01-09T19:00:00Z,48,0.158899,hgb-jan-eval-train-before-20260101,false
1,2026-01-08T19:00:00Z,2026-01-08T12:00:00Z,2026-01-08T20:00:00Z,1,0.121217,hgb-jan-eval-train-before-20260101,false
1,2026-01-08T19:00:00Z,2026-01-08T12:00:00Z,2026-01-08T21:00:00Z,2,0.121217,hgb-jan-eval-train-before-20260101,false
1,2026-01-08T19:00:00Z,2026-01-08T12:00:00Z,2026-01-08T22:00:00Z,3,0.109359,hgb-jan-eval-train-before-20260101,false
1,2026-01-08T19:00:00Z,2026-01-08T12:00:00Z,2026-01-08T23:00:00Z,4,0.096372,hgb-jan-eval-train-before-20260101,false
1,2026-01-08T19:00:00Z,2026-01-08T12:00:00Z,2026-01-09T00:00:00Z,5,0.042827,hgb-jan-eval-train-before-20260101,false
1,2026-01-08T19:00:00Z,2026-01-08T12:00:00Z,2026-01-09T01:00:00Z,6,0.035676,hgb-jan-eval-train-before-20260101,false
1,2026-01-08T19:00:00Z,2026-01-08T12:00:00Z,2026-01-09T02:00:00Z,7,0.024915,hgb-jan-eval-train-before-20260101,false
1,2026-01-08T19:00:00Z,2026-01-08T12:00:00Z,2026-01-09T03:00:00Z,8,0.022675,hgb-jan-eval-train-before-20260101,false
1,2026-01-08T19:00:00Z,2026-01-08T12:00:00Z,2026-01-09T04:00:00Z,9,0.022015,hgb-jan-eval-train-before-20260101,false
1,2026-01-08T19:00:00Z,2026-01-08T12:00:00Z,2026-01-09T05:00:00Z,10,0.053362,hgb-jan-eval-train-before-20260101,false
1,2026-01-08T19:00:00Z,2026-01-08T12:00:00Z,2026-01-09T06:00:00Z,11,0.061923,hgb-jan-eval-train-before-20260101,false
1,2026-01-08T19:00:00Z,2026-01-08T12:00:00Z,2026-01-09T07:00:00Z,12,0.188516,hgb-jan-eval-train-before-20260101,false
1,2026-01-08T19:00:00Z,2026-01-08T12:00:00Z,2026-01-09T08:00:00Z,13,0.227372,hgb-jan-eval-train-before-20260101,false
1,2026-01-08T19:00:00Z,2026-01-08T12:00:00Z,2026-01-09T09:00:00Z,14,0.218610,hgb-jan-eval-train-before-20260101,false
1,2026-01-08T19:00:00Z,2026-01-08T12:00:00Z,2026-01-09T10:00:00Z,15,0.094475,hgb-jan-eval-train-before-20260101,false
1,2026-01-08T19:00:00Z,2026-01-08T12:00:00Z,2026-01-09T11:00:00Z,16,0.066984,hgb-jan-eval-train-before-20260101,false
1,2026-01-08T19:00:00Z,2026-01-08T12:00:00Z,2026-01-09T12:00:00Z,17,0.012553,hgb-jan-eval-train-before-20260101,false
1,2026-01-08T19:00:00Z,2026-01-08T12:00:00Z,2026-01-09T13:00:00Z,18,0.021037,hgb-jan-eval-train-before-20260101,false
1,2026-01-08T19:00:00Z,2026-01-08T12:00:00Z,2026-01-09T14:00:00Z,19,0.028510,hgb-jan-eval-train-before-20260101,false
1,2026-01-08T19:00:00Z,2026-01-08T12:00:00Z,2026-01-09T15:00:00Z,20,0.058872,hgb-jan-eval-train-before-20260101,false
1,2026-01-08T19:00:00Z,2026-01-08T12:00:00Z,2026-01-09T16:00:00Z,21,0.083762,hgb-jan-eval-train-before-20260101,false
1,2026-01-08T19:00:00Z,2026-01-08T12:00:00Z,2026-01-09T17:00:00Z,22,0.085020,hgb-jan-eval-train-before-20260101,false
1,2026-01-08T19:00:00Z,2026-01-08T12:00:00Z,2026-01-09T18:00:00Z,23,0.085398,hgb-jan-eval-train-before-20260101,false
1,2026-01-08T19:00:00Z,2026-01-08T12:00:00Z,2026-01-09T19:00:00Z,24,0.081229,hgb-jan-eval-train-before-20260101,false
1,2026-01-08T19:00:00Z,2026-01-08T12:00:00Z,2026-01-09T20:00:00Z,25,0.134728,hgb-jan-eval-train-before-20260101,false
1,2026-01-08T19:00:00Z,2026-01-08T12:00:00Z,2026-01-09T21:00:00Z,26,0.147876,hgb-jan-eval-train-before-20260101,false
1,2026-01-08T19:00:00Z,2026-01-08T12:00:00Z,2026-01-09T22:00:00Z,27,0.146027,hgb-jan-eval-train-before-20260101,false
1,2026-01-08T19:00:00Z,2026-01-08T12:00:00Z,2026-01-09T23:00:00Z,28,0.184728,hgb-jan-eval-train-before-20260101,false
1,2026-01-08T19:00:00Z,2026-01-08T12:00:00Z,2026-01-10T00:00:00Z,29,0.202269,hgb-jan-eval-train-before-20260101,false
1,2026-01-08T19:00:00Z,2026-01-08T12:00:00Z,2026-01-10T01:00:00Z,30,0.194284,hgb-jan-eval-train-before-20260101,false
1,2026-01-08T19:00:00Z,2026-01-08T12:00:00Z,2026-01-10T02:00:00Z,31,0.175096,hgb-jan-eval-train-before-20260101,false
1,2026-01-08T19:00:00Z,2026-01-08T12:00:00Z,2026-01-10T03:00:00Z,32,0.209063,hgb-jan-eval-train-before-20260101,false
1,2026-01-08T19:00:00Z,2026-01-08T12:00:00Z,2026-01-10T04:00:00Z,33,0.239545,hgb-jan-eval-train-before-20260101,false
1,2026-01-08T19:00:00Z,2026-01-08T12:00:00Z,2026-01-10T05:00:00Z,34,0.229682,hgb-jan-eval-train-before-20260101,false
1,2026-01-08T19:00:00Z,2026-01-08T12:00:00Z,2026-01-10T06:00:00Z,35,0.186477,hgb-jan-eval-train-before-20260101,false
1,2026-01-08T19:00:00Z,2026-01-08T12:00:00Z,2026-01-10T07:00:00Z,36,0.196018,hgb-jan-eval-train-before-20260101,false
1,2026-01-08T19:00:00Z,2026-01-08T12:00:00Z,2026-01-10T08:00:00Z,37,0.238956,hgb-jan-eval-train-before-20260101,false
1,2026-01-08T19:00:00Z,2026-01-08T12:00:00Z,2026-01-10T09:00:00Z,38,0.259591,hgb-jan-eval-train-before-20260101,false
1,2026-01-08T19:00:00Z,2026-01-08T12:00:00Z,2026-01-10T10:00:00Z,39,0.222762,hgb-jan-eval-train-before-20260101,false
1,2026-01-08T19:00:00Z,2026-01-08T12:00:00Z,2026-01-10T11:00:00Z,40,0.260113,hgb-jan-eval-train-before-20260101,false
1,2026-01-08T19:00:00Z,2026-01-08T12:00:00Z,2026-01-10T12:00:00Z,41,0.378205,hgb-jan-eval-train-before-20260101,false
1,2026-01-08T19:00:00Z,2026-01-08T12:00:00Z,2026-01-10T13:00:00Z,42,0.482919,hgb-jan-eval-train-before-20260101,false
1,2026-01-08T19:00:00Z,2026-01-08T12:00:00Z,2026-01-10T14:00:00Z,43,0.509306,hgb-jan-eval-train-before-20260101,false
1,2026-01-08T19:00:00Z,2026-01-08T12:00:00Z,2026-01-10T15:00:00Z,44,0.480408,hgb-jan-eval-train-before-20260101,false
1,2026-01-08T19:00:00Z,2026-01-08T12:00:00Z,2026-01-10T16:00:00Z,45,0.459053,hgb-jan-eval-train-before-20260101,false
1,2026-01-08T19:00:00Z,2026-01-08T12:00:00Z,2026-01-10T17:00:00Z,46,0.394648,hgb-jan-eval-train-before-20260101,false
1,2026-01-08T19:00:00Z,2026-01-08T12:00:00Z,2026-01-10T18:00:00Z,47,0.268968,hgb-jan-eval-train-before-20260101,false
1,2026-01-08T19:00:00Z,2026-01-08T12:00:00Z,2026-01-10T19:00:00Z,48,0.234337,hgb-jan-eval-train-before-20260101,false
2,2026-01-08T19:00:00Z,2026-01-08T12:00:00Z,2026-01-08T20:00:00Z,1,0.117570,hgb-jan-eval-train-before-20260101,false
2,2026-01-08T19:00:00Z,2026-01-08T12:00:00Z,2026-01-08T21:00:00Z,2,0.117570,hgb-jan-eval-train-before-20260101,false
2,2026-01-08T19:00:00Z,2026-01-08T12:00:00Z,2026-01-08T22:00:00Z,3,0.105712,hgb-jan-eval-train-before-20260101,false
2,2026-01-08T19:00:00Z,2026-01-08T12:00:00Z,2026-01-08T23:00:00Z,4,0.095939,hgb-jan-eval-train-before-20260101,false
2,2026-01-08T19:00:00Z,2026-01-08T12:00:00Z,2026-01-09T00:00:00Z,5,0.042394,hgb-jan-eval-train-before-20260101,false
2,2026-01-08T19:00:00Z,2026-01-08T12:00:00Z,2026-01-09T01:00:00Z,6,0.035244,hgb-jan-eval-train-before-20260101,false
2,2026-01-08T19:00:00Z,2026-01-08T12:00:00Z,2026-01-09T02:00:00Z,7,0.024482,hgb-jan-eval-train-before-20260101,false
2,2026-01-08T19:00:00Z,2026-01-08T12:00:00Z,2026-01-09T03:00:00Z,8,0.022338,hgb-jan-eval-train-before-20260101,false
2,2026-01-08T19:00:00Z,2026-01-08T12:00:00Z,2026-01-09T04:00:00Z,9,0.021677,hgb-jan-eval-train-before-20260101,false
2,2026-01-08T19:00:00Z,2026-01-08T12:00:00Z,2026-01-09T05:00:00Z,10,0.053025,hgb-jan-eval-train-before-20260101,false
2,2026-01-08T19:00:00Z,2026-01-08T12:00:00Z,2026-01-09T06:00:00Z,11,0.061585,hgb-jan-eval-train-before-20260101,false
2,2026-01-08T19:00:00Z,2026-01-08T12:00:00Z,2026-01-09T07:00:00Z,12,0.188231,hgb-jan-eval-train-before-20260101,false
2,2026-01-08T19:00:00Z,2026-01-08T12:00:00Z,2026-01-09T08:00:00Z,13,0.227277,hgb-jan-eval-train-before-20260101,false
2,2026-01-08T19:00:00Z,2026-01-08T12:00:00Z,2026-01-09T09:00:00Z,14,0.218516,hgb-jan-eval-train-before-20260101,false
2,2026-01-08T19:00:00Z,2026-01-08T12:00:00Z,2026-01-09T10:00:00Z,15,0.094190,hgb-jan-eval-train-before-20260101,false
2,2026-01-08T19:00:00Z,2026-01-08T12:00:00Z,2026-01-09T11:00:00Z,16,0.066647,hgb-jan-eval-train-before-20260101,false
2,2026-01-08T19:00:00Z,2026-01-08T12:00:00Z,2026-01-09T12:00:00Z,17,0.012121,hgb-jan-eval-train-before-20260101,false
2,2026-01-08T19:00:00Z,2026-01-08T12:00:00Z,2026-01-09T13:00:00Z,18,0.020605,hgb-jan-eval-train-before-20260101,false
2,2026-01-08T19:00:00Z,2026-01-08T12:00:00Z,2026-01-09T14:00:00Z,19,0.028078,hgb-jan-eval-train-before-20260101,false
2,2026-01-08T19:00:00Z,2026-01-08T12:00:00Z,2026-01-09T15:00:00Z,20,0.055226,hgb-jan-eval-train-before-20260101,false
2,2026-01-08T19:00:00Z,2026-01-08T12:00:00Z,2026-01-09T16:00:00Z,21,0.080115,hgb-jan-eval-train-before-20260101,false
2,2026-01-08T19:00:00Z,2026-01-08T12:00:00Z,2026-01-09T17:00:00Z,22,0.081373,hgb-jan-eval-train-before-20260101,false
2,2026-01-08T19:00:00Z,2026-01-08T12:00:00Z,2026-01-09T18:00:00Z,23,0.081752,hgb-jan-eval-train-before-20260101,false
2,2026-01-08T19:00:00Z,2026-01-08T12:00:00Z,2026-01-09T19:00:00Z,24,0.077583,hgb-jan-eval-train-before-20260101,false
2,2026-01-08T19:00:00Z,2026-01-08T12:00:00Z,2026-01-09T20:00:00Z,25,0.133710,hgb-jan-eval-train-before-20260101,false
2,2026-01-08T19:00:00Z,2026-01-08T12:00:00Z,2026-01-09T21:00:00Z,26,0.146858,hgb-jan-eval-train-before-20260101,false
2,2026-01-08T19:00:00Z,2026-01-08T12:00:00Z,2026-01-09T22:00:00Z,27,0.145009,hgb-jan-eval-train-before-20260101,false
2,2026-01-08T19:00:00Z,2026-01-08T12:00:00Z,2026-01-09T23:00:00Z,28,0.183710,hgb-jan-eval-train-before-20260101,false
2,2026-01-08T19:00:00Z,2026-01-08T12:00:00Z,2026-01-10T00:00:00Z,29,0.201251,hgb-jan-eval-train-before-20260101,false
2,2026-01-08T19:00:00Z,2026-01-08T12:00:00Z,2026-01-10T01:00:00Z,30,0.193266,hgb-jan-eval-train-before-20260101,false
2,2026-01-08T19:00:00Z,2026-01-08T12:00:00Z,2026-01-10T02:00:00Z,31,0.174079,hgb-jan-eval-train-before-20260101,false
2,2026-01-08T19:00:00Z,2026-01-08T12:00:00Z,2026-01-10T03:00:00Z,32,0.205512,hgb-jan-eval-train-before-20260101,false
2,2026-01-08T19:00:00Z,2026-01-08T12:00:00Z,2026-01-10T04:00:00Z,33,0.238339,hgb-jan-eval-train-before-20260101,false
2,2026-01-08T19:00:00Z,2026-01-08T12:00:00Z,2026-01-10T05:00:00Z,34,0.228476,hgb-jan-eval-train-before-20260101,false
2,2026-01-08T19:00:00Z,2026-01-08T12:00:00Z,2026-01-10T06:00:00Z,35,0.186192,hgb-jan-eval-train-before-20260101,false
2,2026-01-08T19:00:00Z,2026-01-08T12:00:00Z,2026-01-10T07:00:00Z,36,0.195732,hgb-jan-eval-train-before-20260101,false
2,2026-01-08T19:00:00Z,2026-01-08T12:00:00Z,2026-01-10T08:00:00Z,37,0.238670,hgb-jan-eval-train-before-20260101,false
2,2026-01-08T19:00:00Z,2026-01-08T12:00:00Z,2026-01-10T09:00:00Z,38,0.259306,hgb-jan-eval-train-before-20260101,false
2,2026-01-08T19:00:00Z,2026-01-08T12:00:00Z,2026-01-10T10:00:00Z,39,0.221607,hgb-jan-eval-train-before-20260101,false
2,2026-01-08T19:00:00Z,2026-01-08T12:00:00Z,2026-01-10T11:00:00Z,40,0.258906,hgb-jan-eval-train-before-20260101,false
2,2026-01-08T19:00:00Z,2026-01-08T12:00:00Z,2026-01-10T12:00:00Z,41,0.382399,hgb-jan-eval-train-before-20260101,false
2,2026-01-08T19:00:00Z,2026-01-08T12:00:00Z,2026-01-10T13:00:00Z,42,0.487112,hgb-jan-eval-train-before-20260101,false
2,2026-01-08T19:00:00Z,2026-01-08T12:00:00Z,2026-01-10T14:00:00Z,43,0.513499,hgb-jan-eval-train-before-20260101,false
2,2026-01-08T19:00:00Z,2026-01-08T12:00:00Z,2026-01-10T15:00:00Z,44,0.479106,hgb-jan-eval-train-before-20260101,false
2,2026-01-08T19:00:00Z,2026-01-08T12:00:00Z,2026-01-10T16:00:00Z,45,0.457752,hgb-jan-eval-train-before-20260101,false
2,2026-01-08T19:00:00Z,2026-01-08T12:00:00Z,2026-01-10T17:00:00Z,46,0.393347,hgb-jan-eval-train-before-20260101,false
2,2026-01-08T19:00:00Z,2026-01-08T12:00:00Z,2026-01-10T18:00:00Z,47,0.267950,hgb-jan-eval-train-before-20260101,false
2,2026-01-08T19:00:00Z,2026-01-08T12:00:00Z,2026-01-10T19:00:00Z,48,0.233319,hgb-jan-eval-train-before-20260101,false
1,2026-01-09T19:00:00Z,2026-01-09T12:00:00Z,2026-01-09T20:00:00Z,1,0.077218,hgb-jan-eval-train-before-20260101,false
1,2026-01-09T19:00:00Z,2026-01-09T12:00:00Z,2026-01-09T21:00:00Z,2,0.148446,hgb-jan-eval-train-before-20260101,false
1,2026-01-09T19:00:00Z,2026-01-09T12:00:00Z,2026-01-09T22:00:00Z,3,0.192598,hgb-jan-eval-train-before-20260101,false
1,2026-01-09T19:00:00Z,2026-01-09T12:00:00Z,2026-01-09T23:00:00Z,4,0.216423,hgb-jan-eval-train-before-20260101,false
1,2026-01-09T19:00:00Z,2026-01-09T12:00:00Z,2026-01-10T00:00:00Z,5,0.216423,hgb-jan-eval-train-before-20260101,false
1,2026-01-09T19:00:00Z,2026-01-09T12:00:00Z,2026-01-10T01:00:00Z,6,0.220293,hgb-jan-eval-train-before-20260101,false
1,2026-01-09T19:00:00Z,2026-01-09T12:00:00Z,2026-01-10T02:00:00Z,7,0.206070,hgb-jan-eval-train-before-20260101,false
1,2026-01-09T19:00:00Z,2026-01-09T12:00:00Z,2026-01-10T03:00:00Z,8,0.208108,hgb-jan-eval-train-before-20260101,false
1,2026-01-09T19:00:00Z,2026-01-09T12:00:00Z,2026-01-10T04:00:00Z,9,0.243844,hgb-jan-eval-train-before-20260101,false
1,2026-01-09T19:00:00Z,2026-01-09T12:00:00Z,2026-01-10T05:00:00Z,10,0.215972,hgb-jan-eval-train-before-20260101,false
1,2026-01-09T19:00:00Z,2026-01-09T12:00:00Z,2026-01-10T06:00:00Z,11,0.186477,hgb-jan-eval-train-before-20260101,false
1,2026-01-09T19:00:00Z,2026-01-09T12:00:00Z,2026-01-10T07:00:00Z,12,0.219059,hgb-jan-eval-train-before-20260101,false
1,2026-01-09T19:00:00Z,2026-01-09T12:00:00Z,2026-01-10T08:00:00Z,13,0.266081,hgb-jan-eval-train-before-20260101,false
1,2026-01-09T19:00:00Z,2026-01-09T12:00:00Z,2026-01-10T09:00:00Z,14,0.319092,hgb-jan-eval-train-before-20260101,false
1,2026-01-09T19:00:00Z,2026-01-09T12:00:00Z,2026-01-10T10:00:00Z,15,0.359198,hgb-jan-eval-train-before-20260101,false
1,2026-01-09T19:00:00Z,2026-01-09T12:00:00Z,2026-01-10T11:00:00Z,16,0.363651,hgb-jan-eval-train-before-20260101,false
1,2026-01-09T19:00:00Z,2026-01-09T12:00:00Z,2026-01-10T12:00:00Z,17,0.367603,hgb-jan-eval-train-before-20260101,false
1,2026-01-09T19:00:00Z,2026-01-09T12:00:00Z,2026-01-10T13:00:00Z,18,0.482919,hgb-jan-eval-train-before-20260101,false
1,2026-01-09T19:00:00Z,2026-01-09T12:00:00Z,2026-01-10T14:00:00Z,19,0.509306,hgb-jan-eval-train-before-20260101,false
1,2026-01-09T19:00:00Z,2026-01-09T12:00:00Z,2026-01-10T15:00:00Z,20,0.555847,hgb-jan-eval-train-before-20260101,false
1,2026-01-09T19:00:00Z,2026-01-09T12:00:00Z,2026-01-10T16:00:00Z,21,0.480408,hgb-jan-eval-train-before-20260101,false
1,2026-01-09T19:00:00Z,2026-01-09T12:00:00Z,2026-01-10T17:00:00Z,22,0.468518,hgb-jan-eval-train-before-20260101,false
1,2026-01-09T19:00:00Z,2026-01-09T12:00:00Z,2026-01-10T18:00:00Z,23,0.522934,hgb-jan-eval-train-before-20260101,false
1,2026-01-09T19:00:00Z,2026-01-09T12:00:00Z,2026-01-10T19:00:00Z,24,0.630799,hgb-jan-eval-train-before-20260101,false
1,2026-01-09T19:00:00Z,2026-01-09T12:00:00Z,2026-01-10T20:00:00Z,25,0.594167,hgb-jan-eval-train-before-20260101,false
1,2026-01-09T19:00:00Z,2026-01-09T12:00:00Z,2026-01-10T21:00:00Z,26,0.525182,hgb-jan-eval-train-before-20260101,false
1,2026-01-09T19:00:00Z,2026-01-09T12:00:00Z,2026-01-10T22:00:00Z,27,0.405256,hgb-jan-eval-train-before-20260101,false
1,2026-01-09T19:00:00Z,2026-01-09T12:00:00Z,2026-01-10T23:00:00Z,28,0.485112,hgb-jan-eval-train-before-20260101,false
1,2026-01-09T19:00:00Z,2026-01-09T12:00:00Z,2026-01-11T00:00:00Z,29,0.473913,hgb-jan-eval-train-before-20260101,false
1,2026-01-09T19:00:00Z,2026-01-09T12:00:00Z,2026-01-11T01:00:00Z,30,0.515636,hgb-jan-eval-train-before-20260101,false
1,2026-01-09T19:00:00Z,2026-01-09T12:00:00Z,2026-01-11T02:00:00Z,31,0.415749,hgb-jan-eval-train-before-20260101,false
1,2026-01-09T19:00:00Z,2026-01-09T12:00:00Z,2026-01-11T03:00:00Z,32,0.367966,hgb-jan-eval-train-before-20260101,false
1,2026-01-09T19:00:00Z,2026-01-09T12:00:00Z,2026-01-11T04:00:00Z,33,0.412264,hgb-jan-eval-train-before-20260101,false
1,2026-01-09T19:00:00Z,2026-01-09T12:00:00Z,2026-01-11T05:00:00Z,34,0.666382,hgb-jan-eval-train-before-20260101,false
1,2026-01-09T19:00:00Z,2026-01-09T12:00:00Z,2026-01-11T06:00:00Z,35,0.683054,hgb-jan-eval-train-before-20260101,false
1,2026-01-09T19:00:00Z,2026-01-09T12:00:00Z,2026-01-11T07:00:00Z,36,0.759346,hgb-jan-eval-train-before-20260101,false
1,2026-01-09T19:00:00Z,2026-01-09T12:00:00Z,2026-01-11T08:00:00Z,37,0.766451,hgb-jan-eval-train-before-20260101,false
1,2026-01-09T19:00:00Z,2026-01-09T12:00:00Z,2026-01-11T09:00:00Z,38,0.827757,hgb-jan-eval-train-before-20260101,false
1,2026-01-09T19:00:00Z,2026-01-09T12:00:00Z,2026-01-11T10:00:00Z,39,0.775661,hgb-jan-eval-train-before-20260101,false
1,2026-01-09T19:00:00Z,2026-01-09T12:00:00Z,2026-01-11T11:00:00Z,40,0.557888,hgb-jan-eval-train-before-20260101,false
1,2026-01-09T19:00:00Z,2026-01-09T12:00:00Z,2026-01-11T12:00:00Z,41,0.307415,hgb-jan-eval-train-before-20260101,false
1,2026-01-09T19:00:00Z,2026-01-09T12:00:00Z,2026-01-11T13:00:00Z,42,0.256481,hgb-jan-eval-train-before-20260101,false
1,2026-01-09T19:00:00Z,2026-01-09T12:00:00Z,2026-01-11T14:00:00Z,43,0.279882,hgb-jan-eval-train-before-20260101,false
1,2026-01-09T19:00:00Z,2026-01-09T12:00:00Z,2026-01-11T15:00:00Z,44,0.219099,hgb-jan-eval-train-before-20260101,false
1,2026-01-09T19:00:00Z,2026-01-09T12:00:00Z,2026-01-11T16:00:00Z,45,0.216619,hgb-jan-eval-train-before-20260101,false
1,2026-01-09T19:00:00Z,2026-01-09T12:00:00Z,2026-01-11T17:00:00Z,46,0.440149,hgb-jan-eval-train-before-20260101,false
1,2026-01-09T19:00:00Z,2026-01-09T12:00:00Z,2026-01-11T18:00:00Z,47,0.453704,hgb-jan-eval-train-before-20260101,false
1,2026-01-09T19:00:00Z,2026-01-09T12:00:00Z,2026-01-11T19:00:00Z,48,0.498948,hgb-jan-eval-train-before-20260101,false
2,2026-01-09T19:00:00Z,2026-01-09T12:00:00Z,2026-01-09T20:00:00Z,1,0.076200,hgb-jan-eval-train-before-20260101,false
2,2026-01-09T19:00:00Z,2026-01-09T12:00:00Z,2026-01-09T21:00:00Z,2,0.147428,hgb-jan-eval-train-before-20260101,false
2,2026-01-09T19:00:00Z,2026-01-09T12:00:00Z,2026-01-09T22:00:00Z,3,0.191580,hgb-jan-eval-train-before-20260101,false
2,2026-01-09T19:00:00Z,2026-01-09T12:00:00Z,2026-01-09T23:00:00Z,4,0.215405,hgb-jan-eval-train-before-20260101,false
2,2026-01-09T19:00:00Z,2026-01-09T12:00:00Z,2026-01-10T00:00:00Z,5,0.215405,hgb-jan-eval-train-before-20260101,false
2,2026-01-09T19:00:00Z,2026-01-09T12:00:00Z,2026-01-10T01:00:00Z,6,0.219275,hgb-jan-eval-train-before-20260101,false
2,2026-01-09T19:00:00Z,2026-01-09T12:00:00Z,2026-01-10T02:00:00Z,7,0.205053,hgb-jan-eval-train-before-20260101,false
2,2026-01-09T19:00:00Z,2026-01-09T12:00:00Z,2026-01-10T03:00:00Z,8,0.204557,hgb-jan-eval-train-before-20260101,false
2,2026-01-09T19:00:00Z,2026-01-09T12:00:00Z,2026-01-10T04:00:00Z,9,0.242638,hgb-jan-eval-train-before-20260101,false
2,2026-01-09T19:00:00Z,2026-01-09T12:00:00Z,2026-01-10T05:00:00Z,10,0.214766,hgb-jan-eval-train-before-20260101,false
2,2026-01-09T19:00:00Z,2026-01-09T12:00:00Z,2026-01-10T06:00:00Z,11,0.186192,hgb-jan-eval-train-before-20260101,false
2,2026-01-09T19:00:00Z,2026-01-09T12:00:00Z,2026-01-10T07:00:00Z,12,0.218773,hgb-jan-eval-train-before-20260101,false
2,2026-01-09T19:00:00Z,2026-01-09T12:00:00Z,2026-01-10T08:00:00Z,13,0.265795,hgb-jan-eval-train-before-20260101,false
2,2026-01-09T19:00:00Z,2026-01-09T12:00:00Z,2026-01-10T09:00:00Z,14,0.318806,hgb-jan-eval-train-before-20260101,false
2,2026-01-09T19:00:00Z,2026-01-09T12:00:00Z,2026-01-10T10:00:00Z,15,0.358043,hgb-jan-eval-train-before-20260101,false
2,2026-01-09T19:00:00Z,2026-01-09T12:00:00Z,2026-01-10T11:00:00Z,16,0.362445,hgb-jan-eval-train-before-20260101,false
2,2026-01-09T19:00:00Z,2026-01-09T12:00:00Z,2026-01-10T12:00:00Z,17,0.371797,hgb-jan-eval-train-before-20260101,false
2,2026-01-09T19:00:00Z,2026-01-09T12:00:00Z,2026-01-10T13:00:00Z,18,0.487112,hgb-jan-eval-train-before-20260101,false
2,2026-01-09T19:00:00Z,2026-01-09T12:00:00Z,2026-01-10T14:00:00Z,19,0.513499,hgb-jan-eval-train-before-20260101,false
2,2026-01-09T19:00:00Z,2026-01-09T12:00:00Z,2026-01-10T15:00:00Z,20,0.554546,hgb-jan-eval-train-before-20260101,false
2,2026-01-09T19:00:00Z,2026-01-09T12:00:00Z,2026-01-10T16:00:00Z,21,0.479106,hgb-jan-eval-train-before-20260101,false
2,2026-01-09T19:00:00Z,2026-01-09T12:00:00Z,2026-01-10T17:00:00Z,22,0.467217,hgb-jan-eval-train-before-20260101,false
2,2026-01-09T19:00:00Z,2026-01-09T12:00:00Z,2026-01-10T18:00:00Z,23,0.521632,hgb-jan-eval-train-before-20260101,false
2,2026-01-09T19:00:00Z,2026-01-09T12:00:00Z,2026-01-10T19:00:00Z,24,0.629497,hgb-jan-eval-train-before-20260101,false
2,2026-01-09T19:00:00Z,2026-01-09T12:00:00Z,2026-01-10T20:00:00Z,25,0.592866,hgb-jan-eval-train-before-20260101,false
2,2026-01-09T19:00:00Z,2026-01-09T12:00:00Z,2026-01-10T21:00:00Z,26,0.524325,hgb-jan-eval-train-before-20260101,false
2,2026-01-09T19:00:00Z,2026-01-09T12:00:00Z,2026-01-10T22:00:00Z,27,0.404399,hgb-jan-eval-train-before-20260101,false
2,2026-01-09T19:00:00Z,2026-01-09T12:00:00Z,2026-01-10T23:00:00Z,28,0.484256,hgb-jan-eval-train-before-20260101,false
2,2026-01-09T19:00:00Z,2026-01-09T12:00:00Z,2026-01-11T00:00:00Z,29,0.472611,hgb-jan-eval-train-before-20260101,false
2,2026-01-09T19:00:00Z,2026-01-09T12:00:00Z,2026-01-11T01:00:00Z,30,0.514334,hgb-jan-eval-train-before-20260101,false
2,2026-01-09T19:00:00Z,2026-01-09T12:00:00Z,2026-01-11T02:00:00Z,31,0.414448,hgb-jan-eval-train-before-20260101,false
2,2026-01-09T19:00:00Z,2026-01-09T12:00:00Z,2026-01-11T03:00:00Z,32,0.366760,hgb-jan-eval-train-before-20260101,false
2,2026-01-09T19:00:00Z,2026-01-09T12:00:00Z,2026-01-11T04:00:00Z,33,0.411057,hgb-jan-eval-train-before-20260101,false
2,2026-01-09T19:00:00Z,2026-01-09T12:00:00Z,2026-01-11T05:00:00Z,34,0.665227,hgb-jan-eval-train-before-20260101,false
2,2026-01-09T19:00:00Z,2026-01-09T12:00:00Z,2026-01-11T06:00:00Z,35,0.685768,hgb-jan-eval-train-before-20260101,false
2,2026-01-09T19:00:00Z,2026-01-09T12:00:00Z,2026-01-11T07:00:00Z,36,0.760502,hgb-jan-eval-train-before-20260101,false
2,2026-01-09T19:00:00Z,2026-01-09T12:00:00Z,2026-01-11T08:00:00Z,37,0.766356,hgb-jan-eval-train-before-20260101,false
2,2026-01-09T19:00:00Z,2026-01-09T12:00:00Z,2026-01-11T09:00:00Z,38,0.828645,hgb-jan-eval-train-before-20260101,false
2,2026-01-09T19:00:00Z,2026-01-09T12:00:00Z,2026-01-11T10:00:00Z,39,0.777177,hgb-jan-eval-train-before-20260101,false
2,2026-01-09T19:00:00Z,2026-01-09T12:00:00Z,2026-01-11T11:00:00Z,40,0.556734,hgb-jan-eval-train-before-20260101,false
2,2026-01-09T19:00:00Z,2026-01-09T12:00:00Z,2026-01-11T12:00:00Z,41,0.311608,hgb-jan-eval-train-before-20260101,false
2,2026-01-09T19:00:00Z,2026-01-09T12:00:00Z,2026-01-11T13:00:00Z,42,0.260674,hgb-jan-eval-train-before-20260101,false
2,2026-01-09T19:00:00Z,2026-01-09T12:00:00Z,2026-01-11T14:00:00Z,43,0.284076,hgb-jan-eval-train-before-20260101,false
2,2026-01-09T19:00:00Z,2026-01-09T12:00:00Z,2026-01-11T15:00:00Z,44,0.218082,hgb-jan-eval-train-before-20260101,false
2,2026-01-09T19:00:00Z,2026-01-09T12:00:00Z,2026-01-11T16:00:00Z,45,0.215601,hgb-jan-eval-train-before-20260101,false
2,2026-01-09T19:00:00Z,2026-01-09T12:00:00Z,2026-01-11T17:00:00Z,46,0.438847,hgb-jan-eval-train-before-20260101,false
2,2026-01-09T19:00:00Z,2026-01-09T12:00:00Z,2026-01-11T18:00:00Z,47,0.452403,hgb-jan-eval-train-before-20260101,false
2,2026-01-09T19:00:00Z,2026-01-09T12:00:00Z,2026-01-11T19:00:00Z,48,0.497647,hgb-jan-eval-train-before-20260101,false
1,2026-01-10T19:00:00Z,2026-01-10T12:00:00Z,2026-01-10T20:00:00Z,1,0.540734,hgb-jan-eval-train-before-20260101,false
1,2026-01-10T19:00:00Z,2026-01-10T12:00:00Z,2026-01-10T21:00:00Z,2,0.517490,hgb-jan-eval-train-before-20260101,false
1,2026-01-10T19:00:00Z,2026-01-10T12:00:00Z,2026-01-10T22:00:00Z,3,0.578615,hgb-jan-eval-train-before-20260101,false
1,2026-01-10T19:00:00Z,2026-01-10T12:00:00Z,2026-01-10T23:00:00Z,4,0.621578,hgb-jan-eval-train-before-20260101,false
1,2026-01-10T19:00:00Z,2026-01-10T12:00:00Z,2026-01-11T00:00:00Z,5,0.658236,hgb-jan-eval-train-before-20260101,false
1,2026-01-10T19:00:00Z,2026-01-10T12:00:00Z,2026-01-11T01:00:00Z,6,0.548213,hgb-jan-eval-train-before-20260101,false
1,2026-01-10T19:00:00Z,2026-01-10T12:00:00Z,2026-01-11T02:00:00Z,7,0.377100,hgb-jan-eval-train-before-20260101,false
1,2026-01-10T19:00:00Z,2026-01-10T12:00:00Z,2026-01-11T03:00:00Z,8,0.307482,hgb-jan-eval-train-before-20260101,false
1,2026-01-10T19:00:00Z,2026-01-10T12:00:00Z,2026-01-11T04:00:00Z,9,0.388520,hgb-jan-eval-train-before-20260101,false
1,2026-01-10T19:00:00Z,2026-01-10T12:00:00Z,2026-01-11T05:00:00Z,10,0.695253,hgb-jan-eval-train-before-20260101,false
1,2026-01-10T19:00:00Z,2026-01-10T12:00:00Z,2026-01-11T06:00:00Z,11,0.674405,hgb-jan-eval-train-before-20260101,false
1,2026-01-10T19:00:00Z,2026-01-10T12:00:00Z,2026-01-11T07:00:00Z,12,0.787750,hgb-jan-eval-train-before-20260101,false
1,2026-01-10T19:00:00Z,2026-01-10T12:00:00Z,2026-01-11T08:00:00Z,13,0.838543,hgb-jan-eval-train-before-20260101,false
1,2026-01-10T19:00:00Z,2026-01-10T12:00:00Z,2026-01-11T09:00:00Z,14,0.820701,hgb-jan-eval-train-before-20260101,false
1,2026-01-10T19:00:00Z,2026-01-10T12:00:00Z,2026-01-11T10:00:00Z,15,0.624378,hgb-jan-eval-train-before-20260101,false
1,2026-01-10T19:00:00Z,2026-01-10T12:00:00Z,2026-01-11T11:00:00Z,16,0.506409,hgb-jan-eval-train-before-20260101,false
1,2026-01-10T19:00:00Z,2026-01-10T12:00:00Z,2026-01-11T12:00:00Z,17,0.300189,hgb-jan-eval-train-before-20260101,false
1,2026-01-10T19:00:00Z,2026-01-10T12:00:00Z,2026-01-11T13:00:00Z,18,0.274944,hgb-jan-eval-train-before-20260101,false
1,2026-01-10T19:00:00Z,2026-01-10T12:00:00Z,2026-01-11T14:00:00Z,19,0.248881,hgb-jan-eval-train-before-20260101,false
1,2026-01-10T19:00:00Z,2026-01-10T12:00:00Z,2026-01-11T15:00:00Z,20,0.200698,hgb-jan-eval-train-before-20260101,false
1,2026-01-10T19:00:00Z,2026-01-10T12:00:00Z,2026-01-11T16:00:00Z,21,0.243399,hgb-jan-eval-train-before-20260101,false
1,2026-01-10T19:00:00Z,2026-01-10T12:00:00Z,2026-01-11T17:00:00Z,22,0.453685,hgb-jan-eval-train-before-20260101,false
1,2026-01-10T19:00:00Z,2026-01-10T12:00:00Z,2026-01-11T18:00:00Z,23,0.546068,hgb-jan-eval-train-before-20260101,false
1,2026-01-10T19:00:00Z,2026-01-10T12:00:00Z,2026-01-11T19:00:00Z,24,0.570173,hgb-jan-eval-train-before-20260101,false
1,2026-01-10T19:00:00Z,2026-01-10T12:00:00Z,2026-01-11T20:00:00Z,25,0.531206,hgb-jan-eval-train-before-20260101,false
1,2026-01-10T19:00:00Z,2026-01-10T12:00:00Z,2026-01-11T21:00:00Z,26,0.437957,hgb-jan-eval-train-before-20260101,false
1,2026-01-10T19:00:00Z,2026-01-10T12:00:00Z,2026-01-11T22:00:00Z,27,0.159345,hgb-jan-eval-train-before-20260101,false
1,2026-01-10T19:00:00Z,2026-01-10T12:00:00Z,2026-01-11T23:00:00Z,28,0.032158,hgb-jan-eval-train-before-20260101,false
1,2026-01-10T19:00:00Z,2026-01-10T12:00:00Z,2026-01-12T00:00:00Z,29,0.022009,hgb-jan-eval-train-before-20260101,false
1,2026-01-10T19:00:00Z,2026-01-10T12:00:00Z,2026-01-12T01:00:00Z,30,0.041444,hgb-jan-eval-train-before-20260101,false
1,2026-01-10T19:00:00Z,2026-01-10T12:00:00Z,2026-01-12T02:00:00Z,31,0.317973,hgb-jan-eval-train-before-20260101,false
1,2026-01-10T19:00:00Z,2026-01-10T12:00:00Z,2026-01-12T03:00:00Z,32,0.412862,hgb-jan-eval-train-before-20260101,false
1,2026-01-10T19:00:00Z,2026-01-10T12:00:00Z,2026-01-12T04:00:00Z,33,0.256474,hgb-jan-eval-train-before-20260101,false
1,2026-01-10T19:00:00Z,2026-01-10T12:00:00Z,2026-01-12T05:00:00Z,34,0.241368,hgb-jan-eval-train-before-20260101,false
1,2026-01-10T19:00:00Z,2026-01-10T12:00:00Z,2026-01-12T06:00:00Z,35,0.281861,hgb-jan-eval-train-before-20260101,false
1,2026-01-10T19:00:00Z,2026-01-10T12:00:00Z,2026-01-12T07:00:00Z,36,0.333319,hgb-jan-eval-train-before-20260101,false
1,2026-01-10T19:00:00Z,2026-01-10T12:00:00Z,2026-01-12T08:00:00Z,37,0.510216,hgb-jan-eval-train-before-20260101,false
1,2026-01-10T19:00:00Z,2026-01-10T12:00:00Z,2026-01-12T09:00:00Z,38,0.641714,hgb-jan-eval-train-before-20260101,false
1,2026-01-10T19:00:00Z,2026-01-10T12:00:00Z,2026-01-12T10:00:00Z,39,0.677721,hgb-jan-eval-train-before-20260101,false
1,2026-01-10T19:00:00Z,2026-01-10T12:00:00Z,2026-01-12T11:00:00Z,40,0.713044,hgb-jan-eval-train-before-20260101,false
1,2026-01-10T19:00:00Z,2026-01-10T12:00:00Z,2026-01-12T12:00:00Z,41,0.564561,hgb-jan-eval-train-before-20260101,false
1,2026-01-10T19:00:00Z,2026-01-10T12:00:00Z,2026-01-12T13:00:00Z,42,0.554874,hgb-jan-eval-train-before-20260101,false
1,2026-01-10T19:00:00Z,2026-01-10T12:00:00Z,2026-01-12T14:00:00Z,43,0.670941,hgb-jan-eval-train-before-20260101,false
1,2026-01-10T19:00:00Z,2026-01-10T12:00:00Z,2026-01-12T15:00:00Z,44,0.626335,hgb-jan-eval-train-before-20260101,false
1,2026-01-10T19:00:00Z,2026-01-10T12:00:00Z,2026-01-12T16:00:00Z,45,0.568603,hgb-jan-eval-train-before-20260101,false
1,2026-01-10T19:00:00Z,2026-01-10T12:00:00Z,2026-01-12T17:00:00Z,46,0.432779,hgb-jan-eval-train-before-20260101,false
1,2026-01-10T19:00:00Z,2026-01-10T12:00:00Z,2026-01-12T18:00:00Z,47,0.669018,hgb-jan-eval-train-before-20260101,false
1,2026-01-10T19:00:00Z,2026-01-10T12:00:00Z,2026-01-12T19:00:00Z,48,0.825234,hgb-jan-eval-train-before-20260101,false
2,2026-01-10T19:00:00Z,2026-01-10T12:00:00Z,2026-01-10T20:00:00Z,1,0.539772,hgb-jan-eval-train-before-20260101,false
2,2026-01-10T19:00:00Z,2026-01-10T12:00:00Z,2026-01-10T21:00:00Z,2,0.516973,hgb-jan-eval-train-before-20260101,false
2,2026-01-10T19:00:00Z,2026-01-10T12:00:00Z,2026-01-10T22:00:00Z,3,0.577758,hgb-jan-eval-train-before-20260101,false
2,2026-01-10T19:00:00Z,2026-01-10T12:00:00Z,2026-01-10T23:00:00Z,4,0.620721,hgb-jan-eval-train-before-20260101,false
2,2026-01-10T19:00:00Z,2026-01-10T12:00:00Z,2026-01-11T00:00:00Z,5,0.657380,hgb-jan-eval-train-before-20260101,false
2,2026-01-10T19:00:00Z,2026-01-10T12:00:00Z,2026-01-11T01:00:00Z,6,0.547251,hgb-jan-eval-train-before-20260101,false
2,2026-01-10T19:00:00Z,2026-01-10T12:00:00Z,2026-01-11T02:00:00Z,7,0.376138,hgb-jan-eval-train-before-20260101,false
2,2026-01-10T19:00:00Z,2026-01-10T12:00:00Z,2026-01-11T03:00:00Z,8,0.306615,hgb-jan-eval-train-before-20260101,false
2,2026-01-10T19:00:00Z,2026-01-10T12:00:00Z,2026-01-11T04:00:00Z,9,0.387314,hgb-jan-eval-train-before-20260101,false
2,2026-01-10T19:00:00Z,2026-01-10T12:00:00Z,2026-01-11T05:00:00Z,10,0.694098,hgb-jan-eval-train-before-20260101,false
2,2026-01-10T19:00:00Z,2026-01-10T12:00:00Z,2026-01-11T06:00:00Z,11,0.677119,hgb-jan-eval-train-before-20260101,false
2,2026-01-10T19:00:00Z,2026-01-10T12:00:00Z,2026-01-11T07:00:00Z,12,0.790464,hgb-jan-eval-train-before-20260101,false
2,2026-01-10T19:00:00Z,2026-01-10T12:00:00Z,2026-01-11T08:00:00Z,13,0.839726,hgb-jan-eval-train-before-20260101,false
2,2026-01-10T19:00:00Z,2026-01-10T12:00:00Z,2026-01-11T09:00:00Z,14,0.821857,hgb-jan-eval-train-before-20260101,false
2,2026-01-10T19:00:00Z,2026-01-10T12:00:00Z,2026-01-11T10:00:00Z,15,0.623223,hgb-jan-eval-train-before-20260101,false
2,2026-01-10T19:00:00Z,2026-01-10T12:00:00Z,2026-01-11T11:00:00Z,16,0.506072,hgb-jan-eval-train-before-20260101,false
2,2026-01-10T19:00:00Z,2026-01-10T12:00:00Z,2026-01-11T12:00:00Z,17,0.304382,hgb-jan-eval-train-before-20260101,false
2,2026-01-10T19:00:00Z,2026-01-10T12:00:00Z,2026-01-11T13:00:00Z,18,0.279138,hgb-jan-eval-train-before-20260101,false
2,2026-01-10T19:00:00Z,2026-01-10T12:00:00Z,2026-01-11T14:00:00Z,19,0.253075,hgb-jan-eval-train-before-20260101,false
2,2026-01-10T19:00:00Z,2026-01-10T12:00:00Z,2026-01-11T15:00:00Z,20,0.199680,hgb-jan-eval-train-before-20260101,false
2,2026-01-10T19:00:00Z,2026-01-10T12:00:00Z,2026-01-11T16:00:00Z,21,0.242381,hgb-jan-eval-train-before-20260101,false
2,2026-01-10T19:00:00Z,2026-01-10T12:00:00Z,2026-01-11T17:00:00Z,22,0.452383,hgb-jan-eval-train-before-20260101,false
2,2026-01-10T19:00:00Z,2026-01-10T12:00:00Z,2026-01-11T18:00:00Z,23,0.544767,hgb-jan-eval-train-before-20260101,false
2,2026-01-10T19:00:00Z,2026-01-10T12:00:00Z,2026-01-11T19:00:00Z,24,0.568872,hgb-jan-eval-train-before-20260101,false
2,2026-01-10T19:00:00Z,2026-01-10T12:00:00Z,2026-01-11T20:00:00Z,25,0.529905,hgb-jan-eval-train-before-20260101,false
2,2026-01-10T19:00:00Z,2026-01-10T12:00:00Z,2026-01-11T21:00:00Z,26,0.436656,hgb-jan-eval-train-before-20260101,false
2,2026-01-10T19:00:00Z,2026-01-10T12:00:00Z,2026-01-11T22:00:00Z,27,0.158327,hgb-jan-eval-train-before-20260101,false
2,2026-01-10T19:00:00Z,2026-01-10T12:00:00Z,2026-01-11T23:00:00Z,28,0.030992,hgb-jan-eval-train-before-20260101,false
2,2026-01-10T19:00:00Z,2026-01-10T12:00:00Z,2026-01-12T00:00:00Z,29,0.021577,hgb-jan-eval-train-before-20260101,false
2,2026-01-10T19:00:00Z,2026-01-10T12:00:00Z,2026-01-12T01:00:00Z,30,0.041011,hgb-jan-eval-train-before-20260101,false
2,2026-01-10T19:00:00Z,2026-01-10T12:00:00Z,2026-01-12T02:00:00Z,31,0.317541,hgb-jan-eval-train-before-20260101,false
2,2026-01-10T19:00:00Z,2026-01-10T12:00:00Z,2026-01-12T03:00:00Z,32,0.412525,hgb-jan-eval-train-before-20260101,false
2,2026-01-10T19:00:00Z,2026-01-10T12:00:00Z,2026-01-12T04:00:00Z,33,0.256137,hgb-jan-eval-train-before-20260101,false
2,2026-01-10T19:00:00Z,2026-01-10T12:00:00Z,2026-01-12T05:00:00Z,34,0.241031,hgb-jan-eval-train-before-20260101,false
2,2026-01-10T19:00:00Z,2026-01-10T12:00:00Z,2026-01-12T06:00:00Z,35,0.281576,hgb-jan-eval-train-before-20260101,false
2,2026-01-10T19:00:00Z,2026-01-10T12:00:00Z,2026-01-12T07:00:00Z,36,0.333033,hgb-jan-eval-train-before-20260101,false
2,2026-01-10T19:00:00Z,2026-01-10T12:00:00Z,2026-01-12T08:00:00Z,37,0.511625,hgb-jan-eval-train-before-20260101,false
2,2026-01-10T19:00:00Z,2026-01-10T12:00:00Z,2026-01-12T09:00:00Z,38,0.643123,hgb-jan-eval-train-before-20260101,false
2,2026-01-10T19:00:00Z,2026-01-10T12:00:00Z,2026-01-12T10:00:00Z,39,0.679130,hgb-jan-eval-train-before-20260101,false
2,2026-01-10T19:00:00Z,2026-01-10T12:00:00Z,2026-01-12T11:00:00Z,40,0.712758,hgb-jan-eval-train-before-20260101,false
2,2026-01-10T19:00:00Z,2026-01-10T12:00:00Z,2026-01-12T12:00:00Z,41,0.564180,hgb-jan-eval-train-before-20260101,false
2,2026-01-10T19:00:00Z,2026-01-10T12:00:00Z,2026-01-12T13:00:00Z,42,0.554442,hgb-jan-eval-train-before-20260101,false
2,2026-01-10T19:00:00Z,2026-01-10T12:00:00Z,2026-01-12T14:00:00Z,43,0.670560,hgb-jan-eval-train-before-20260101,false
2,2026-01-10T19:00:00Z,2026-01-10T12:00:00Z,2026-01-12T15:00:00Z,44,0.625954,hgb-jan-eval-train-before-20260101,false
2,2026-01-10T19:00:00Z,2026-01-10T12:00:00Z,2026-01-12T16:00:00Z,45,0.568222,hgb-jan-eval-train-before-20260101,false
2,2026-01-10T19:00:00Z,2026-01-10T12:00:00Z,2026-01-12T17:00:00Z,46,0.432346,hgb-jan-eval-train-before-20260101,false
2,2026-01-10T19:00:00Z,2026-01-10T12:00:00Z,2026-01-12T18:00:00Z,47,0.668585,hgb-jan-eval-train-before-20260101,false
2,2026-01-10T19:00:00Z,2026-01-10T12:00:00Z,2026-01-12T19:00:00Z,48,0.824853,hgb-jan-eval-train-before-20260101,false
1,2026-01-11T19:00:00Z,2026-01-11T12:00:00Z,2026-01-11T20:00:00Z,1,0.284212,hgb-jan-eval-train-before-20260101,false
1,2026-01-11T19:00:00Z,2026-01-11T12:00:00Z,2026-01-11T21:00:00Z,2,0.196439,hgb-jan-eval-train-before-20260101,false
1,2026-01-11T19:00:00Z,2026-01-11T12:00:00Z,2026-01-11T22:00:00Z,3,0.352086,hgb-jan-eval-train-before-20260101,false
1,2026-01-11T19:00:00Z,2026-01-11T12:00:00Z,2026-01-11T23:00:00Z,4,0.375204,hgb-jan-eval-train-before-20260101,false
1,2026-01-11T19:00:00Z,2026-01-11T12:00:00Z,2026-01-12T00:00:00Z,5,0.277070,hgb-jan-eval-train-before-20260101,false
1,2026-01-11T19:00:00Z,2026-01-11T12:00:00Z,2026-01-12T01:00:00Z,6,0.045293,hgb-jan-eval-train-before-20260101,false
1,2026-01-11T19:00:00Z,2026-01-11T12:00:00Z,2026-01-12T02:00:00Z,7,0.013417,hgb-jan-eval-train-before-20260101,false
1,2026-01-11T19:00:00Z,2026-01-11T12:00:00Z,2026-01-12T03:00:00Z,8,0.030712,hgb-jan-eval-train-before-20260101,false
1,2026-01-11T19:00:00Z,2026-01-11T12:00:00Z,2026-01-12T04:00:00Z,9,0.111648,hgb-jan-eval-train-before-20260101,false
1,2026-01-11T19:00:00Z,2026-01-11T12:00:00Z,2026-01-12T05:00:00Z,10,0.258813,hgb-jan-eval-train-before-20260101,false
1,2026-01-11T19:00:00Z,2026-01-11T12:00:00Z,2026-01-12T06:00:00Z,11,0.281861,hgb-jan-eval-train-before-20260101,false
1,2026-01-11T19:00:00Z,2026-01-11T12:00:00Z,2026-01-12T07:00:00Z,12,0.269418,hgb-jan-eval-train-before-20260101,false
1,2026-01-11T19:00:00Z,2026-01-11T12:00:00Z,2026-01-12T08:00:00Z,13,0.444047,hgb-jan-eval-train-before-20260101,false
1,2026-01-11T19:00:00Z,2026-01-11T12:00:00Z,2026-01-12T09:00:00Z,14,0.561965,hgb-jan-eval-train-before-20260101,false
1,2026-01-11T19:00:00Z,2026-01-11T12:00:00Z,2026-01-12T10:00:00Z,15,0.784333,hgb-jan-eval-train-before-20260101,false
1,2026-01-11T19:00:00Z,2026-01-11T12:00:00Z,2026-01-12T11:00:00Z,16,0.773794,hgb-jan-eval-train-before-20260101,false
1,2026-01-11T19:00:00Z,2026-01-11T12:00:00Z,2026-01-12T12:00:00Z,17,0.575575,hgb-jan-eval-train-before-20260101,false
1,2026-01-11T19:00:00Z,2026-01-11T12:00:00Z,2026-01-12T13:00:00Z,18,0.464654,hgb-jan-eval-train-before-20260101,false
1,2026-01-11T19:00:00Z,2026-01-11T12:00:00Z,2026-01-12T14:00:00Z,19,0.357352,hgb-jan-eval-train-before-20260101,false
1,2026-01-11T19:00:00Z,2026-01-11T12:00:00Z,2026-01-12T15:00:00Z,20,0.253632,hgb-jan-eval-train-before-20260101,false
1,2026-01-11T19:00:00Z,2026-01-11T12:00:00Z,2026-01-12T16:00:00Z,21,0.683983,hgb-jan-eval-train-before-20260101,false
1,2026-01-11T19:00:00Z,2026-01-11T12:00:00Z,2026-01-12T17:00:00Z,22,0.842706,hgb-jan-eval-train-before-20260101,false
1,2026-01-11T19:00:00Z,2026-01-11T12:00:00Z,2026-01-12T18:00:00Z,23,0.429429,hgb-jan-eval-train-before-20260101,false
1,2026-01-11T19:00:00Z,2026-01-11T12:00:00Z,2026-01-12T19:00:00Z,24,0.133179,hgb-jan-eval-train-before-20260101,false
1,2026-01-11T19:00:00Z,2026-01-11T12:00:00Z,2026-01-12T20:00:00Z,25,0.066106,hgb-jan-eval-train-before-20260101,false
1,2026-01-11T19:00:00Z,2026-01-11T12:00:00Z,2026-01-12T21:00:00Z,26,0.029469,hgb-jan-eval-train-before-20260101,false
1,2026-01-11T19:00:00Z,2026-01-11T12:00:00Z,2026-01-12T22:00:00Z,27,0.034421,hgb-jan-eval-train-before-20260101,false
1,2026-01-11T19:00:00Z,2026-01-11T12:00:00Z,2026-01-12T23:00:00Z,28,0.029337,hgb-jan-eval-train-before-20260101,false
1,2026-01-11T19:00:00Z,2026-01-11T12:00:00Z,2026-01-13T00:00:00Z,29,0.025186,hgb-jan-eval-train-before-20260101,false
1,2026-01-11T19:00:00Z,2026-01-11T12:00:00Z,2026-01-13T01:00:00Z,30,0.024341,hgb-jan-eval-train-before-20260101,false
1,2026-01-11T19:00:00Z,2026-01-11T12:00:00Z,2026-01-13T02:00:00Z,31,0.011602,hgb-jan-eval-train-before-20260101,false
1,2026-01-11T19:00:00Z,2026-01-11T12:00:00Z,2026-01-13T03:00:00Z,32,0.012641,hgb-jan-eval-train-before-20260101,false
1,2026-01-11T19:00:00Z,2026-01-11T12:00:00Z,2026-01-13T04:00:00Z,33,0.013284,hgb-jan-eval-train-before-20260101,false
1,2026-01-11T19:00:00Z,2026-01-11T12:00:00Z,2026-01-13T05:00:00Z,34,0.071676,hgb-jan-eval-train-before-20260101,false
1,2026-01-11T19:00:00Z,2026-01-11T12:00:00Z,2026-01-13T06:00:00Z,35,0.087339,hgb-jan-eval-train-before-20260101,false
1,2026-01-11T19:00:00Z,2026-01-11T12:00:00Z,2026-01-13T07:00:00Z,36,0.198046,hgb-jan-eval-train-before-20260101,false
1,2026-01-11T19:00:00Z,2026-01-11T12:00:00Z,2026-01-13T08:00:00Z,37,0.463102,hgb-jan-eval-train-before-20260101,false
1,2026-01-11T19:00:00Z,2026-01-11T12:00:00Z,2026-01-13T09:00:00Z,38,0.547705,hgb-jan-eval-train-before-20260101,false
1,2026-01-11T19:00:00Z,2026-01-11T12:00:00Z,2026-01-13T10:00:00Z,39,0.612001,hgb-jan-eval-train-before-20260101,false
1,2026-01-11T19:00:00Z,2026-01-11T12:00:00Z,2026-01-13T11:00:00Z,40,0.777211,hgb-jan-eval-train-before-20260101,false
1,2026-01-11T19:00:00Z,2026-01-11T12:00:00Z,2026-01-13T12:00:00Z,41,0.730284,hgb-jan-eval-train-before-20260101,false
1,2026-01-11T19:00:00Z,2026-01-11T12:00:00Z,2026-01-13T13:00:00Z,42,0.729755,hgb-jan-eval-train-before-20260101,false
1,2026-01-11T19:00:00Z,2026-01-11T12:00:00Z,2026-01-13T14:00:00Z,43,0.753219,hgb-jan-eval-train-before-20260101,false
1,2026-01-11T19:00:00Z,2026-01-11T12:00:00Z,2026-01-13T15:00:00Z,44,0.694615,hgb-jan-eval-train-before-20260101,false
1,2026-01-11T19:00:00Z,2026-01-11T12:00:00Z,2026-01-13T16:00:00Z,45,0.608362,hgb-jan-eval-train-before-20260101,false
1,2026-01-11T19:00:00Z,2026-01-11T12:00:00Z,2026-01-13T17:00:00Z,46,0.490755,hgb-jan-eval-train-before-20260101,false
1,2026-01-11T19:00:00Z,2026-01-11T12:00:00Z,2026-01-13T18:00:00Z,47,0.362483,hgb-jan-eval-train-before-20260101,false
1,2026-01-11T19:00:00Z,2026-01-11T12:00:00Z,2026-01-13T19:00:00Z,48,0.295578,hgb-jan-eval-train-before-20260101,false
2,2026-01-11T19:00:00Z,2026-01-11T12:00:00Z,2026-01-11T20:00:00Z,1,0.282910,hgb-jan-eval-train-before-20260101,false
2,2026-01-11T19:00:00Z,2026-01-11T12:00:00Z,2026-01-11T21:00:00Z,2,0.192792,hgb-jan-eval-train-before-20260101,false
2,2026-01-11T19:00:00Z,2026-01-11T12:00:00Z,2026-01-11T22:00:00Z,3,0.350785,hgb-jan-eval-train-before-20260101,false
2,2026-01-11T19:00:00Z,2026-01-11T12:00:00Z,2026-01-11T23:00:00Z,4,0.373903,hgb-jan-eval-train-before-20260101,false
2,2026-01-11T19:00:00Z,2026-01-11T12:00:00Z,2026-01-12T00:00:00Z,5,0.275768,hgb-jan-eval-train-before-20260101,false
2,2026-01-11T19:00:00Z,2026-01-11T12:00:00Z,2026-01-12T01:00:00Z,6,0.044127,hgb-jan-eval-train-before-20260101,false
2,2026-01-11T19:00:00Z,2026-01-11T12:00:00Z,2026-01-12T02:00:00Z,7,0.012985,hgb-jan-eval-train-before-20260101,false
2,2026-01-11T19:00:00Z,2026-01-11T12:00:00Z,2026-01-12T03:00:00Z,8,0.030374,hgb-jan-eval-train-before-20260101,false
2,2026-01-11T19:00:00Z,2026-01-11T12:00:00Z,2026-01-12T04:00:00Z,9,0.111311,hgb-jan-eval-train-before-20260101,false
2,2026-01-11T19:00:00Z,2026-01-11T12:00:00Z,2026-01-12T05:00:00Z,10,0.258476,hgb-jan-eval-train-before-20260101,false
2,2026-01-11T19:00:00Z,2026-01-11T12:00:00Z,2026-01-12T06:00:00Z,11,0.281576,hgb-jan-eval-train-before-20260101,false
2,2026-01-11T19:00:00Z,2026-01-11T12:00:00Z,2026-01-12T07:00:00Z,12,0.269132,hgb-jan-eval-train-before-20260101,false
2,2026-01-11T19:00:00Z,2026-01-11T12:00:00Z,2026-01-12T08:00:00Z,13,0.445456,hgb-jan-eval-train-before-20260101,false
2,2026-01-11T19:00:00Z,2026-01-11T12:00:00Z,2026-01-12T09:00:00Z,14,0.563374,hgb-jan-eval-train-before-20260101,false
2,2026-01-11T19:00:00Z,2026-01-11T12:00:00Z,2026-01-12T10:00:00Z,15,0.785742,hgb-jan-eval-train-before-20260101,false
2,2026-01-11T19:00:00Z,2026-01-11T12:00:00Z,2026-01-12T11:00:00Z,16,0.775203,hgb-jan-eval-train-before-20260101,false
2,2026-01-11T19:00:00Z,2026-01-11T12:00:00Z,2026-01-12T12:00:00Z,17,0.576888,hgb-jan-eval-train-before-20260101,false
2,2026-01-11T19:00:00Z,2026-01-11T12:00:00Z,2026-01-12T13:00:00Z,18,0.464222,hgb-jan-eval-train-before-20260101,false
2,2026-01-11T19:00:00Z,2026-01-11T12:00:00Z,2026-01-12T14:00:00Z,19,0.356920,hgb-jan-eval-train-before-20260101,false
2,2026-01-11T19:00:00Z,2026-01-11T12:00:00Z,2026-01-12T15:00:00Z,20,0.253200,hgb-jan-eval-train-before-20260101,false
2,2026-01-11T19:00:00Z,2026-01-11T12:00:00Z,2026-01-12T16:00:00Z,21,0.683550,hgb-jan-eval-train-before-20260101,false
2,2026-01-11T19:00:00Z,2026-01-11T12:00:00Z,2026-01-12T17:00:00Z,22,0.844019,hgb-jan-eval-train-before-20260101,false
2,2026-01-11T19:00:00Z,2026-01-11T12:00:00Z,2026-01-12T18:00:00Z,23,0.429048,hgb-jan-eval-train-before-20260101,false
2,2026-01-11T19:00:00Z,2026-01-11T12:00:00Z,2026-01-12T19:00:00Z,24,0.132747,hgb-jan-eval-train-before-20260101,false
2,2026-01-11T19:00:00Z,2026-01-11T12:00:00Z,2026-01-12T20:00:00Z,25,0.065673,hgb-jan-eval-train-before-20260101,false
2,2026-01-11T19:00:00Z,2026-01-11T12:00:00Z,2026-01-12T21:00:00Z,26,0.029037,hgb-jan-eval-train-before-20260101,false
2,2026-01-11T19:00:00Z,2026-01-11T12:00:00Z,2026-01-12T22:00:00Z,27,0.033989,hgb-jan-eval-train-before-20260101,false
2,2026-01-11T19:00:00Z,2026-01-11T12:00:00Z,2026-01-12T23:00:00Z,28,0.028905,hgb-jan-eval-train-before-20260101,false
2,2026-01-11T19:00:00Z,2026-01-11T12:00:00Z,2026-01-13T00:00:00Z,29,0.024754,hgb-jan-eval-train-before-20260101,false
2,2026-01-11T19:00:00Z,2026-01-11T12:00:00Z,2026-01-13T01:00:00Z,30,0.023909,hgb-jan-eval-train-before-20260101,false
2,2026-01-11T19:00:00Z,2026-01-11T12:00:00Z,2026-01-13T02:00:00Z,31,0.011169,hgb-jan-eval-train-before-20260101,false
2,2026-01-11T19:00:00Z,2026-01-11T12:00:00Z,2026-01-13T03:00:00Z,32,0.011570,hgb-jan-eval-train-before-20260101,false
2,2026-01-11T19:00:00Z,2026-01-11T12:00:00Z,2026-01-13T04:00:00Z,33,0.012213,hgb-jan-eval-train-before-20260101,false
2,2026-01-11T19:00:00Z,2026-01-11T12:00:00Z,2026-01-13T05:00:00Z,34,0.068124,hgb-jan-eval-train-before-20260101,false
2,2026-01-11T19:00:00Z,2026-01-11T12:00:00Z,2026-01-13T06:00:00Z,35,0.087053,hgb-jan-eval-train-before-20260101,false
2,2026-01-11T19:00:00Z,2026-01-11T12:00:00Z,2026-01-13T07:00:00Z,36,0.197951,hgb-jan-eval-train-before-20260101,false
2,2026-01-11T19:00:00Z,2026-01-11T12:00:00Z,2026-01-13T08:00:00Z,37,0.463007,hgb-jan-eval-train-before-20260101,false
2,2026-01-11T19:00:00Z,2026-01-11T12:00:00Z,2026-01-13T09:00:00Z,38,0.548860,hgb-jan-eval-train-before-20260101,false
2,2026-01-11T19:00:00Z,2026-01-11T12:00:00Z,2026-01-13T10:00:00Z,39,0.614714,hgb-jan-eval-train-before-20260101,false
2,2026-01-11T19:00:00Z,2026-01-11T12:00:00Z,2026-01-13T11:00:00Z,40,0.776056,hgb-jan-eval-train-before-20260101,false
2,2026-01-11T19:00:00Z,2026-01-11T12:00:00Z,2026-01-13T12:00:00Z,41,0.734477,hgb-jan-eval-train-before-20260101,false
2,2026-01-11T19:00:00Z,2026-01-11T12:00:00Z,2026-01-13T13:00:00Z,42,0.733948,hgb-jan-eval-train-before-20260101,false
2,2026-01-11T19:00:00Z,2026-01-11T12:00:00Z,2026-01-13T14:00:00Z,43,0.757412,hgb-jan-eval-train-before-20260101,false
2,2026-01-11T19:00:00Z,2026-01-11T12:00:00Z,2026-01-13T15:00:00Z,44,0.693313,hgb-jan-eval-train-before-20260101,false
2,2026-01-11T19:00:00Z,2026-01-11T12:00:00Z,2026-01-13T16:00:00Z,45,0.607061,hgb-jan-eval-train-before-20260101,false
2,2026-01-11T19:00:00Z,2026-01-11T12:00:00Z,2026-01-13T17:00:00Z,46,0.489454,hgb-jan-eval-train-before-20260101,false
2,2026-01-11T19:00:00Z,2026-01-11T12:00:00Z,2026-01-13T18:00:00Z,47,0.361182,hgb-jan-eval-train-before-20260101,false
2,2026-01-11T19:00:00Z,2026-01-11T12:00:00Z,2026-01-13T19:00:00Z,48,0.294276,hgb-jan-eval-train-before-20260101,false
1,2026-01-12T19:00:00Z,2026-01-12T12:00:00Z,2026-01-12T20:00:00Z,1,0.085898,hgb-jan-eval-train-before-20260101,false
1,2026-01-12T19:00:00Z,2026-01-12T12:00:00Z,2026-01-12T21:00:00Z,2,0.081377,hgb-jan-eval-train-before-20260101,false
1,2026-01-12T19:00:00Z,2026-01-12T12:00:00Z,2026-01-12T22:00:00Z,3,0.043890,hgb-jan-eval-train-before-20260101,false
1,2026-01-12T19:00:00Z,2026-01-12T12:00:00Z,2026-01-12T23:00:00Z,4,0.016514,hgb-jan-eval-train-before-20260101,false
1,2026-01-12T19:00:00Z,2026-01-12T12:00:00Z,2026-01-13T00:00:00Z,5,0.017438,hgb-jan-eval-train-before-20260101,false
1,2026-01-12T19:00:00Z,2026-01-12T12:00:00Z,2026-01-13T01:00:00Z,6,0.016375,hgb-jan-eval-train-before-20260101,false
1,2026-01-12T19:00:00Z,2026-01-12T12:00:00Z,2026-01-13T02:00:00Z,7,0.011037,hgb-jan-eval-train-before-20260101,false
1,2026-01-12T19:00:00Z,2026-01-12T12:00:00Z,2026-01-13T03:00:00Z,8,0.017405,hgb-jan-eval-train-before-20260101,false
1,2026-01-12T19:00:00Z,2026-01-12T12:00:00Z,2026-01-13T04:00:00Z,9,0.025042,hgb-jan-eval-train-before-20260101,false
1,2026-01-12T19:00:00Z,2026-01-12T12:00:00Z,2026-01-13T05:00:00Z,10,0.108250,hgb-jan-eval-train-before-20260101,false
1,2026-01-12T19:00:00Z,2026-01-12T12:00:00Z,2026-01-13T06:00:00Z,11,0.174780,hgb-jan-eval-train-before-20260101,false
1,2026-01-12T19:00:00Z,2026-01-12T12:00:00Z,2026-01-13T07:00:00Z,12,0.431098,hgb-jan-eval-train-before-20260101,false
1,2026-01-12T19:00:00Z,2026-01-12T12:00:00Z,2026-01-13T08:00:00Z,13,0.473774,hgb-jan-eval-train-before-20260101,false
1,2026-01-12T19:00:00Z,2026-01-12T12:00:00Z,2026-01-13T09:00:00Z,14,0.598899,hgb-jan-eval-train-before-20260101,false
1,2026-01-12T19:00:00Z,2026-01-12T12:00:00Z,2026-01-13T10:00:00Z,15,0.764361,hgb-jan-eval-train-before-20260101,false
1,2026-01-12T19:00:00Z,2026-01-12T12:00:00Z,2026-01-13T11:00:00Z,16,0.830398,hgb-jan-eval-train-before-20260101,false
1,2026-01-12T19:00:00Z,2026-01-12T12:00:00Z,2026-01-13T12:00:00Z,17,0.822846,hgb-jan-eval-train-before-20260101,false
1,2026-01-12T19:00:00Z,2026-01-12T12:00:00Z,2026-01-13T13:00:00Z,18,0.917906,hgb-jan-eval-train-before-20260101,false
1,2026-01-12T19:00:00Z,2026-01-12T12:00:00Z,2026-01-13T14:00:00Z,19,1.000000,hgb-jan-eval-train-before-20260101,false
1,2026-01-12T19:00:00Z,2026-01-12T12:00:00Z,2026-01-13T15:00:00Z,20,0.943569,hgb-jan-eval-train-before-20260101,false
1,2026-01-12T19:00:00Z,2026-01-12T12:00:00Z,2026-01-13T16:00:00Z,21,0.829831,hgb-jan-eval-train-before-20260101,false
1,2026-01-12T19:00:00Z,2026-01-12T12:00:00Z,2026-01-13T17:00:00Z,22,0.592187,hgb-jan-eval-train-before-20260101,false
1,2026-01-12T19:00:00Z,2026-01-12T12:00:00Z,2026-01-13T18:00:00Z,23,0.327551,hgb-jan-eval-train-before-20260101,false
1,2026-01-12T19:00:00Z,2026-01-12T12:00:00Z,2026-01-13T19:00:00Z,24,0.273361,hgb-jan-eval-train-before-20260101,false
1,2026-01-12T19:00:00Z,2026-01-12T12:00:00Z,2026-01-13T20:00:00Z,25,0.244944,hgb-jan-eval-train-before-20260101,false
1,2026-01-12T19:00:00Z,2026-01-12T12:00:00Z,2026-01-13T21:00:00Z,26,0.142997,hgb-jan-eval-train-before-20260101,false
1,2026-01-12T19:00:00Z,2026-01-12T12:00:00Z,2026-01-13T22:00:00Z,27,0.087159,hgb-jan-eval-train-before-20260101,false
1,2026-01-12T19:00:00Z,2026-01-12T12:00:00Z,2026-01-13T23:00:00Z,28,0.037440,hgb-jan-eval-train-before-20260101,false
1,2026-01-12T19:00:00Z,2026-01-12T12:00:00Z,2026-01-14T00:00:00Z,29,0.037237,hgb-jan-eval-train-before-20260101,false
1,2026-01-12T19:00:00Z,2026-01-12T12:00:00Z,2026-01-14T01:00:00Z,30,0.033346,hgb-jan-eval-train-before-20260101,false
1,2026-01-12T19:00:00Z,2026-01-12T12:00:00Z,2026-01-14T02:00:00Z,31,0.022586,hgb-jan-eval-train-before-20260101,false
1,2026-01-12T19:00:00Z,2026-01-12T12:00:00Z,2026-01-14T03:00:00Z,32,0.014167,hgb-jan-eval-train-before-20260101,false
1,2026-01-12T19:00:00Z,2026-01-12T12:00:00Z,2026-01-14T04:00:00Z,33,0.015903,hgb-jan-eval-train-before-20260101,false
1,2026-01-12T19:00:00Z,2026-01-12T12:00:00Z,2026-01-14T05:00:00Z,34,0.010251,hgb-jan-eval-train-before-20260101,false
1,2026-01-12T19:00:00Z,2026-01-12T12:00:00Z,2026-01-14T06:00:00Z,35,0.018676,hgb-jan-eval-train-before-20260101,false
1,2026-01-12T19:00:00Z,2026-01-12T12:00:00Z,2026-01-14T07:00:00Z,36,0.025506,hgb-jan-eval-train-before-20260101,false
1,2026-01-12T19:00:00Z,2026-01-12T12:00:00Z,2026-01-14T08:00:00Z,37,0.047368,hgb-jan-eval-train-before-20260101,false
1,2026-01-12T19:00:00Z,2026-01-12T12:00:00Z,2026-01-14T09:00:00Z,38,0.083203,hgb-jan-eval-train-before-20260101,false
1,2026-01-12T19:00:00Z,2026-01-12T12:00:00Z,2026-01-14T10:00:00Z,39,0.116130,hgb-jan-eval-train-before-20260101,false
1,2026-01-12T19:00:00Z,2026-01-12T12:00:00Z,2026-01-14T11:00:00Z,40,0.193214,hgb-jan-eval-train-before-20260101,false
1,2026-01-12T19:00:00Z,2026-01-12T12:00:00Z,2026-01-14T12:00:00Z,41,0.255777,hgb-jan-eval-train-before-20260101,false
1,2026-01-12T19:00:00Z,2026-01-12T12:00:00Z,2026-01-14T13:00:00Z,42,0.402752,hgb-jan-eval-train-before-20260101,false
1,2026-01-12T19:00:00Z,2026-01-12T12:00:00Z,2026-01-14T14:00:00Z,43,0.414523,hgb-jan-eval-train-before-20260101,false
1,2026-01-12T19:00:00Z,2026-01-12T12:00:00Z,2026-01-14T15:00:00Z,44,0.423217,hgb-jan-eval-train-before-20260101,false
1,2026-01-12T19:00:00Z,2026-01-12T12:00:00Z,2026-01-14T16:00:00Z,45,0.451710,hgb-jan-eval-train-before-20260101,false
1,2026-01-12T19:00:00Z,2026-01-12T12:00:00Z,2026-01-14T17:00:00Z,46,0.408035,hgb-jan-eval-train-before-20260101,false
1,2026-01-12T19:00:00Z,2026-01-12T12:00:00Z,2026-01-14T18:00:00Z,47,0.341160,hgb-jan-eval-train-before-20260101,false
1,2026-01-12T19:00:00Z,2026-01-12T12:00:00Z,2026-01-14T19:00:00Z,48,0.271149,hgb-jan-eval-train-before-20260101,false
2,2026-01-12T19:00:00Z,2026-01-12T12:00:00Z,2026-01-12T20:00:00Z,1,0.085465,hgb-jan-eval-train-before-20260101,false
2,2026-01-12T19:00:00Z,2026-01-12T12:00:00Z,2026-01-12T21:00:00Z,2,0.080945,hgb-jan-eval-train-before-20260101,false
2,2026-01-12T19:00:00Z,2026-01-12T12:00:00Z,2026-01-12T22:00:00Z,3,0.043457,hgb-jan-eval-train-before-20260101,false
2,2026-01-12T19:00:00Z,2026-01-12T12:00:00Z,2026-01-12T23:00:00Z,4,0.016081,hgb-jan-eval-train-before-20260101,false
2,2026-01-12T19:00:00Z,2026-01-12T12:00:00Z,2026-01-13T00:00:00Z,5,0.017006,hgb-jan-eval-train-before-20260101,false
2,2026-01-12T19:00:00Z,2026-01-12T12:00:00Z,2026-01-13T01:00:00Z,6,0.015943,hgb-jan-eval-train-before-20260101,false
2,2026-01-12T19:00:00Z,2026-01-12T12:00:00Z,2026-01-13T02:00:00Z,7,0.009871,hgb-jan-eval-train-before-20260101,false
2,2026-01-12T19:00:00Z,2026-01-12T12:00:00Z,2026-01-13T03:00:00Z,8,0.016334,hgb-jan-eval-train-before-20260101,false
2,2026-01-12T19:00:00Z,2026-01-12T12:00:00Z,2026-01-13T04:00:00Z,9,0.023836,hgb-jan-eval-train-before-20260101,false
2,2026-01-12T19:00:00Z,2026-01-12T12:00:00Z,2026-01-13T05:00:00Z,10,0.107044,hgb-jan-eval-train-before-20260101,false
2,2026-01-12T19:00:00Z,2026-01-12T12:00:00Z,2026-01-13T06:00:00Z,11,0.175936,hgb-jan-eval-train-before-20260101,false
2,2026-01-12T19:00:00Z,2026-01-12T12:00:00Z,2026-01-13T07:00:00Z,12,0.431004,hgb-jan-eval-train-before-20260101,false
2,2026-01-12T19:00:00Z,2026-01-12T12:00:00Z,2026-01-13T08:00:00Z,13,0.474930,hgb-jan-eval-train-before-20260101,false
2,2026-01-12T19:00:00Z,2026-01-12T12:00:00Z,2026-01-13T09:00:00Z,14,0.600055,hgb-jan-eval-train-before-20260101,false
2,2026-01-12T19:00:00Z,2026-01-12T12:00:00Z,2026-01-13T10:00:00Z,15,0.765517,hgb-jan-eval-train-before-20260101,false
2,2026-01-12T19:00:00Z,2026-01-12T12:00:00Z,2026-01-13T11:00:00Z,16,0.831189,hgb-jan-eval-train-before-20260101,false
2,2026-01-12T19:00:00Z,2026-01-12T12:00:00Z,2026-01-13T12:00:00Z,17,0.829037,hgb-jan-eval-train-before-20260101,false
2,2026-01-12T19:00:00Z,2026-01-12T12:00:00Z,2026-01-13T13:00:00Z,18,0.922271,hgb-jan-eval-train-before-20260101,false
2,2026-01-12T19:00:00Z,2026-01-12T12:00:00Z,2026-01-13T14:00:00Z,19,1.000000,hgb-jan-eval-train-before-20260101,false
2,2026-01-12T19:00:00Z,2026-01-12T12:00:00Z,2026-01-13T15:00:00Z,20,0.942319,hgb-jan-eval-train-before-20260101,false
2,2026-01-12T19:00:00Z,2026-01-12T12:00:00Z,2026-01-13T16:00:00Z,21,0.828581,hgb-jan-eval-train-before-20260101,false
2,2026-01-12T19:00:00Z,2026-01-12T12:00:00Z,2026-01-13T17:00:00Z,22,0.590885,hgb-jan-eval-train-before-20260101,false
2,2026-01-12T19:00:00Z,2026-01-12T12:00:00Z,2026-01-13T18:00:00Z,23,0.326250,hgb-jan-eval-train-before-20260101,false
2,2026-01-12T19:00:00Z,2026-01-12T12:00:00Z,2026-01-13T19:00:00Z,24,0.272059,hgb-jan-eval-train-before-20260101,false
2,2026-01-12T19:00:00Z,2026-01-12T12:00:00Z,2026-01-13T20:00:00Z,25,0.241297,hgb-jan-eval-train-before-20260101,false
2,2026-01-12T19:00:00Z,2026-01-12T12:00:00Z,2026-01-13T21:00:00Z,26,0.141979,hgb-jan-eval-train-before-20260101,false
2,2026-01-12T19:00:00Z,2026-01-12T12:00:00Z,2026-01-13T22:00:00Z,27,0.086141,hgb-jan-eval-train-before-20260101,false
2,2026-01-12T19:00:00Z,2026-01-12T12:00:00Z,2026-01-13T23:00:00Z,28,0.036422,hgb-jan-eval-train-before-20260101,false
2,2026-01-12T19:00:00Z,2026-01-12T12:00:00Z,2026-01-14T00:00:00Z,29,0.036219,hgb-jan-eval-train-before-20260101,false
2,2026-01-12T19:00:00Z,2026-01-12T12:00:00Z,2026-01-14T01:00:00Z,30,0.032328,hgb-jan-eval-train-before-20260101,false
2,2026-01-12T19:00:00Z,2026-01-12T12:00:00Z,2026-01-14T02:00:00Z,31,0.022154,hgb-jan-eval-train-before-20260101,false
2,2026-01-12T19:00:00Z,2026-01-12T12:00:00Z,2026-01-14T03:00:00Z,32,0.013829,hgb-jan-eval-train-before-20260101,false
2,2026-01-12T19:00:00Z,2026-01-12T12:00:00Z,2026-01-14T04:00:00Z,33,0.015566,hgb-jan-eval-train-before-20260101,false
2,2026-01-12T19:00:00Z,2026-01-12T12:00:00Z,2026-01-14T05:00:00Z,34,0.009914,hgb-jan-eval-train-before-20260101,false
2,2026-01-12T19:00:00Z,2026-01-12T12:00:00Z,2026-01-14T06:00:00Z,35,0.018339,hgb-jan-eval-train-before-20260101,false
2,2026-01-12T19:00:00Z,2026-01-12T12:00:00Z,2026-01-14T07:00:00Z,36,0.025169,hgb-jan-eval-train-before-20260101,false
2,2026-01-12T19:00:00Z,2026-01-12T12:00:00Z,2026-01-14T08:00:00Z,37,0.047031,hgb-jan-eval-train-before-20260101,false
2,2026-01-12T19:00:00Z,2026-01-12T12:00:00Z,2026-01-14T09:00:00Z,38,0.082865,hgb-jan-eval-train-before-20260101,false
2,2026-01-12T19:00:00Z,2026-01-12T12:00:00Z,2026-01-14T10:00:00Z,39,0.115792,hgb-jan-eval-train-before-20260101,false
2,2026-01-12T19:00:00Z,2026-01-12T12:00:00Z,2026-01-14T11:00:00Z,40,0.192876,hgb-jan-eval-train-before-20260101,false
2,2026-01-12T19:00:00Z,2026-01-12T12:00:00Z,2026-01-14T12:00:00Z,41,0.255345,hgb-jan-eval-train-before-20260101,false
2,2026-01-12T19:00:00Z,2026-01-12T12:00:00Z,2026-01-14T13:00:00Z,42,0.402320,hgb-jan-eval-train-before-20260101,false
2,2026-01-12T19:00:00Z,2026-01-12T12:00:00Z,2026-01-14T14:00:00Z,43,0.414091,hgb-jan-eval-train-before-20260101,false
2,2026-01-12T19:00:00Z,2026-01-12T12:00:00Z,2026-01-14T15:00:00Z,44,0.422784,hgb-jan-eval-train-before-20260101,false
2,2026-01-12T19:00:00Z,2026-01-12T12:00:00Z,2026-01-14T16:00:00Z,45,0.451278,hgb-jan-eval-train-before-20260101,false
2,2026-01-12T19:00:00Z,2026-01-12T12:00:00Z,2026-01-14T17:00:00Z,46,0.407603,hgb-jan-eval-train-before-20260101,false
2,2026-01-12T19:00:00Z,2026-01-12T12:00:00Z,2026-01-14T18:00:00Z,47,0.340728,hgb-jan-eval-train-before-20260101,false
2,2026-01-12T19:00:00Z,2026-01-12T12:00:00Z,2026-01-14T19:00:00Z,48,0.270716,hgb-jan-eval-train-before-20260101,false
1,2026-01-13T19:00:00Z,2026-01-13T12:00:00Z,2026-01-13T20:00:00Z,1,0.253335,hgb-jan-eval-train-before-20260101,false
1,2026-01-13T19:00:00Z,2026-01-13T12:00:00Z,2026-01-13T21:00:00Z,2,0.219282,hgb-jan-eval-train-before-20260101,false
1,2026-01-13T19:00:00Z,2026-01-13T12:00:00Z,2026-01-13T22:00:00Z,3,0.267731,hgb-jan-eval-train-before-20260101,false
1,2026-01-13T19:00:00Z,2026-01-13T12:00:00Z,2026-01-13T23:00:00Z,4,0.129642,hgb-jan-eval-train-before-20260101,false
1,2026-01-13T19:00:00Z,2026-01-13T12:00:00Z,2026-01-14T00:00:00Z,5,0.156539,hgb-jan-eval-train-before-20260101,false
1,2026-01-13T19:00:00Z,2026-01-13T12:00:00Z,2026-01-14T01:00:00Z,6,0.123146,hgb-jan-eval-train-before-20260101,false
1,2026-01-13T19:00:00Z,2026-01-13T12:00:00Z,2026-01-14T02:00:00Z,7,0.033598,hgb-jan-eval-train-before-20260101,false
1,2026-01-13T19:00:00Z,2026-01-13T12:00:00Z,2026-01-14T03:00:00Z,8,0.014671,hgb-jan-eval-train-before-20260101,false
1,2026-01-13T19:00:00Z,2026-01-13T12:00:00Z,2026-01-14T04:00:00Z,9,0.012041,hgb-jan-eval-train-before-20260101,false
1,2026-01-13T19:00:00Z,2026-01-13T12:00:00Z,2026-01-14T05:00:00Z,10,0.012154,hgb-jan-eval-train-before-20260101,false
1,2026-01-13T19:00:00Z,2026-01-13T12:00:00Z,2026-01-14T06:00:00Z,11,0.011178,hgb-jan-eval-train-before-20260101,false
1,2026-01-13T19:00:00Z,2026-01-13T12:00:00Z,2026-01-14T07:00:00Z,12,0.013731,hgb-jan-eval-train-before-20260101,false
1,2026-01-13T19:00:00Z,2026-01-13T12:00:00Z,2026-01-14T08:00:00Z,13,0.043517,hgb-jan-eval-train-before-20260101,false
1,2026-01-13T19:00:00Z,2026-01-13T12:00:00Z,2026-01-14T09:00:00Z,14,0.115222,hgb-jan-eval-train-before-20260101,false
1,2026-01-13T19:00:00Z,2026-01-13T12:00:00Z,2026-01-14T10:00:00Z,15,0.122286,hgb-jan-eval-train-before-20260101,false
1,2026-01-13T19:00:00Z,2026-01-13T12:00:00Z,2026-01-14T11:00:00Z,16,0.134804,hgb-jan-eval-train-before-20260101,false
1,2026-01-13T19:00:00Z,2026-01-13T12:00:00Z,2026-01-14T12:00:00Z,17,0.133299,hgb-jan-eval-train-before-20260101,false
1,2026-01-13T19:00:00Z,2026-01-13T12:00:00Z,2026-01-14T13:00:00Z,18,0.266138,hgb-jan-eval-train-before-20260101,false
1,2026-01-13T19:00:00Z,2026-01-13T12:00:00Z,2026-01-14T14:00:00Z,19,0.427375,hgb-jan-eval-train-before-20260101,false
1,2026-01-13T19:00:00Z,2026-01-13T12:00:00Z,2026-01-14T15:00:00Z,20,0.392532,hgb-jan-eval-train-before-20260101,false
1,2026-01-13T19:00:00Z,2026-01-13T12:00:00Z,2026-01-14T16:00:00Z,21,0.367990,hgb-jan-eval-train-before-20260101,false
1,2026-01-13T19:00:00Z,2026-01-13T12:00:00Z,2026-01-14T17:00:00Z,22,0.370059,hgb-jan-eval-train-before-20260101,false
1,2026-01-13T19:00:00Z,2026-01-13T12:00:00Z,2026-01-14T18:00:00Z,23,0.280506,hgb-jan-eval-train-before-20260101,false
1,2026-01-13T19:00:00Z,2026-01-13T12:00:00Z,2026-01-14T19:00:00Z,24,0.174718,hgb-jan-eval-train-before-20260101,false
1,2026-01-13T19:00:00Z,2026-01-13T12:00:00Z,2026-01-14T20:00:00Z,25,0.176232,hgb-jan-eval-train-before-20260101,false
1,2026-01-13T19:00:00Z,2026-01-13T12:00:00Z,2026-01-14T21:00:00Z,26,0.123296,hgb-jan-eval-train-before-20260101,false
1,2026-01-13T19:00:00Z,2026-01-13T12:00:00Z,2026-01-14T22:00:00Z,27,0.037052,hgb-jan-eval-train-before-20260101,false
1,2026-01-13T19:00:00Z,2026-01-13T12:00:00Z,2026-01-14T23:00:00Z,28,0.026189,hgb-jan-eval-train-before-20260101,false
1,2026-01-13T19:00:00Z,2026-01-13T12:00:00Z,2026-01-15T00:00:00Z,29,0.013389,hgb-jan-eval-train-before-20260101,false
1,2026-01-13T19:00:00Z,2026-01-13T12:00:00Z,2026-01-15T01:00:00Z,30,0.014753,hgb-jan-eval-train-before-20260101,false
1,2026-01-13T19:00:00Z,2026-01-13T12:00:00Z,2026-01-15T02:00:00Z,31,0.014677,hgb-jan-eval-train-before-20260101,false
1,2026-01-13T19:00:00Z,2026-01-13T12:00:00Z,2026-01-15T03:00:00Z,32,0.014516,hgb-jan-eval-train-before-20260101,false
1,2026-01-13T19:00:00Z,2026-01-13T12:00:00Z,2026-01-15T04:00:00Z,33,0.011205,hgb-jan-eval-train-before-20260101,false
1,2026-01-13T19:00:00Z,2026-01-13T12:00:00Z,2026-01-15T05:00:00Z,34,0.010280,hgb-jan-eval-train-before-20260101,false
1,2026-01-13T19:00:00Z,2026-01-13T12:00:00Z,2026-01-15T06:00:00Z,35,0.010170,hgb-jan-eval-train-before-20260101,false
1,2026-01-13T19:00:00Z,2026-01-13T12:00:00Z,2026-01-15T07:00:00Z,36,0.011534,hgb-jan-eval-train-before-20260101,false
1,2026-01-13T19:00:00Z,2026-01-13T12:00:00Z,2026-01-15T08:00:00Z,37,0.011593,hgb-jan-eval-train-before-20260101,false
1,2026-01-13T19:00:00Z,2026-01-13T12:00:00Z,2026-01-15T09:00:00Z,38,0.011473,hgb-jan-eval-train-before-20260101,false
1,2026-01-13T19:00:00Z,2026-01-13T12:00:00Z,2026-01-15T10:00:00Z,39,0.011509,hgb-jan-eval-train-before-20260101,false
1,2026-01-13T19:00:00Z,2026-01-13T12:00:00Z,2026-01-15T11:00:00Z,40,0.012429,hgb-jan-eval-train-before-20260101,false
1,2026-01-13T19:00:00Z,2026-01-13T12:00:00Z,2026-01-15T12:00:00Z,41,0.031603,hgb-jan-eval-train-before-20260101,false
1,2026-01-13T19:00:00Z,2026-01-13T12:00:00Z,2026-01-15T13:00:00Z,42,0.084423,hgb-jan-eval-train-before-20260101,false
1,2026-01-13T19:00:00Z,2026-01-13T12:00:00Z,2026-01-15T14:00:00Z,43,0.012205,hgb-jan-eval-train-before-20260101,false
1,2026-01-13T19:00:00Z,2026-01-13T12:00:00Z,2026-01-15T15:00:00Z,44,0.011065,hgb-jan-eval-train-before-20260101,false
1,2026-01-13T19:00:00Z,2026-01-13T12:00:00Z,2026-01-15T16:00:00Z,45,0.011557,hgb-jan-eval-train-before-20260101,false
1,2026-01-13T19:00:00Z,2026-01-13T12:00:00Z,2026-01-15T17:00:00Z,46,0.017754,hgb-jan-eval-train-before-20260101,false
1,2026-01-13T19:00:00Z,2026-01-13T12:00:00Z,2026-01-15T18:00:00Z,47,0.012937,hgb-jan-eval-train-before-20260101,false
1,2026-01-13T19:00:00Z,2026-01-13T12:00:00Z,2026-01-15T19:00:00Z,48,0.009849,hgb-jan-eval-train-before-20260101,false
2,2026-01-13T19:00:00Z,2026-01-13T12:00:00Z,2026-01-13T20:00:00Z,1,0.252033,hgb-jan-eval-train-before-20260101,false
2,2026-01-13T19:00:00Z,2026-01-13T12:00:00Z,2026-01-13T21:00:00Z,2,0.217980,hgb-jan-eval-train-before-20260101,false
2,2026-01-13T19:00:00Z,2026-01-13T12:00:00Z,2026-01-13T22:00:00Z,3,0.266714,hgb-jan-eval-train-before-20260101,false
2,2026-01-13T19:00:00Z,2026-01-13T12:00:00Z,2026-01-13T23:00:00Z,4,0.128624,hgb-jan-eval-train-before-20260101,false
2,2026-01-13T19:00:00Z,2026-01-13T12:00:00Z,2026-01-14T00:00:00Z,5,0.155966,hgb-jan-eval-train-before-20260101,false
2,2026-01-13T19:00:00Z,2026-01-13T12:00:00Z,2026-01-14T01:00:00Z,6,0.122573,hgb-jan-eval-train-before-20260101,false
2,2026-01-13T19:00:00Z,2026-01-13T12:00:00Z,2026-01-14T02:00:00Z,7,0.032580,hgb-jan-eval-train-before-20260101,false
2,2026-01-13T19:00:00Z,2026-01-13T12:00:00Z,2026-01-14T03:00:00Z,8,0.013748,hgb-jan-eval-train-before-20260101,false
2,2026-01-13T19:00:00Z,2026-01-13T12:00:00Z,2026-01-14T04:00:00Z,9,0.011119,hgb-jan-eval-train-before-20260101,false
2,2026-01-13T19:00:00Z,2026-01-13T12:00:00Z,2026-01-14T05:00:00Z,10,0.011816,hgb-jan-eval-train-before-20260101,false
2,2026-01-13T19:00:00Z,2026-01-13T12:00:00Z,2026-01-14T06:00:00Z,11,0.010840,hgb-jan-eval-train-before-20260101,false
2,2026-01-13T19:00:00Z,2026-01-13T12:00:00Z,2026-01-14T07:00:00Z,12,0.013394,hgb-jan-eval-train-before-20260101,false
2,2026-01-13T19:00:00Z,2026-01-13T12:00:00Z,2026-01-14T08:00:00Z,13,0.043180,hgb-jan-eval-train-before-20260101,false
2,2026-01-13T19:00:00Z,2026-01-13T12:00:00Z,2026-01-14T09:00:00Z,14,0.114936,hgb-jan-eval-train-before-20260101,false
2,2026-01-13T19:00:00Z,2026-01-13T12:00:00Z,2026-01-14T10:00:00Z,15,0.122000,hgb-jan-eval-train-before-20260101,false
2,2026-01-13T19:00:00Z,2026-01-13T12:00:00Z,2026-01-14T11:00:00Z,16,0.134467,hgb-jan-eval-train-before-20260101,false
2,2026-01-13T19:00:00Z,2026-01-13T12:00:00Z,2026-01-14T12:00:00Z,17,0.132867,hgb-jan-eval-train-before-20260101,false
2,2026-01-13T19:00:00Z,2026-01-13T12:00:00Z,2026-01-14T13:00:00Z,18,0.265705,hgb-jan-eval-train-before-20260101,false
2,2026-01-13T19:00:00Z,2026-01-13T12:00:00Z,2026-01-14T14:00:00Z,19,0.426943,hgb-jan-eval-train-before-20260101,false
2,2026-01-13T19:00:00Z,2026-01-13T12:00:00Z,2026-01-14T15:00:00Z,20,0.392100,hgb-jan-eval-train-before-20260101,false
2,2026-01-13T19:00:00Z,2026-01-13T12:00:00Z,2026-01-14T16:00:00Z,21,0.367558,hgb-jan-eval-train-before-20260101,false
2,2026-01-13T19:00:00Z,2026-01-13T12:00:00Z,2026-01-14T17:00:00Z,22,0.369627,hgb-jan-eval-train-before-20260101,false
2,2026-01-13T19:00:00Z,2026-01-13T12:00:00Z,2026-01-14T18:00:00Z,23,0.280074,hgb-jan-eval-train-before-20260101,false
2,2026-01-13T19:00:00Z,2026-01-13T12:00:00Z,2026-01-14T19:00:00Z,24,0.174286,hgb-jan-eval-train-before-20260101,false
2,2026-01-13T19:00:00Z,2026-01-13T12:00:00Z,2026-01-14T20:00:00Z,25,0.175800,hgb-jan-eval-train-before-20260101,false
2,2026-01-13T19:00:00Z,2026-01-13T12:00:00Z,2026-01-14T21:00:00Z,26,0.122863,hgb-jan-eval-train-before-20260101,false
2,2026-01-13T19:00:00Z,2026-01-13T12:00:00Z,2026-01-14T22:00:00Z,27,0.036620,hgb-jan-eval-train-before-20260101,false
2,2026-01-13T19:00:00Z,2026-01-13T12:00:00Z,2026-01-14T23:00:00Z,28,0.025757,hgb-jan-eval-train-before-20260101,false
2,2026-01-13T19:00:00Z,2026-01-13T12:00:00Z,2026-01-15T00:00:00Z,29,0.012957,hgb-jan-eval-train-before-20260101,false
2,2026-01-13T19:00:00Z,2026-01-13T12:00:00Z,2026-01-15T01:00:00Z,30,0.014320,hgb-jan-eval-train-before-20260101,false
2,2026-01-13T19:00:00Z,2026-01-13T12:00:00Z,2026-01-15T02:00:00Z,31,0.014244,hgb-jan-eval-train-before-20260101,false
2,2026-01-13T19:00:00Z,2026-01-13T12:00:00Z,2026-01-15T03:00:00Z,32,0.014179,hgb-jan-eval-train-before-20260101,false
2,2026-01-13T19:00:00Z,2026-01-13T12:00:00Z,2026-01-15T04:00:00Z,33,0.010868,hgb-jan-eval-train-before-20260101,false
2,2026-01-13T19:00:00Z,2026-01-13T12:00:00Z,2026-01-15T05:00:00Z,34,0.009942,hgb-jan-eval-train-before-20260101,false
2,2026-01-13T19:00:00Z,2026-01-13T12:00:00Z,2026-01-15T06:00:00Z,35,0.009833,hgb-jan-eval-train-before-20260101,false
2,2026-01-13T19:00:00Z,2026-01-13T12:00:00Z,2026-01-15T07:00:00Z,36,0.011197,hgb-jan-eval-train-before-20260101,false
2,2026-01-13T19:00:00Z,2026-01-13T12:00:00Z,2026-01-15T08:00:00Z,37,0.011256,hgb-jan-eval-train-before-20260101,false
2,2026-01-13T19:00:00Z,2026-01-13T12:00:00Z,2026-01-15T09:00:00Z,38,0.011136,hgb-jan-eval-train-before-20260101,false
2,2026-01-13T19:00:00Z,2026-01-13T12:00:00Z,2026-01-15T10:00:00Z,39,0.011172,hgb-jan-eval-train-before-20260101,false
2,2026-01-13T19:00:00Z,2026-01-13T12:00:00Z,2026-01-15T11:00:00Z,40,0.012092,hgb-jan-eval-train-before-20260101,false
2,2026-01-13T19:00:00Z,2026-01-13T12:00:00Z,2026-01-15T12:00:00Z,41,0.031170,hgb-jan-eval-train-before-20260101,false
2,2026-01-13T19:00:00Z,2026-01-13T12:00:00Z,2026-01-15T13:00:00Z,42,0.083990,hgb-jan-eval-train-before-20260101,false
2,2026-01-13T19:00:00Z,2026-01-13T12:00:00Z,2026-01-15T14:00:00Z,43,0.011773,hgb-jan-eval-train-before-20260101,false
2,2026-01-13T19:00:00Z,2026-01-13T12:00:00Z,2026-01-15T15:00:00Z,44,0.010632,hgb-jan-eval-train-before-20260101,false
2,2026-01-13T19:00:00Z,2026-01-13T12:00:00Z,2026-01-15T16:00:00Z,45,0.011125,hgb-jan-eval-train-before-20260101,false
2,2026-01-13T19:00:00Z,2026-01-13T12:00:00Z,2026-01-15T17:00:00Z,46,0.017321,hgb-jan-eval-train-before-20260101,false
2,2026-01-13T19:00:00Z,2026-01-13T12:00:00Z,2026-01-15T18:00:00Z,47,0.012504,hgb-jan-eval-train-before-20260101,false
2,2026-01-13T19:00:00Z,2026-01-13T12:00:00Z,2026-01-15T19:00:00Z,48,0.009417,hgb-jan-eval-train-before-20260101,false
1,2026-01-14T19:00:00Z,2026-01-14T12:00:00Z,2026-01-14T20:00:00Z,1,0.177648,hgb-jan-eval-train-before-20260101,false
1,2026-01-14T19:00:00Z,2026-01-14T12:00:00Z,2026-01-14T21:00:00Z,2,0.149514,hgb-jan-eval-train-before-20260101,false
1,2026-01-14T19:00:00Z,2026-01-14T12:00:00Z,2026-01-14T22:00:00Z,3,0.138001,hgb-jan-eval-train-before-20260101,false
1,2026-01-14T19:00:00Z,2026-01-14T12:00:00Z,2026-01-14T23:00:00Z,4,0.058181,hgb-jan-eval-train-before-20260101,false
1,2026-01-14T19:00:00Z,2026-01-14T12:00:00Z,2026-01-15T00:00:00Z,5,0.021413,hgb-jan-eval-train-before-20260101,false
1,2026-01-14T19:00:00Z,2026-01-14T12:00:00Z,2026-01-15T01:00:00Z,6,0.010311,hgb-jan-eval-train-before-20260101,false
1,2026-01-14T19:00:00Z,2026-01-14T12:00:00Z,2026-01-15T02:00:00Z,7,0.013441,hgb-jan-eval-train-before-20260101,false
1,2026-01-14T19:00:00Z,2026-01-14T12:00:00Z,2026-01-15T03:00:00Z,8,0.013168,hgb-jan-eval-train-before-20260101,false
1,2026-01-14T19:00:00Z,2026-01-14T12:00:00Z,2026-01-15T04:00:00Z,9,0.011329,hgb-jan-eval-train-before-20260101,false
1,2026-01-14T19:00:00Z,2026-01-14T12:00:00Z,2026-01-15T05:00:00Z,10,0.010644,hgb-jan-eval-train-before-20260101,false
1,2026-01-14T19:00:00Z,2026-01-14T12:00:00Z,2026-01-15T06:00:00Z,11,0.010691,hgb-jan-eval-train-before-20260101,false
1,2026-01-14T19:00:00Z,2026-01-14T12:00:00Z,2026-01-15T07:00:00Z,12,0.010290,hgb-jan-eval-train-before-20260101,false
1,2026-01-14T19:00:00Z,2026-01-14T12:00:00Z,2026-01-15T08:00:00Z,13,0.010777,hgb-jan-eval-train-before-20260101,false
1,2026-01-14T19:00:00Z,2026-01-14T12:00:00Z,2026-01-15T09:00:00Z,14,0.011562,hgb-jan-eval-train-before-20260101,false
1,2026-01-14T19:00:00Z,2026-01-14T12:00:00Z,2026-01-15T10:00:00Z,15,0.011252,hgb-jan-eval-train-before-20260101,false
1,2026-01-14T19:00:00Z,2026-01-14T12:00:00Z,2026-01-15T11:00:00Z,16,0.018845,hgb-jan-eval-train-before-20260101,false
1,2026-01-14T19:00:00Z,2026-01-14T12:00:00Z,2026-01-15T12:00:00Z,17,0.010778,hgb-jan-eval-train-before-20260101,false
1,2026-01-14T19:00:00Z,2026-01-14T12:00:00Z,2026-01-15T13:00:00Z,18,0.009534,hgb-jan-eval-train-before-20260101,false
1,2026-01-14T19:00:00Z,2026-01-14T12:00:00Z,2026-01-15T14:00:00Z,19,0.018065,hgb-jan-eval-train-before-20260101,false
1,2026-01-14T19:00:00Z,2026-01-14T12:00:00Z,2026-01-15T15:00:00Z,20,0.020200,hgb-jan-eval-train-before-20260101,false
1,2026-01-14T19:00:00Z,2026-01-14T12:00:00Z,2026-01-15T16:00:00Z,21,0.014688,hgb-jan-eval-train-before-20260101,false
1,2026-01-14T19:00:00Z,2026-01-14T12:00:00Z,2026-01-15T17:00:00Z,22,0.043245,hgb-jan-eval-train-before-20260101,false
1,2026-01-14T19:00:00Z,2026-01-14T12:00:00Z,2026-01-15T18:00:00Z,23,0.145768,hgb-jan-eval-train-before-20260101,false
1,2026-01-14T19:00:00Z,2026-01-14T12:00:00Z,2026-01-15T19:00:00Z,24,0.071293,hgb-jan-eval-train-before-20260101,false
1,2026-01-14T19:00:00Z,2026-01-14T12:00:00Z,2026-01-15T20:00:00Z,25,0.019145,hgb-jan-eval-train-before-20260101,false
1,2026-01-14T19:00:00Z,2026-01-14T12:00:00Z,2026-01-15T21:00:00Z,26,0.051293,hgb-jan-eval-train-before-20260101,false
1,2026-01-14T19:00:00Z,2026-01-14T12:00:00Z,2026-01-15T22:00:00Z,27,0.026143,hgb-jan-eval-train-before-20260101,false
1,2026-01-14T19:00:00Z,2026-01-14T12:00:00Z,2026-01-15T23:00:00Z,28,0.016777,hgb-jan-eval-train-before-20260101,false
1,2026-01-14T19:00:00Z,2026-01-14T12:00:00Z,2026-01-16T00:00:00Z,29,0.014958,hgb-jan-eval-train-before-20260101,false
1,2026-01-14T19:00:00Z,2026-01-14T12:00:00Z,2026-01-16T01:00:00Z,30,0.047798,hgb-jan-eval-train-before-20260101,false
1,2026-01-14T19:00:00Z,2026-01-14T12:00:00Z,2026-01-16T02:00:00Z,31,0.137540,hgb-jan-eval-train-before-20260101,false
1,2026-01-14T19:00:00Z,2026-01-14T12:00:00Z,2026-01-16T03:00:00Z,32,0.141038,hgb-jan-eval-train-before-20260101,false
1,2026-01-14T19:00:00Z,2026-01-14T12:00:00Z,2026-01-16T04:00:00Z,33,0.084374,hgb-jan-eval-train-before-20260101,false
1,2026-01-14T19:00:00Z,2026-01-14T12:00:00Z,2026-01-16T05:00:00Z,34,0.082403,hgb-jan-eval-train-before-20260101,false
1,2026-01-14T19:00:00Z,2026-01-14T12:00:00Z,2026-01-16T06:00:00Z,35,0.047124,hgb-jan-eval-train-before-20260101,false
1,2026-01-14T19:00:00Z,2026-01-14T12:00:00Z,2026-01-16T07:00:00Z,36,0.112669,hgb-jan-eval-train-before-20260101,false
1,2026-01-14T19:00:00Z,2026-01-14T12:00:00Z,2026-01-16T08:00:00Z,37,0.051180,hgb-jan-eval-train-before-20260101,false
1,2026-01-14T19:00:00Z,2026-01-14T12:00:00Z,2026-01-16T09:00:00Z,38,0.109987,hgb-jan-eval-train-before-20260101,false
1,2026-01-14T19:00:00Z,2026-01-14T12:00:00Z,2026-01-16T10:00:00Z,39,0.171323,hgb-jan-eval-train-before-20260101,false
1,2026-01-14T19:00:00Z,2026-01-14T12:00:00Z,2026-01-16T11:00:00Z,40,0.199588,hgb-jan-eval-train-before-20260101,false
1,2026-01-14T19:00:00Z,2026-01-14T12:00:00Z,2026-01-16T12:00:00Z,41,0.262078,hgb-jan-eval-train-before-20260101,false
1,2026-01-14T19:00:00Z,2026-01-14T12:00:00Z,2026-01-16T13:00:00Z,42,0.299967,hgb-jan-eval-train-before-20260101,false
1,2026-01-14T19:00:00Z,2026-01-14T12:00:00Z,2026-01-16T14:00:00Z,43,0.530379,hgb-jan-eval-train-before-20260101,false
1,2026-01-14T19:00:00Z,2026-01-14T12:00:00Z,2026-01-16T15:00:00Z,44,0.461579,hgb-jan-eval-train-before-20260101,false
1,2026-01-14T19:00:00Z,2026-01-14T12:00:00Z,2026-01-16T16:00:00Z,45,0.586587,hgb-jan-eval-train-before-20260101,false
1,2026-01-14T19:00:00Z,2026-01-14T12:00:00Z,2026-01-16T17:00:00Z,46,0.714969,hgb-jan-eval-train-before-20260101,false
1,2026-01-14T19:00:00Z,2026-01-14T12:00:00Z,2026-01-16T18:00:00Z,47,0.860344,hgb-jan-eval-train-before-20260101,false
1,2026-01-14T19:00:00Z,2026-01-14T12:00:00Z,2026-01-16T19:00:00Z,48,0.866318,hgb-jan-eval-train-before-20260101,false
2,2026-01-14T19:00:00Z,2026-01-14T12:00:00Z,2026-01-14T20:00:00Z,1,0.177215,hgb-jan-eval-train-before-20260101,false
2,2026-01-14T19:00:00Z,2026-01-14T12:00:00Z,2026-01-14T21:00:00Z,2,0.149081,hgb-jan-eval-train-before-20260101,false
2,2026-01-14T19:00:00Z,2026-01-14T12:00:00Z,2026-01-14T22:00:00Z,3,0.137568,hgb-jan-eval-train-before-20260101,false
2,2026-01-14T19:00:00Z,2026-01-14T12:00:00Z,2026-01-14T23:00:00Z,4,0.057748,hgb-jan-eval-train-before-20260101,false
2,2026-01-14T19:00:00Z,2026-01-14T12:00:00Z,2026-01-15T00:00:00Z,5,0.020981,hgb-jan-eval-train-before-20260101,false
2,2026-01-14T19:00:00Z,2026-01-14T12:00:00Z,2026-01-15T01:00:00Z,6,0.009878,hgb-jan-eval-train-before-20260101,false
2,2026-01-14T19:00:00Z,2026-01-14T12:00:00Z,2026-01-15T02:00:00Z,7,0.013009,hgb-jan-eval-train-before-20260101,false
2,2026-01-14T19:00:00Z,2026-01-14T12:00:00Z,2026-01-15T03:00:00Z,8,0.012831,hgb-jan-eval-train-before-20260101,false
2,2026-01-14T19:00:00Z,2026-01-14T12:00:00Z,2026-01-15T04:00:00Z,9,0.010992,hgb-jan-eval-train-before-20260101,false
2,2026-01-14T19:00:00Z,2026-01-14T12:00:00Z,2026-01-15T05:00:00Z,10,0.010306,hgb-jan-eval-train-before-20260101,false
2,2026-01-14T19:00:00Z,2026-01-14T12:00:00Z,2026-01-15T06:00:00Z,11,0.010354,hgb-jan-eval-train-before-20260101,false
2,2026-01-14T19:00:00Z,2026-01-14T12:00:00Z,2026-01-15T07:00:00Z,12,0.009952,hgb-jan-eval-train-before-20260101,false
2,2026-01-14T19:00:00Z,2026-01-14T12:00:00Z,2026-01-15T08:00:00Z,13,0.010440,hgb-jan-eval-train-before-20260101,false
2,2026-01-14T19:00:00Z,2026-01-14T12:00:00Z,2026-01-15T09:00:00Z,14,0.011225,hgb-jan-eval-train-before-20260101,false
2,2026-01-14T19:00:00Z,2026-01-14T12:00:00Z,2026-01-15T10:00:00Z,15,0.010045,hgb-jan-eval-train-before-20260101,false
2,2026-01-14T19:00:00Z,2026-01-14T12:00:00Z,2026-01-15T11:00:00Z,16,0.017774,hgb-jan-eval-train-before-20260101,false
2,2026-01-14T19:00:00Z,2026-01-14T12:00:00Z,2026-01-15T12:00:00Z,17,0.010346,hgb-jan-eval-train-before-20260101,false
2,2026-01-14T19:00:00Z,2026-01-14T12:00:00Z,2026-01-15T13:00:00Z,18,0.009102,hgb-jan-eval-train-before-20260101,false
2,2026-01-14T19:00:00Z,2026-01-14T12:00:00Z,2026-01-15T14:00:00Z,19,0.017633,hgb-jan-eval-train-before-20260101,false
2,2026-01-14T19:00:00Z,2026-01-14T12:00:00Z,2026-01-15T15:00:00Z,20,0.019767,hgb-jan-eval-train-before-20260101,false
2,2026-01-14T19:00:00Z,2026-01-14T12:00:00Z,2026-01-15T16:00:00Z,21,0.014256,hgb-jan-eval-train-before-20260101,false
2,2026-01-14T19:00:00Z,2026-01-14T12:00:00Z,2026-01-15T17:00:00Z,22,0.042812,hgb-jan-eval-train-before-20260101,false
2,2026-01-14T19:00:00Z,2026-01-14T12:00:00Z,2026-01-15T18:00:00Z,23,0.145336,hgb-jan-eval-train-before-20260101,false
2,2026-01-14T19:00:00Z,2026-01-14T12:00:00Z,2026-01-15T19:00:00Z,24,0.070861,hgb-jan-eval-train-before-20260101,false
2,2026-01-14T19:00:00Z,2026-01-14T12:00:00Z,2026-01-15T20:00:00Z,25,0.018713,hgb-jan-eval-train-before-20260101,false
2,2026-01-14T19:00:00Z,2026-01-14T12:00:00Z,2026-01-15T21:00:00Z,26,0.050861,hgb-jan-eval-train-before-20260101,false
2,2026-01-14T19:00:00Z,2026-01-14T12:00:00Z,2026-01-15T22:00:00Z,27,0.025711,hgb-jan-eval-train-before-20260101,false
2,2026-01-14T19:00:00Z,2026-01-14T12:00:00Z,2026-01-15T23:00:00Z,28,0.016344,hgb-jan-eval-train-before-20260101,false
2,2026-01-14T19:00:00Z,2026-01-14T12:00:00Z,2026-01-16T00:00:00Z,29,0.014525,hgb-jan-eval-train-before-20260101,false
2,2026-01-14T19:00:00Z,2026-01-14T12:00:00Z,2026-01-16T01:00:00Z,30,0.047365,hgb-jan-eval-train-before-20260101,false
2,2026-01-14T19:00:00Z,2026-01-14T12:00:00Z,2026-01-16T02:00:00Z,31,0.137107,hgb-jan-eval-train-before-20260101,false
2,2026-01-14T19:00:00Z,2026-01-14T12:00:00Z,2026-01-16T03:00:00Z,32,0.140701,hgb-jan-eval-train-before-20260101,false
2,2026-01-14T19:00:00Z,2026-01-14T12:00:00Z,2026-01-16T04:00:00Z,33,0.084037,hgb-jan-eval-train-before-20260101,false
2,2026-01-14T19:00:00Z,2026-01-14T12:00:00Z,2026-01-16T05:00:00Z,34,0.082066,hgb-jan-eval-train-before-20260101,false
2,2026-01-14T19:00:00Z,2026-01-14T12:00:00Z,2026-01-16T06:00:00Z,35,0.046787,hgb-jan-eval-train-before-20260101,false
2,2026-01-14T19:00:00Z,2026-01-14T12:00:00Z,2026-01-16T07:00:00Z,36,0.112383,hgb-jan-eval-train-before-20260101,false
2,2026-01-14T19:00:00Z,2026-01-14T12:00:00Z,2026-01-16T08:00:00Z,37,0.050895,hgb-jan-eval-train-before-20260101,false
2,2026-01-14T19:00:00Z,2026-01-14T12:00:00Z,2026-01-16T09:00:00Z,38,0.109701,hgb-jan-eval-train-before-20260101,false
2,2026-01-14T19:00:00Z,2026-01-14T12:00:00Z,2026-01-16T10:00:00Z,39,0.171037,hgb-jan-eval-train-before-20260101,false
2,2026-01-14T19:00:00Z,2026-01-14T12:00:00Z,2026-01-16T11:00:00Z,40,0.199302,hgb-jan-eval-train-before-20260101,false
2,2026-01-14T19:00:00Z,2026-01-14T12:00:00Z,2026-01-16T12:00:00Z,41,0.261697,hgb-jan-eval-train-before-20260101,false
2,2026-01-14T19:00:00Z,2026-01-14T12:00:00Z,2026-01-16T13:00:00Z,42,0.299586,hgb-jan-eval-train-before-20260101,false
2,2026-01-14T19:00:00Z,2026-01-14T12:00:00Z,2026-01-16T14:00:00Z,43,0.529998,hgb-jan-eval-train-before-20260101,false
2,2026-01-14T19:00:00Z,2026-01-14T12:00:00Z,2026-01-16T15:00:00Z,44,0.461198,hgb-jan-eval-train-before-20260101,false
2,2026-01-14T19:00:00Z,2026-01-14T12:00:00Z,2026-01-16T16:00:00Z,45,0.586206,hgb-jan-eval-train-before-20260101,false
2,2026-01-14T19:00:00Z,2026-01-14T12:00:00Z,2026-01-16T17:00:00Z,46,0.716283,hgb-jan-eval-train-before-20260101,false
2,2026-01-14T19:00:00Z,2026-01-14T12:00:00Z,2026-01-16T18:00:00Z,47,0.861657,hgb-jan-eval-train-before-20260101,false
2,2026-01-14T19:00:00Z,2026-01-14T12:00:00Z,2026-01-16T19:00:00Z,48,0.867631,hgb-jan-eval-train-before-20260101,false
1,2026-01-15T19:00:00Z,2026-01-15T12:00:00Z,2026-01-15T20:00:00Z,1,0.099644,hgb-jan-eval-train-before-20260101,false
1,2026-01-15T19:00:00Z,2026-01-15T12:00:00Z,2026-01-15T21:00:00Z,2,0.043758,hgb-jan-eval-train-before-20260101,false
1,2026-01-15T19:00:00Z,2026-01-15T12:00:00Z,2026-01-15T22:00:00Z,3,0.020769,hgb-jan-eval-train-before-20260101,false
1,2026-01-15T19:00:00Z,2026-01-15T12:00:00Z,2026-01-15T23:00:00Z,4,0.073130,hgb-jan-eval-train-before-20260101,false
1,2026-01-15T19:00:00Z,2026-01-15T12:00:00Z,2026-01-16T00:00:00Z,5,0.122592,hgb-jan-eval-train-before-20260101,false
1,2026-01-15T19:00:00Z,2026-01-15T12:00:00Z,2026-01-16T01:00:00Z,6,0.197058,hgb-jan-eval-train-before-20260101,false
1,2026-01-15T19:00:00Z,2026-01-15T12:00:00Z,2026-01-16T02:00:00Z,7,0.118352,hgb-jan-eval-train-before-20260101,false
1,2026-01-15T19:00:00Z,2026-01-15T12:00:00Z,2026-01-16T03:00:00Z,8,0.054423,hgb-jan-eval-train-before-20260101,false
1,2026-01-15T19:00:00Z,2026-01-15T12:00:00Z,2026-01-16T04:00:00Z,9,0.036783,hgb-jan-eval-train-before-20260101,false
1,2026-01-15T19:00:00Z,2026-01-15T12:00:00Z,2026-01-16T05:00:00Z,10,0.047936,hgb-jan-eval-train-before-20260101,false
1,2026-01-15T19:00:00Z,2026-01-15T12:00:00Z,2026-01-16T06:00:00Z,11,0.124633,hgb-jan-eval-train-before-20260101,false
1,2026-01-15T19:00:00Z,2026-01-15T12:00:00Z,2026-01-16T07:00:00Z,12,0.074546,hgb-jan-eval-train-before-20260101,false
1,2026-01-15T19:00:00Z,2026-01-15T12:00:00Z,2026-01-16T08:00:00Z,13,0.081504,hgb-jan-eval-train-before-20260101,false
1,2026-01-15T19:00:00Z,2026-01-15T12:00:00Z,2026-01-16T09:00:00Z,14,0.159029,hgb-jan-eval-train-before-20260101,false
1,2026-01-15T19:00:00Z,2026-01-15T12:00:00Z,2026-01-16T10:00:00Z,15,0.290702,hgb-jan-eval-train-before-20260101,false
1,2026-01-15T19:00:00Z,2026-01-15T12:00:00Z,2026-01-16T11:00:00Z,16,0.210668,hgb-jan-eval-train-before-20260101,false
1,2026-01-15T19:00:00Z,2026-01-15T12:00:00Z,2026-01-16T12:00:00Z,17,0.390839,hgb-jan-eval-train-before-20260101,false
1,2026-01-15T19:00:00Z,2026-01-15T12:00:00Z,2026-01-16T13:00:00Z,18,0.502617,hgb-jan-eval-train-before-20260101,false
1,2026-01-15T19:00:00Z,2026-01-15T12:00:00Z,2026-01-16T14:00:00Z,19,0.583567,hgb-jan-eval-train-before-20260101,false
1,2026-01-15T19:00:00Z,2026-01-15T12:00:00Z,2026-01-16T15:00:00Z,20,0.650414,hgb-jan-eval-train-before-20260101,false
1,2026-01-15T19:00:00Z,2026-01-15T12:00:00Z,2026-01-16T16:00:00Z,21,0.811046,hgb-jan-eval-train-before-20260101,false
1,2026-01-15T19:00:00Z,2026-01-15T12:00:00Z,2026-01-16T17:00:00Z,22,0.850249,hgb-jan-eval-train-before-20260101,false
1,2026-01-15T19:00:00Z,2026-01-15T12:00:00Z,2026-01-16T18:00:00Z,23,0.956385,hgb-jan-eval-train-before-20260101,false
1,2026-01-15T19:00:00Z,2026-01-15T12:00:00Z,2026-01-16T19:00:00Z,24,0.964638,hgb-jan-eval-train-before-20260101,false
1,2026-01-15T19:00:00Z,2026-01-15T12:00:00Z,2026-01-16T20:00:00Z,25,0.980342,hgb-jan-eval-train-before-20260101,false
1,2026-01-15T19:00:00Z,2026-01-15T12:00:00Z,2026-01-16T21:00:00Z,26,0.976950,hgb-jan-eval-train-before-20260101,false
1,2026-01-15T19:00:00Z,2026-01-15T12:00:00Z,2026-01-16T22:00:00Z,27,0.977904,hgb-jan-eval-train-before-20260101,false
1,2026-01-15T19:00:00Z,2026-01-15T12:00:00Z,2026-01-16T23:00:00Z,28,0.986520,hgb-jan-eval-train-before-20260101,false
1,2026-01-15T19:00:00Z,2026-01-15T12:00:00Z,2026-01-17T00:00:00Z,29,0.998768,hgb-jan-eval-train-before-20260101,false
1,2026-01-15T19:00:00Z,2026-01-15T12:00:00Z,2026-01-17T01:00:00Z,30,0.998762,hgb-jan-eval-train-before-20260101,false
1,2026-01-15T19:00:00Z,2026-01-15T12:00:00Z,2026-01-17T02:00:00Z,31,0.976290,hgb-jan-eval-train-before-20260101,false
1,2026-01-15T19:00:00Z,2026-01-15T12:00:00Z,2026-01-17T03:00:00Z,32,0.976325,hgb-jan-eval-train-before-20260101,false
1,2026-01-15T19:00:00Z,2026-01-15T12:00:00Z,2026-01-17T04:00:00Z,33,0.968309,hgb-jan-eval-train-before-20260101,false
1,2026-01-15T19:00:00Z,2026-01-15T12:00:00Z,2026-01-17T05:00:00Z,34,0.921475,hgb-jan-eval-train-before-20260101,false
1,2026-01-15T19:00:00Z,2026-01-15T12:00:00Z,2026-01-17T06:00:00Z,35,0.793542,hgb-jan-eval-train-before-20260101,false
1,2026-01-15T19:00:00Z,2026-01-15T12:00:00Z,2026-01-17T07:00:00Z,36,0.673852,hgb-jan-eval-train-before-20260101,false
1,2026-01-15T19:00:00Z,2026-01-15T12:00:00Z,2026-01-17T08:00:00Z,37,0.465160,hgb-jan-eval-train-before-20260101,false
1,2026-01-15T19:00:00Z,2026-01-15T12:00:00Z,2026-01-17T09:00:00Z,38,0.228644,hgb-jan-eval-train-before-20260101,false
1,2026-01-15T19:00:00Z,2026-01-15T12:00:00Z,2026-01-17T10:00:00Z,39,0.156855,hgb-jan-eval-train-before-20260101,false
1,2026-01-15T19:00:00Z,2026-01-15T12:00:00Z,2026-01-17T11:00:00Z,40,0.109568,hgb-jan-eval-train-before-20260101,false
1,2026-01-15T19:00:00Z,2026-01-15T12:00:00Z,2026-01-17T12:00:00Z,41,0.054310,hgb-jan-eval-train-before-20260101,false
1,2026-01-15T19:00:00Z,2026-01-15T12:00:00Z,2026-01-17T13:00:00Z,42,0.037067,hgb-jan-eval-train-before-20260101,false
1,2026-01-15T19:00:00Z,2026-01-15T12:00:00Z,2026-01-17T14:00:00Z,43,0.034358,hgb-jan-eval-train-before-20260101,false
1,2026-01-15T19:00:00Z,2026-01-15T12:00:00Z,2026-01-17T15:00:00Z,44,0.057840,hgb-jan-eval-train-before-20260101,false
1,2026-01-15T19:00:00Z,2026-01-15T12:00:00Z,2026-01-17T16:00:00Z,45,0.035212,hgb-jan-eval-train-before-20260101,false
1,2026-01-15T19:00:00Z,2026-01-15T12:00:00Z,2026-01-17T17:00:00Z,46,0.033489,hgb-jan-eval-train-before-20260101,false
1,2026-01-15T19:00:00Z,2026-01-15T12:00:00Z,2026-01-17T18:00:00Z,47,0.021336,hgb-jan-eval-train-before-20260101,false
1,2026-01-15T19:00:00Z,2026-01-15T12:00:00Z,2026-01-17T19:00:00Z,48,0.016283,hgb-jan-eval-train-before-20260101,false
2,2026-01-15T19:00:00Z,2026-01-15T12:00:00Z,2026-01-15T20:00:00Z,1,0.099212,hgb-jan-eval-train-before-20260101,false
2,2026-01-15T19:00:00Z,2026-01-15T12:00:00Z,2026-01-15T21:00:00Z,2,0.043326,hgb-jan-eval-train-before-20260101,false
2,2026-01-15T19:00:00Z,2026-01-15T12:00:00Z,2026-01-15T22:00:00Z,3,0.020337,hgb-jan-eval-train-before-20260101,false
2,2026-01-15T19:00:00Z,2026-01-15T12:00:00Z,2026-01-15T23:00:00Z,4,0.072698,hgb-jan-eval-train-before-20260101,false
2,2026-01-15T19:00:00Z,2026-01-15T12:00:00Z,2026-01-16T00:00:00Z,5,0.122159,hgb-jan-eval-train-before-20260101,false
2,2026-01-15T19:00:00Z,2026-01-15T12:00:00Z,2026-01-16T01:00:00Z,6,0.196626,hgb-jan-eval-train-before-20260101,false
2,2026-01-15T19:00:00Z,2026-01-15T12:00:00Z,2026-01-16T02:00:00Z,7,0.117920,hgb-jan-eval-train-before-20260101,false
2,2026-01-15T19:00:00Z,2026-01-15T12:00:00Z,2026-01-16T03:00:00Z,8,0.054085,hgb-jan-eval-train-before-20260101,false
2,2026-01-15T19:00:00Z,2026-01-15T12:00:00Z,2026-01-16T04:00:00Z,9,0.036446,hgb-jan-eval-train-before-20260101,false
2,2026-01-15T19:00:00Z,2026-01-15T12:00:00Z,2026-01-16T05:00:00Z,10,0.047598,hgb-jan-eval-train-before-20260101,false
2,2026-01-15T19:00:00Z,2026-01-15T12:00:00Z,2026-01-16T06:00:00Z,11,0.124347,hgb-jan-eval-train-before-20260101,false
2,2026-01-15T19:00:00Z,2026-01-15T12:00:00Z,2026-01-16T07:00:00Z,12,0.074260,hgb-jan-eval-train-before-20260101,false
2,2026-01-15T19:00:00Z,2026-01-15T12:00:00Z,2026-01-16T08:00:00Z,13,0.081219,hgb-jan-eval-train-before-20260101,false
2,2026-01-15T19:00:00Z,2026-01-15T12:00:00Z,2026-01-16T09:00:00Z,14,0.158743,hgb-jan-eval-train-before-20260101,false
2,2026-01-15T19:00:00Z,2026-01-15T12:00:00Z,2026-01-16T10:00:00Z,15,0.292111,hgb-jan-eval-train-before-20260101,false
2,2026-01-15T19:00:00Z,2026-01-15T12:00:00Z,2026-01-16T11:00:00Z,16,0.210383,hgb-jan-eval-train-before-20260101,false
2,2026-01-15T19:00:00Z,2026-01-15T12:00:00Z,2026-01-16T12:00:00Z,17,0.390458,hgb-jan-eval-train-before-20260101,false
2,2026-01-15T19:00:00Z,2026-01-15T12:00:00Z,2026-01-16T13:00:00Z,18,0.503931,hgb-jan-eval-train-before-20260101,false
2,2026-01-15T19:00:00Z,2026-01-15T12:00:00Z,2026-01-16T14:00:00Z,19,0.584881,hgb-jan-eval-train-before-20260101,false
2,2026-01-15T19:00:00Z,2026-01-15T12:00:00Z,2026-01-16T15:00:00Z,20,0.651727,hgb-jan-eval-train-before-20260101,false
2,2026-01-15T19:00:00Z,2026-01-15T12:00:00Z,2026-01-16T16:00:00Z,21,0.812360,hgb-jan-eval-train-before-20260101,false
2,2026-01-15T19:00:00Z,2026-01-15T12:00:00Z,2026-01-16T17:00:00Z,22,0.851589,hgb-jan-eval-train-before-20260101,false
2,2026-01-15T19:00:00Z,2026-01-15T12:00:00Z,2026-01-16T18:00:00Z,23,0.957725,hgb-jan-eval-train-before-20260101,false
2,2026-01-15T19:00:00Z,2026-01-15T12:00:00Z,2026-01-16T19:00:00Z,24,0.965360,hgb-jan-eval-train-before-20260101,false
2,2026-01-15T19:00:00Z,2026-01-15T12:00:00Z,2026-01-16T20:00:00Z,25,0.979504,hgb-jan-eval-train-before-20260101,false
2,2026-01-15T19:00:00Z,2026-01-15T12:00:00Z,2026-01-16T21:00:00Z,26,0.976113,hgb-jan-eval-train-before-20260101,false
2,2026-01-15T19:00:00Z,2026-01-15T12:00:00Z,2026-01-16T22:00:00Z,27,0.975209,hgb-jan-eval-train-before-20260101,false
2,2026-01-15T19:00:00Z,2026-01-15T12:00:00Z,2026-01-16T23:00:00Z,28,0.966773,hgb-jan-eval-train-before-20260101,false
2,2026-01-15T19:00:00Z,2026-01-15T12:00:00Z,2026-01-17T00:00:00Z,29,0.980867,hgb-jan-eval-train-before-20260101,false
2,2026-01-15T19:00:00Z,2026-01-15T12:00:00Z,2026-01-17T01:00:00Z,30,0.979192,hgb-jan-eval-train-before-20260101,false
2,2026-01-15T19:00:00Z,2026-01-15T12:00:00Z,2026-01-17T02:00:00Z,31,0.971349,hgb-jan-eval-train-before-20260101,false
2,2026-01-15T19:00:00Z,2026-01-15T12:00:00Z,2026-01-17T03:00:00Z,32,0.973630,hgb-jan-eval-train-before-20260101,false
2,2026-01-15T19:00:00Z,2026-01-15T12:00:00Z,2026-01-17T04:00:00Z,33,0.968859,hgb-jan-eval-train-before-20260101,false
2,2026-01-15T19:00:00Z,2026-01-15T12:00:00Z,2026-01-17T05:00:00Z,34,0.923820,hgb-jan-eval-train-before-20260101,false
2,2026-01-15T19:00:00Z,2026-01-15T12:00:00Z,2026-01-17T06:00:00Z,35,0.795737,hgb-jan-eval-train-before-20260101,false
2,2026-01-15T19:00:00Z,2026-01-15T12:00:00Z,2026-01-17T07:00:00Z,36,0.675288,hgb-jan-eval-train-before-20260101,false
2,2026-01-15T19:00:00Z,2026-01-15T12:00:00Z,2026-01-17T08:00:00Z,37,0.466569,hgb-jan-eval-train-before-20260101,false
2,2026-01-15T19:00:00Z,2026-01-15T12:00:00Z,2026-01-17T09:00:00Z,38,0.230304,hgb-jan-eval-train-before-20260101,false
2,2026-01-15T19:00:00Z,2026-01-15T12:00:00Z,2026-01-17T10:00:00Z,39,0.156569,hgb-jan-eval-train-before-20260101,false
2,2026-01-15T19:00:00Z,2026-01-15T12:00:00Z,2026-01-17T11:00:00Z,40,0.109282,hgb-jan-eval-train-before-20260101,false
2,2026-01-15T19:00:00Z,2026-01-15T12:00:00Z,2026-01-17T12:00:00Z,41,0.053877,hgb-jan-eval-train-before-20260101,false
2,2026-01-15T19:00:00Z,2026-01-15T12:00:00Z,2026-01-17T13:00:00Z,42,0.036634,hgb-jan-eval-train-before-20260101,false
2,2026-01-15T19:00:00Z,2026-01-15T12:00:00Z,2026-01-17T14:00:00Z,43,0.033926,hgb-jan-eval-train-before-20260101,false
2,2026-01-15T19:00:00Z,2026-01-15T12:00:00Z,2026-01-17T15:00:00Z,44,0.057408,hgb-jan-eval-train-before-20260101,false
2,2026-01-15T19:00:00Z,2026-01-15T12:00:00Z,2026-01-17T16:00:00Z,45,0.034780,hgb-jan-eval-train-before-20260101,false
2,2026-01-15T19:00:00Z,2026-01-15T12:00:00Z,2026-01-17T17:00:00Z,46,0.033057,hgb-jan-eval-train-before-20260101,false
2,2026-01-15T19:00:00Z,2026-01-15T12:00:00Z,2026-01-17T18:00:00Z,47,0.020903,hgb-jan-eval-train-before-20260101,false
2,2026-01-15T19:00:00Z,2026-01-15T12:00:00Z,2026-01-17T19:00:00Z,48,0.015851,hgb-jan-eval-train-before-20260101,false
1,2026-01-16T19:00:00Z,2026-01-16T12:00:00Z,2026-01-16T20:00:00Z,1,0.988100,hgb-jan-eval-train-before-20260101,false
1,2026-01-16T19:00:00Z,2026-01-16T12:00:00Z,2026-01-16T21:00:00Z,2,0.986894,hgb-jan-eval-train-before-20260101,false
1,2026-01-16T19:00:00Z,2026-01-16T12:00:00Z,2026-01-16T22:00:00Z,3,0.981671,hgb-jan-eval-train-before-20260101,false
1,2026-01-16T19:00:00Z,2026-01-16T12:00:00Z,2026-01-16T23:00:00Z,4,0.982018,hgb-jan-eval-train-before-20260101,false
1,2026-01-16T19:00:00Z,2026-01-16T12:00:00Z,2026-01-17T00:00:00Z,5,0.975926,hgb-jan-eval-train-before-20260101,false
1,2026-01-16T19:00:00Z,2026-01-16T12:00:00Z,2026-01-17T01:00:00Z,6,0.982506,hgb-jan-eval-train-before-20260101,false
1,2026-01-16T19:00:00Z,2026-01-16T12:00:00Z,2026-01-17T02:00:00Z,7,0.949980,hgb-jan-eval-train-before-20260101,false
1,2026-01-16T19:00:00Z,2026-01-16T12:00:00Z,2026-01-17T03:00:00Z,8,0.934393,hgb-jan-eval-train-before-20260101,false
1,2026-01-16T19:00:00Z,2026-01-16T12:00:00Z,2026-01-17T04:00:00Z,9,0.781501,hgb-jan-eval-train-before-20260101,false
1,2026-01-16T19:00:00Z,2026-01-16T12:00:00Z,2026-01-17T05:00:00Z,10,0.676495,hgb-jan-eval-train-before-20260101,false
1,2026-01-16T19:00:00Z,2026-01-16T12:00:00Z,2026-01-17T06:00:00Z,11,0.399060,hgb-jan-eval-train-before-20260101,false
1,2026-01-16T19:00:00Z,2026-01-16T12:00:00Z,2026-01-17T07:00:00Z,12,0.300346,hgb-jan-eval-train-before-20260101,false
1,2026-01-16T19:00:00Z,2026-01-16T12:00:00Z,2026-01-17T08:00:00Z,13,0.278237,hgb-jan-eval-train-before-20260101,false
1,2026-01-16T19:00:00Z,2026-01-16T12:00:00Z,2026-01-17T09:00:00Z,14,0.208083,hgb-jan-eval-train-before-20260101,false
1,2026-01-16T19:00:00Z,2026-01-16T12:00:00Z,2026-01-17T10:00:00Z,15,0.115408,hgb-jan-eval-train-before-20260101,false
1,2026-01-16T19:00:00Z,2026-01-16T12:00:00Z,2026-01-17T11:00:00Z,16,0.116089,hgb-jan-eval-train-before-20260101,false
1,2026-01-16T19:00:00Z,2026-01-16T12:00:00Z,2026-01-17T12:00:00Z,17,0.065407,hgb-jan-eval-train-before-20260101,false
1,2026-01-16T19:00:00Z,2026-01-16T12:00:00Z,2026-01-17T13:00:00Z,18,0.063192,hgb-jan-eval-train-before-20260101,false
1,2026-01-16T19:00:00Z,2026-01-16T12:00:00Z,2026-01-17T14:00:00Z,19,0.144531,hgb-jan-eval-train-before-20260101,false
1,2026-01-16T19:00:00Z,2026-01-16T12:00:00Z,2026-01-17T15:00:00Z,20,0.169378,hgb-jan-eval-train-before-20260101,false
1,2026-01-16T19:00:00Z,2026-01-16T12:00:00Z,2026-01-17T16:00:00Z,21,0.081216,hgb-jan-eval-train-before-20260101,false
1,2026-01-16T19:00:00Z,2026-01-16T12:00:00Z,2026-01-17T17:00:00Z,22,0.061931,hgb-jan-eval-train-before-20260101,false
1,2026-01-16T19:00:00Z,2026-01-16T12:00:00Z,2026-01-17T18:00:00Z,23,0.053651,hgb-jan-eval-train-before-20260101,false
1,2026-01-16T19:00:00Z,2026-01-16T12:00:00Z,2026-01-17T19:00:00Z,24,0.021876,hgb-jan-eval-train-before-20260101,false
1,2026-01-16T19:00:00Z,2026-01-16T12:00:00Z,2026-01-17T20:00:00Z,25,0.014906,hgb-jan-eval-train-before-20260101,false
1,2026-01-16T19:00:00Z,2026-01-16T12:00:00Z,2026-01-17T21:00:00Z,26,0.012222,hgb-jan-eval-train-before-20260101,false
1,2026-01-16T19:00:00Z,2026-01-16T12:00:00Z,2026-01-17T22:00:00Z,27,0.011277,hgb-jan-eval-train-before-20260101,false
1,2026-01-16T19:00:00Z,2026-01-16T12:00:00Z,2026-01-17T23:00:00Z,28,0.011294,hgb-jan-eval-train-before-20260101,false
1,2026-01-16T19:00:00Z,2026-01-16T12:00:00Z,2026-01-18T00:00:00Z,29,0.011294,hgb-jan-eval-train-before-20260101,false
1,2026-01-16T19:00:00Z,2026-01-16T12:00:00Z,2026-01-18T01:00:00Z,30,0.011657,hgb-jan-eval-train-before-20260101,false
1,2026-01-16T19:00:00Z,2026-01-16T12:00:00Z,2026-01-18T02:00:00Z,31,0.020205,hgb-jan-eval-train-before-20260101,false
1,2026-01-16T19:00:00Z,2026-01-16T12:00:00Z,2026-01-18T03:00:00Z,32,0.019949,hgb-jan-eval-train-before-20260101,false
1,2026-01-16T19:00:00Z,2026-01-16T12:00:00Z,2026-01-18T04:00:00Z,33,0.011317,hgb-jan-eval-train-before-20260101,false
1,2026-01-16T19:00:00Z,2026-01-16T12:00:00Z,2026-01-18T05:00:00Z,34,0.024365,hgb-jan-eval-train-before-20260101,false
1,2026-01-16T19:00:00Z,2026-01-16T12:00:00Z,2026-01-18T06:00:00Z,35,0.072338,hgb-jan-eval-train-before-20260101,false
1,2026-01-16T19:00:00Z,2026-01-16T12:00:00Z,2026-01-18T07:00:00Z,36,0.118922,hgb-jan-eval-train-before-20260101,false
1,2026-01-16T19:00:00Z,2026-01-16T12:00:00Z,2026-01-18T08:00:00Z,37,0.234740,hgb-jan-eval-train-before-20260101,false
1,2026-01-16T19:00:00Z,2026-01-16T12:00:00Z,2026-01-18T09:00:00Z,38,0.238281,hgb-jan-eval-train-before-20260101,false
1,2026-01-16T19:00:00Z,2026-01-16T12:00:00Z,2026-01-18T10:00:00Z,39,0.227550,hgb-jan-eval-train-before-20260101,false
1,2026-01-16T19:00:00Z,2026-01-16T12:00:00Z,2026-01-18T11:00:00Z,40,0.253347,hgb-jan-eval-train-before-20260101,false
1,2026-01-16T19:00:00Z,2026-01-16T12:00:00Z,2026-01-18T12:00:00Z,41,0.265084,hgb-jan-eval-train-before-20260101,false
1,2026-01-16T19:00:00Z,2026-01-16T12:00:00Z,2026-01-18T13:00:00Z,42,0.210661,hgb-jan-eval-train-before-20260101,false
1,2026-01-16T19:00:00Z,2026-01-16T12:00:00Z,2026-01-18T14:00:00Z,43,0.268948,hgb-jan-eval-train-before-20260101,false
1,2026-01-16T19:00:00Z,2026-01-16T12:00:00Z,2026-01-18T15:00:00Z,44,0.256599,hgb-jan-eval-train-before-20260101,false
1,2026-01-16T19:00:00Z,2026-01-16T12:00:00Z,2026-01-18T16:00:00Z,45,0.303977,hgb-jan-eval-train-before-20260101,false
1,2026-01-16T19:00:00Z,2026-01-16T12:00:00Z,2026-01-18T17:00:00Z,46,0.494739,hgb-jan-eval-train-before-20260101,false
1,2026-01-16T19:00:00Z,2026-01-16T12:00:00Z,2026-01-18T18:00:00Z,47,0.537515,hgb-jan-eval-train-before-20260101,false
1,2026-01-16T19:00:00Z,2026-01-16T12:00:00Z,2026-01-18T19:00:00Z,48,0.502464,hgb-jan-eval-train-before-20260101,false
2,2026-01-16T19:00:00Z,2026-01-16T12:00:00Z,2026-01-16T20:00:00Z,1,0.985554,hgb-jan-eval-train-before-20260101,false
2,2026-01-16T19:00:00Z,2026-01-16T12:00:00Z,2026-01-16T21:00:00Z,2,0.984349,hgb-jan-eval-train-before-20260101,false
2,2026-01-16T19:00:00Z,2026-01-16T12:00:00Z,2026-01-16T22:00:00Z,3,0.978603,hgb-jan-eval-train-before-20260101,false
2,2026-01-16T19:00:00Z,2026-01-16T12:00:00Z,2026-01-16T23:00:00Z,4,0.978603,hgb-jan-eval-train-before-20260101,false
2,2026-01-16T19:00:00Z,2026-01-16T12:00:00Z,2026-01-17T00:00:00Z,5,0.972512,hgb-jan-eval-train-before-20260101,false
2,2026-01-16T19:00:00Z,2026-01-16T12:00:00Z,2026-01-17T01:00:00Z,6,0.981669,hgb-jan-eval-train-before-20260101,false
2,2026-01-16T19:00:00Z,2026-01-16T12:00:00Z,2026-01-17T02:00:00Z,7,0.950702,hgb-jan-eval-train-before-20260101,false
2,2026-01-16T19:00:00Z,2026-01-16T12:00:00Z,2026-01-17T03:00:00Z,8,0.935829,hgb-jan-eval-train-before-20260101,false
2,2026-01-16T19:00:00Z,2026-01-16T12:00:00Z,2026-01-17T04:00:00Z,9,0.782936,hgb-jan-eval-train-before-20260101,false
2,2026-01-16T19:00:00Z,2026-01-16T12:00:00Z,2026-01-17T05:00:00Z,10,0.677904,hgb-jan-eval-train-before-20260101,false
2,2026-01-16T19:00:00Z,2026-01-16T12:00:00Z,2026-01-17T06:00:00Z,11,0.400469,hgb-jan-eval-train-before-20260101,false
2,2026-01-16T19:00:00Z,2026-01-16T12:00:00Z,2026-01-17T07:00:00Z,12,0.300061,hgb-jan-eval-train-before-20260101,false
2,2026-01-16T19:00:00Z,2026-01-16T12:00:00Z,2026-01-17T08:00:00Z,13,0.277951,hgb-jan-eval-train-before-20260101,false
2,2026-01-16T19:00:00Z,2026-01-16T12:00:00Z,2026-01-17T09:00:00Z,14,0.207797,hgb-jan-eval-train-before-20260101,false
2,2026-01-16T19:00:00Z,2026-01-16T12:00:00Z,2026-01-17T10:00:00Z,15,0.115071,hgb-jan-eval-train-before-20260101,false
2,2026-01-16T19:00:00Z,2026-01-16T12:00:00Z,2026-01-17T11:00:00Z,16,0.115752,hgb-jan-eval-train-before-20260101,false
2,2026-01-16T19:00:00Z,2026-01-16T12:00:00Z,2026-01-17T12:00:00Z,17,0.064975,hgb-jan-eval-train-before-20260101,false
2,2026-01-16T19:00:00Z,2026-01-16T12:00:00Z,2026-01-17T13:00:00Z,18,0.062760,hgb-jan-eval-train-before-20260101,false
2,2026-01-16T19:00:00Z,2026-01-16T12:00:00Z,2026-01-17T14:00:00Z,19,0.144098,hgb-jan-eval-train-before-20260101,false
2,2026-01-16T19:00:00Z,2026-01-16T12:00:00Z,2026-01-17T15:00:00Z,20,0.168945,hgb-jan-eval-train-before-20260101,false
2,2026-01-16T19:00:00Z,2026-01-16T12:00:00Z,2026-01-17T16:00:00Z,21,0.080784,hgb-jan-eval-train-before-20260101,false
2,2026-01-16T19:00:00Z,2026-01-16T12:00:00Z,2026-01-17T17:00:00Z,22,0.061499,hgb-jan-eval-train-before-20260101,false
2,2026-01-16T19:00:00Z,2026-01-16T12:00:00Z,2026-01-17T18:00:00Z,23,0.053218,hgb-jan-eval-train-before-20260101,false
2,2026-01-16T19:00:00Z,2026-01-16T12:00:00Z,2026-01-17T19:00:00Z,24,0.021444,hgb-jan-eval-train-before-20260101,false
2,2026-01-16T19:00:00Z,2026-01-16T12:00:00Z,2026-01-17T20:00:00Z,25,0.014474,hgb-jan-eval-train-before-20260101,false
2,2026-01-16T19:00:00Z,2026-01-16T12:00:00Z,2026-01-17T21:00:00Z,26,0.011790,hgb-jan-eval-train-before-20260101,false
2,2026-01-16T19:00:00Z,2026-01-16T12:00:00Z,2026-01-17T22:00:00Z,27,0.010844,hgb-jan-eval-train-before-20260101,false
2,2026-01-16T19:00:00Z,2026-01-16T12:00:00Z,2026-01-17T23:00:00Z,28,0.010862,hgb-jan-eval-train-before-20260101,false
2,2026-01-16T19:00:00Z,2026-01-16T12:00:00Z,2026-01-18T00:00:00Z,29,0.010862,hgb-jan-eval-train-before-20260101,false
2,2026-01-16T19:00:00Z,2026-01-16T12:00:00Z,2026-01-18T01:00:00Z,30,0.011225,hgb-jan-eval-train-before-20260101,false
2,2026-01-16T19:00:00Z,2026-01-16T12:00:00Z,2026-01-18T02:00:00Z,31,0.019773,hgb-jan-eval-train-before-20260101,false
2,2026-01-16T19:00:00Z,2026-01-16T12:00:00Z,2026-01-18T03:00:00Z,32,0.019612,hgb-jan-eval-train-before-20260101,false
2,2026-01-16T19:00:00Z,2026-01-16T12:00:00Z,2026-01-18T04:00:00Z,33,0.010980,hgb-jan-eval-train-before-20260101,false
2,2026-01-16T19:00:00Z,2026-01-16T12:00:00Z,2026-01-18T05:00:00Z,34,0.024028,hgb-jan-eval-train-before-20260101,false
2,2026-01-16T19:00:00Z,2026-01-16T12:00:00Z,2026-01-18T06:00:00Z,35,0.072000,hgb-jan-eval-train-before-20260101,false
2,2026-01-16T19:00:00Z,2026-01-16T12:00:00Z,2026-01-18T07:00:00Z,36,0.118584,hgb-jan-eval-train-before-20260101,false
2,2026-01-16T19:00:00Z,2026-01-16T12:00:00Z,2026-01-18T08:00:00Z,37,0.234454,hgb-jan-eval-train-before-20260101,false
2,2026-01-16T19:00:00Z,2026-01-16T12:00:00Z,2026-01-18T09:00:00Z,38,0.237995,hgb-jan-eval-train-before-20260101,false
2,2026-01-16T19:00:00Z,2026-01-16T12:00:00Z,2026-01-18T10:00:00Z,39,0.227213,hgb-jan-eval-train-before-20260101,false
2,2026-01-16T19:00:00Z,2026-01-16T12:00:00Z,2026-01-18T11:00:00Z,40,0.253009,hgb-jan-eval-train-before-20260101,false
2,2026-01-16T19:00:00Z,2026-01-16T12:00:00Z,2026-01-18T12:00:00Z,41,0.264652,hgb-jan-eval-train-before-20260101,false
2,2026-01-16T19:00:00Z,2026-01-16T12:00:00Z,2026-01-18T13:00:00Z,42,0.210229,hgb-jan-eval-train-before-20260101,false
2,2026-01-16T19:00:00Z,2026-01-16T12:00:00Z,2026-01-18T14:00:00Z,43,0.268516,hgb-jan-eval-train-before-20260101,false
2,2026-01-16T19:00:00Z,2026-01-16T12:00:00Z,2026-01-18T15:00:00Z,44,0.252953,hgb-jan-eval-train-before-20260101,false
2,2026-01-16T19:00:00Z,2026-01-16T12:00:00Z,2026-01-18T16:00:00Z,45,0.303544,hgb-jan-eval-train-before-20260101,false
2,2026-01-16T19:00:00Z,2026-01-16T12:00:00Z,2026-01-18T17:00:00Z,46,0.494306,hgb-jan-eval-train-before-20260101,false
2,2026-01-16T19:00:00Z,2026-01-16T12:00:00Z,2026-01-18T18:00:00Z,47,0.537083,hgb-jan-eval-train-before-20260101,false
2,2026-01-16T19:00:00Z,2026-01-16T12:00:00Z,2026-01-18T19:00:00Z,48,0.502031,hgb-jan-eval-train-before-20260101,false
1,2026-01-17T19:00:00Z,2026-01-17T12:00:00Z,2026-01-17T20:00:00Z,1,0.011133,hgb-jan-eval-train-before-20260101,false
1,2026-01-17T19:00:00Z,2026-01-17T12:00:00Z,2026-01-17T21:00:00Z,2,0.011277,hgb-jan-eval-train-before-20260101,false
1,2026-01-17T19:00:00Z,2026-01-17T12:00:00Z,2026-01-17T22:00:00Z,3,0.009477,hgb-jan-eval-train-before-20260101,false
1,2026-01-17T19:00:00Z,2026-01-17T12:00:00Z,2026-01-17T23:00:00Z,4,0.020352,hgb-jan-eval-train-before-20260101,false
1,2026-01-17T19:00:00Z,2026-01-17T12:00:00Z,2026-01-18T00:00:00Z,5,0.061808,hgb-jan-eval-train-before-20260101,false
1,2026-01-17T19:00:00Z,2026-01-17T12:00:00Z,2026-01-18T01:00:00Z,6,0.052319,hgb-jan-eval-train-before-20260101,false
1,2026-01-17T19:00:00Z,2026-01-17T12:00:00Z,2026-01-18T02:00:00Z,7,0.055762,hgb-jan-eval-train-before-20260101,false
1,2026-01-17T19:00:00Z,2026-01-17T12:00:00Z,2026-01-18T03:00:00Z,8,0.075722,hgb-jan-eval-train-before-20260101,false
1,2026-01-17T19:00:00Z,2026-01-17T12:00:00Z,2026-01-18T04:00:00Z,9,0.068702,hgb-jan-eval-train-before-20260101,false
1,2026-01-17T19:00:00Z,2026-01-17T12:00:00Z,2026-01-18T05:00:00Z,10,0.115780,hgb-jan-eval-train-before-20260101,false
1,2026-01-17T19:00:00Z,2026-01-17T12:00:00Z,2026-01-18T06:00:00Z,11,0.224721,hgb-jan-eval-train-before-20260101,false
1,2026-01-17T19:00:00Z,2026-01-17T12:00:00Z,2026-01-18T07:00:00Z,12,0.263537,hgb-jan-eval-train-before-20260101,false
1,2026-01-17T19:00:00Z,2026-01-17T12:00:00Z,2026-01-18T08:00:00Z,13,0.410150,hgb-jan-eval-train-before-20260101,false
1,2026-01-17T19:00:00Z,2026-01-17T12:00:00Z,2026-01-18T09:00:00Z,14,0.290422,hgb-jan-eval-train-before-20260101,false
1,2026-01-17T19:00:00Z,2026-01-17T12:00:00Z,2026-01-18T10:00:00Z,15,0.233911,hgb-jan-eval-train-before-20260101,false
1,2026-01-17T19:00:00Z,2026-01-17T12:00:00Z,2026-01-18T11:00:00Z,16,0.175152,hgb-jan-eval-train-before-20260101,false
1,2026-01-17T19:00:00Z,2026-01-17T12:00:00Z,2026-01-18T12:00:00Z,17,0.201334,hgb-jan-eval-train-before-20260101,false
1,2026-01-17T19:00:00Z,2026-01-17T12:00:00Z,2026-01-18T13:00:00Z,18,0.100579,hgb-jan-eval-train-before-20260101,false
1,2026-01-17T19:00:00Z,2026-01-17T12:00:00Z,2026-01-18T14:00:00Z,19,0.116357,hgb-jan-eval-train-before-20260101,false
1,2026-01-17T19:00:00Z,2026-01-17T12:00:00Z,2026-01-18T15:00:00Z,20,0.177513,hgb-jan-eval-train-before-20260101,false
1,2026-01-17T19:00:00Z,2026-01-17T12:00:00Z,2026-01-18T16:00:00Z,21,0.243939,hgb-jan-eval-train-before-20260101,false
1,2026-01-17T19:00:00Z,2026-01-17T12:00:00Z,2026-01-18T17:00:00Z,22,0.411698,hgb-jan-eval-train-before-20260101,false
1,2026-01-17T19:00:00Z,2026-01-17T12:00:00Z,2026-01-18T18:00:00Z,23,0.526734,hgb-jan-eval-train-before-20260101,false
1,2026-01-17T19:00:00Z,2026-01-17T12:00:00Z,2026-01-18T19:00:00Z,24,0.517936,hgb-jan-eval-train-before-20260101,false
1,2026-01-17T19:00:00Z,2026-01-17T12:00:00Z,2026-01-18T20:00:00Z,25,0.530189,hgb-jan-eval-train-before-20260101,false
1,2026-01-17T19:00:00Z,2026-01-17T12:00:00Z,2026-01-18T21:00:00Z,26,0.526038,hgb-jan-eval-train-before-20260101,false
1,2026-01-17T19:00:00Z,2026-01-17T12:00:00Z,2026-01-18T22:00:00Z,27,0.629290,hgb-jan-eval-train-before-20260101,false
1,2026-01-17T19:00:00Z,2026-01-17T12:00:00Z,2026-01-18T23:00:00Z,28,0.629207,hgb-jan-eval-train-before-20260101,false
1,2026-01-17T19:00:00Z,2026-01-17T12:00:00Z,2026-01-19T00:00:00Z,29,0.708772,hgb-jan-eval-train-before-20260101,false
1,2026-01-17T19:00:00Z,2026-01-17T12:00:00Z,2026-01-19T01:00:00Z,30,0.650389,hgb-jan-eval-train-before-20260101,false
1,2026-01-17T19:00:00Z,2026-01-17T12:00:00Z,2026-01-19T02:00:00Z,31,0.623418,hgb-jan-eval-train-before-20260101,false
1,2026-01-17T19:00:00Z,2026-01-17T12:00:00Z,2026-01-19T03:00:00Z,32,0.635079,hgb-jan-eval-train-before-20260101,false
1,2026-01-17T19:00:00Z,2026-01-17T12:00:00Z,2026-01-19T04:00:00Z,33,0.765659,hgb-jan-eval-train-before-20260101,false
1,2026-01-17T19:00:00Z,2026-01-17T12:00:00Z,2026-01-19T05:00:00Z,34,0.728993,hgb-jan-eval-train-before-20260101,false
1,2026-01-17T19:00:00Z,2026-01-17T12:00:00Z,2026-01-19T06:00:00Z,35,0.815363,hgb-jan-eval-train-before-20260101,false
1,2026-01-17T19:00:00Z,2026-01-17T12:00:00Z,2026-01-19T07:00:00Z,36,0.913471,hgb-jan-eval-train-before-20260101,false
1,2026-01-17T19:00:00Z,2026-01-17T12:00:00Z,2026-01-19T08:00:00Z,37,0.919001,hgb-jan-eval-train-before-20260101,false
1,2026-01-17T19:00:00Z,2026-01-17T12:00:00Z,2026-01-19T09:00:00Z,38,0.895078,hgb-jan-eval-train-before-20260101,false
1,2026-01-17T19:00:00Z,2026-01-17T12:00:00Z,2026-01-19T10:00:00Z,39,0.806485,hgb-jan-eval-train-before-20260101,false
1,2026-01-17T19:00:00Z,2026-01-17T12:00:00Z,2026-01-19T11:00:00Z,40,0.856747,hgb-jan-eval-train-before-20260101,false
1,2026-01-17T19:00:00Z,2026-01-17T12:00:00Z,2026-01-19T12:00:00Z,41,0.674604,hgb-jan-eval-train-before-20260101,false
1,2026-01-17T19:00:00Z,2026-01-17T12:00:00Z,2026-01-19T13:00:00Z,42,0.417821,hgb-jan-eval-train-before-20260101,false
1,2026-01-17T19:00:00Z,2026-01-17T12:00:00Z,2026-01-19T14:00:00Z,43,0.219109,hgb-jan-eval-train-before-20260101,false
1,2026-01-17T19:00:00Z,2026-01-17T12:00:00Z,2026-01-19T15:00:00Z,44,0.211841,hgb-jan-eval-train-before-20260101,false
1,2026-01-17T19:00:00Z,2026-01-17T12:00:00Z,2026-01-19T16:00:00Z,45,0.160897,hgb-jan-eval-train-before-20260101,false
1,2026-01-17T19:00:00Z,2026-01-17T12:00:00Z,2026-01-19T17:00:00Z,46,0.078333,hgb-jan-eval-train-before-20260101,false
1,2026-01-17T19:00:00Z,2026-01-17T12:00:00Z,2026-01-19T18:00:00Z,47,0.083715,hgb-jan-eval-train-before-20260101,false
1,2026-01-17T19:00:00Z,2026-01-17T12:00:00Z,2026-01-19T19:00:00Z,48,0.085133,hgb-jan-eval-train-before-20260101,false
2,2026-01-17T19:00:00Z,2026-01-17T12:00:00Z,2026-01-17T20:00:00Z,1,0.010700,hgb-jan-eval-train-before-20260101,false
2,2026-01-17T19:00:00Z,2026-01-17T12:00:00Z,2026-01-17T21:00:00Z,2,0.010844,hgb-jan-eval-train-before-20260101,false
2,2026-01-17T19:00:00Z,2026-01-17T12:00:00Z,2026-01-17T22:00:00Z,3,0.008311,hgb-jan-eval-train-before-20260101,false
2,2026-01-17T19:00:00Z,2026-01-17T12:00:00Z,2026-01-17T23:00:00Z,4,0.019920,hgb-jan-eval-train-before-20260101,false
2,2026-01-17T19:00:00Z,2026-01-17T12:00:00Z,2026-01-18T00:00:00Z,5,0.061375,hgb-jan-eval-train-before-20260101,false
2,2026-01-17T19:00:00Z,2026-01-17T12:00:00Z,2026-01-18T01:00:00Z,6,0.051887,hgb-jan-eval-train-before-20260101,false
2,2026-01-17T19:00:00Z,2026-01-17T12:00:00Z,2026-01-18T02:00:00Z,7,0.055330,hgb-jan-eval-train-before-20260101,false
2,2026-01-17T19:00:00Z,2026-01-17T12:00:00Z,2026-01-18T03:00:00Z,8,0.075385,hgb-jan-eval-train-before-20260101,false
2,2026-01-17T19:00:00Z,2026-01-17T12:00:00Z,2026-01-18T04:00:00Z,9,0.068365,hgb-jan-eval-train-before-20260101,false
2,2026-01-17T19:00:00Z,2026-01-17T12:00:00Z,2026-01-18T05:00:00Z,10,0.115443,hgb-jan-eval-train-before-20260101,false
2,2026-01-17T19:00:00Z,2026-01-17T12:00:00Z,2026-01-18T06:00:00Z,11,0.224435,hgb-jan-eval-train-before-20260101,false
2,2026-01-17T19:00:00Z,2026-01-17T12:00:00Z,2026-01-18T07:00:00Z,12,0.263251,hgb-jan-eval-train-before-20260101,false
2,2026-01-17T19:00:00Z,2026-01-17T12:00:00Z,2026-01-18T08:00:00Z,13,0.409865,hgb-jan-eval-train-before-20260101,false
2,2026-01-17T19:00:00Z,2026-01-17T12:00:00Z,2026-01-18T09:00:00Z,14,0.290136,hgb-jan-eval-train-before-20260101,false
2,2026-01-17T19:00:00Z,2026-01-17T12:00:00Z,2026-01-18T10:00:00Z,15,0.233625,hgb-jan-eval-train-before-20260101,false
2,2026-01-17T19:00:00Z,2026-01-17T12:00:00Z,2026-01-18T11:00:00Z,16,0.174815,hgb-jan-eval-train-before-20260101,false
2,2026-01-17T19:00:00Z,2026-01-17T12:00:00Z,2026-01-18T12:00:00Z,17,0.205528,hgb-jan-eval-train-before-20260101,false
2,2026-01-17T19:00:00Z,2026-01-17T12:00:00Z,2026-01-18T13:00:00Z,18,0.104773,hgb-jan-eval-train-before-20260101,false
2,2026-01-17T19:00:00Z,2026-01-17T12:00:00Z,2026-01-18T14:00:00Z,19,0.120551,hgb-jan-eval-train-before-20260101,false
2,2026-01-17T19:00:00Z,2026-01-17T12:00:00Z,2026-01-18T15:00:00Z,20,0.173867,hgb-jan-eval-train-before-20260101,false
2,2026-01-17T19:00:00Z,2026-01-17T12:00:00Z,2026-01-18T16:00:00Z,21,0.240292,hgb-jan-eval-train-before-20260101,false
2,2026-01-17T19:00:00Z,2026-01-17T12:00:00Z,2026-01-18T17:00:00Z,22,0.408051,hgb-jan-eval-train-before-20260101,false
2,2026-01-17T19:00:00Z,2026-01-17T12:00:00Z,2026-01-18T18:00:00Z,23,0.526301,hgb-jan-eval-train-before-20260101,false
2,2026-01-17T19:00:00Z,2026-01-17T12:00:00Z,2026-01-18T19:00:00Z,24,0.517503,hgb-jan-eval-train-before-20260101,false
2,2026-01-17T19:00:00Z,2026-01-17T12:00:00Z,2026-01-18T20:00:00Z,25,0.529757,hgb-jan-eval-train-before-20260101,false
2,2026-01-17T19:00:00Z,2026-01-17T12:00:00Z,2026-01-18T21:00:00Z,26,0.525606,hgb-jan-eval-train-before-20260101,false
2,2026-01-17T19:00:00Z,2026-01-17T12:00:00Z,2026-01-18T22:00:00Z,27,0.628858,hgb-jan-eval-train-before-20260101,false
2,2026-01-17T19:00:00Z,2026-01-17T12:00:00Z,2026-01-18T23:00:00Z,28,0.628245,hgb-jan-eval-train-before-20260101,false
2,2026-01-17T19:00:00Z,2026-01-17T12:00:00Z,2026-01-19T00:00:00Z,29,0.707861,hgb-jan-eval-train-before-20260101,false
2,2026-01-17T19:00:00Z,2026-01-17T12:00:00Z,2026-01-19T01:00:00Z,30,0.649478,hgb-jan-eval-train-before-20260101,false
2,2026-01-17T19:00:00Z,2026-01-17T12:00:00Z,2026-01-19T02:00:00Z,31,0.622507,hgb-jan-eval-train-before-20260101,false
2,2026-01-17T19:00:00Z,2026-01-17T12:00:00Z,2026-01-19T03:00:00Z,32,0.634264,hgb-jan-eval-train-before-20260101,false
2,2026-01-17T19:00:00Z,2026-01-17T12:00:00Z,2026-01-19T04:00:00Z,33,0.764844,hgb-jan-eval-train-before-20260101,false
2,2026-01-17T19:00:00Z,2026-01-17T12:00:00Z,2026-01-19T05:00:00Z,34,0.728898,hgb-jan-eval-train-before-20260101,false
2,2026-01-17T19:00:00Z,2026-01-17T12:00:00Z,2026-01-19T06:00:00Z,35,0.814178,hgb-jan-eval-train-before-20260101,false
2,2026-01-17T19:00:00Z,2026-01-17T12:00:00Z,2026-01-19T07:00:00Z,36,0.912497,hgb-jan-eval-train-before-20260101,false
2,2026-01-17T19:00:00Z,2026-01-17T12:00:00Z,2026-01-19T08:00:00Z,37,0.918027,hgb-jan-eval-train-before-20260101,false
2,2026-01-17T19:00:00Z,2026-01-17T12:00:00Z,2026-01-19T09:00:00Z,38,0.894105,hgb-jan-eval-train-before-20260101,false
2,2026-01-17T19:00:00Z,2026-01-17T12:00:00Z,2026-01-19T10:00:00Z,39,0.805387,hgb-jan-eval-train-before-20260101,false
2,2026-01-17T19:00:00Z,2026-01-17T12:00:00Z,2026-01-19T11:00:00Z,40,0.856652,hgb-jan-eval-train-before-20260101,false
2,2026-01-17T19:00:00Z,2026-01-17T12:00:00Z,2026-01-19T12:00:00Z,41,0.674223,hgb-jan-eval-train-before-20260101,false
2,2026-01-17T19:00:00Z,2026-01-17T12:00:00Z,2026-01-19T13:00:00Z,42,0.422015,hgb-jan-eval-train-before-20260101,false
2,2026-01-17T19:00:00Z,2026-01-17T12:00:00Z,2026-01-19T14:00:00Z,43,0.223302,hgb-jan-eval-train-before-20260101,false
2,2026-01-17T19:00:00Z,2026-01-17T12:00:00Z,2026-01-19T15:00:00Z,44,0.208194,hgb-jan-eval-train-before-20260101,false
2,2026-01-17T19:00:00Z,2026-01-17T12:00:00Z,2026-01-19T16:00:00Z,45,0.157251,hgb-jan-eval-train-before-20260101,false
2,2026-01-17T19:00:00Z,2026-01-17T12:00:00Z,2026-01-19T17:00:00Z,46,0.074686,hgb-jan-eval-train-before-20260101,false
2,2026-01-17T19:00:00Z,2026-01-17T12:00:00Z,2026-01-19T18:00:00Z,47,0.080068,hgb-jan-eval-train-before-20260101,false
2,2026-01-17T19:00:00Z,2026-01-17T12:00:00Z,2026-01-19T19:00:00Z,48,0.081487,hgb-jan-eval-train-before-20260101,false
1,2026-01-18T19:00:00Z,2026-01-18T12:00:00Z,2026-01-18T20:00:00Z,1,0.538541,hgb-jan-eval-train-before-20260101,false
1,2026-01-18T19:00:00Z,2026-01-18T12:00:00Z,2026-01-18T21:00:00Z,2,0.541673,hgb-jan-eval-train-before-20260101,false
1,2026-01-18T19:00:00Z,2026-01-18T12:00:00Z,2026-01-18T22:00:00Z,3,0.603249,hgb-jan-eval-train-before-20260101,false
1,2026-01-18T19:00:00Z,2026-01-18T12:00:00Z,2026-01-18T23:00:00Z,4,0.706829,hgb-jan-eval-train-before-20260101,false
1,2026-01-18T19:00:00Z,2026-01-18T12:00:00Z,2026-01-19T00:00:00Z,5,0.708067,hgb-jan-eval-train-before-20260101,false
1,2026-01-18T19:00:00Z,2026-01-18T12:00:00Z,2026-01-19T01:00:00Z,6,0.737228,hgb-jan-eval-train-before-20260101,false
1,2026-01-18T19:00:00Z,2026-01-18T12:00:00Z,2026-01-19T02:00:00Z,7,0.713803,hgb-jan-eval-train-before-20260101,false
1,2026-01-18T19:00:00Z,2026-01-18T12:00:00Z,2026-01-19T03:00:00Z,8,0.652980,hgb-jan-eval-train-before-20260101,false
1,2026-01-18T19:00:00Z,2026-01-18T12:00:00Z,2026-01-19T04:00:00Z,9,0.713468,hgb-jan-eval-train-before-20260101,false
1,2026-01-18T19:00:00Z,2026-01-18T12:00:00Z,2026-01-19T05:00:00Z,10,0.757972,hgb-jan-eval-train-before-20260101,false
1,2026-01-18T19:00:00Z,2026-01-18T12:00:00Z,2026-01-19T06:00:00Z,11,0.715367,hgb-jan-eval-train-before-20260101,false
1,2026-01-18T19:00:00Z,2026-01-18T12:00:00Z,2026-01-19T07:00:00Z,12,0.842044,hgb-jan-eval-train-before-20260101,false
1,2026-01-18T19:00:00Z,2026-01-18T12:00:00Z,2026-01-19T08:00:00Z,13,0.803356,hgb-jan-eval-train-before-20260101,false
1,2026-01-18T19:00:00Z,2026-01-18T12:00:00Z,2026-01-19T09:00:00Z,14,0.784832,hgb-jan-eval-train-before-20260101,false
1,2026-01-18T19:00:00Z,2026-01-18T12:00:00Z,2026-01-19T10:00:00Z,15,0.676616,hgb-jan-eval-train-before-20260101,false
1,2026-01-18T19:00:00Z,2026-01-18T12:00:00Z,2026-01-19T11:00:00Z,16,0.599293,hgb-jan-eval-train-before-20260101,false
1,2026-01-18T19:00:00Z,2026-01-18T12:00:00Z,2026-01-19T12:00:00Z,17,0.462024,hgb-jan-eval-train-before-20260101,false
1,2026-01-18T19:00:00Z,2026-01-18T12:00:00Z,2026-01-19T13:00:00Z,18,0.323440,hgb-jan-eval-train-before-20260101,false
1,2026-01-18T19:00:00Z,2026-01-18T12:00:00Z,2026-01-19T14:00:00Z,19,0.145054,hgb-jan-eval-train-before-20260101,false
1,2026-01-18T19:00:00Z,2026-01-18T12:00:00Z,2026-01-19T15:00:00Z,20,0.106535,hgb-jan-eval-train-before-20260101,false
1,2026-01-18T19:00:00Z,2026-01-18T12:00:00Z,2026-01-19T16:00:00Z,21,0.094512,hgb-jan-eval-train-before-20260101,false
1,2026-01-18T19:00:00Z,2026-01-18T12:00:00Z,2026-01-19T17:00:00Z,22,0.092585,hgb-jan-eval-train-before-20260101,false
1,2026-01-18T19:00:00Z,2026-01-18T12:00:00Z,2026-01-19T18:00:00Z,23,0.028815,hgb-jan-eval-train-before-20260101,false
1,2026-01-18T19:00:00Z,2026-01-18T12:00:00Z,2026-01-19T19:00:00Z,24,0.010599,hgb-jan-eval-train-before-20260101,false
1,2026-01-18T19:00:00Z,2026-01-18T12:00:00Z,2026-01-19T20:00:00Z,25,0.002589,hgb-jan-eval-train-before-20260101,false
1,2026-01-18T19:00:00Z,2026-01-18T12:00:00Z,2026-01-19T21:00:00Z,26,0.014378,hgb-jan-eval-train-before-20260101,false
1,2026-01-18T19:00:00Z,2026-01-18T12:00:00Z,2026-01-19T22:00:00Z,27,0.057880,hgb-jan-eval-train-before-20260101,false
1,2026-01-18T19:00:00Z,2026-01-18T12:00:00Z,2026-01-19T23:00:00Z,28,0.047024,hgb-jan-eval-train-before-20260101,false
1,2026-01-18T19:00:00Z,2026-01-18T12:00:00Z,2026-01-20T00:00:00Z,29,0.050561,hgb-jan-eval-train-before-20260101,false
1,2026-01-18T19:00:00Z,2026-01-18T12:00:00Z,2026-01-20T01:00:00Z,30,0.032118,hgb-jan-eval-train-before-20260101,false
1,2026-01-18T19:00:00Z,2026-01-18T12:00:00Z,2026-01-20T02:00:00Z,31,0.005904,hgb-jan-eval-train-before-20260101,false
1,2026-01-18T19:00:00Z,2026-01-18T12:00:00Z,2026-01-20T03:00:00Z,32,0.010583,hgb-jan-eval-train-before-20260101,false
1,2026-01-18T19:00:00Z,2026-01-18T12:00:00Z,2026-01-20T04:00:00Z,33,0.009364,hgb-jan-eval-train-before-20260101,false
1,2026-01-18T19:00:00Z,2026-01-18T12:00:00Z,2026-01-20T05:00:00Z,34,0.014868,hgb-jan-eval-train-before-20260101,false
1,2026-01-18T19:00:00Z,2026-01-18T12:00:00Z,2026-01-20T06:00:00Z,35,0.018689,hgb-jan-eval-train-before-20260101,false
1,2026-01-18T19:00:00Z,2026-01-18T12:00:00Z,2026-01-20T07:00:00Z,36,0.021086,hgb-jan-eval-train-before-20260101,false
1,2026-01-18T19:00:00Z,2026-01-18T12:00:00Z,2026-01-20T08:00:00Z,37,0.014891,hgb-jan-eval-train-before-20260101,false
1,2026-01-18T19:00:00Z,2026-01-18T12:00:00Z,2026-01-20T09:00:00Z,38,0.030213,hgb-jan-eval-train-before-20260101,false
1,2026-01-18T19:00:00Z,2026-01-18T12:00:00Z,2026-01-20T10:00:00Z,39,0.031115,hgb-jan-eval-train-before-20260101,false
1,2026-01-18T19:00:00Z,2026-01-18T12:00:00Z,2026-01-20T11:00:00Z,40,0.017901,hgb-jan-eval-train-before-20260101,false
1,2026-01-18T19:00:00Z,2026-01-18T12:00:00Z,2026-01-20T12:00:00Z,41,0.011179,hgb-jan-eval-train-before-20260101,false
1,2026-01-18T19:00:00Z,2026-01-18T12:00:00Z,2026-01-20T13:00:00Z,42,0.004963,hgb-jan-eval-train-before-20260101,false
1,2026-01-18T19:00:00Z,2026-01-18T12:00:00Z,2026-01-20T14:00:00Z,43,0.004963,hgb-jan-eval-train-before-20260101,false
1,2026-01-18T19:00:00Z,2026-01-18T12:00:00Z,2026-01-20T15:00:00Z,44,0.006305,hgb-jan-eval-train-before-20260101,false
1,2026-01-18T19:00:00Z,2026-01-18T12:00:00Z,2026-01-20T16:00:00Z,45,0.026454,hgb-jan-eval-train-before-20260101,false
1,2026-01-18T19:00:00Z,2026-01-18T12:00:00Z,2026-01-20T17:00:00Z,46,0.091221,hgb-jan-eval-train-before-20260101,false
1,2026-01-18T19:00:00Z,2026-01-18T12:00:00Z,2026-01-20T18:00:00Z,47,0.232284,hgb-jan-eval-train-before-20260101,false
1,2026-01-18T19:00:00Z,2026-01-18T12:00:00Z,2026-01-20T19:00:00Z,48,0.321039,hgb-jan-eval-train-before-20260101,false
2,2026-01-18T19:00:00Z,2026-01-18T12:00:00Z,2026-01-18T20:00:00Z,1,0.538109,hgb-jan-eval-train-before-20260101,false
2,2026-01-18T19:00:00Z,2026-01-18T12:00:00Z,2026-01-18T21:00:00Z,2,0.541241,hgb-jan-eval-train-before-20260101,false
2,2026-01-18T19:00:00Z,2026-01-18T12:00:00Z,2026-01-18T22:00:00Z,3,0.602287,hgb-jan-eval-train-before-20260101,false
2,2026-01-18T19:00:00Z,2026-01-18T12:00:00Z,2026-01-18T23:00:00Z,4,0.705919,hgb-jan-eval-train-before-20260101,false
2,2026-01-18T19:00:00Z,2026-01-18T12:00:00Z,2026-01-19T00:00:00Z,5,0.707157,hgb-jan-eval-train-before-20260101,false
2,2026-01-18T19:00:00Z,2026-01-18T12:00:00Z,2026-01-19T01:00:00Z,6,0.736318,hgb-jan-eval-train-before-20260101,false
2,2026-01-18T19:00:00Z,2026-01-18T12:00:00Z,2026-01-19T02:00:00Z,7,0.712893,hgb-jan-eval-train-before-20260101,false
2,2026-01-18T19:00:00Z,2026-01-18T12:00:00Z,2026-01-19T03:00:00Z,8,0.652165,hgb-jan-eval-train-before-20260101,false
2,2026-01-18T19:00:00Z,2026-01-18T12:00:00Z,2026-01-19T04:00:00Z,9,0.712652,hgb-jan-eval-train-before-20260101,false
2,2026-01-18T19:00:00Z,2026-01-18T12:00:00Z,2026-01-19T05:00:00Z,10,0.757686,hgb-jan-eval-train-before-20260101,false
2,2026-01-18T19:00:00Z,2026-01-18T12:00:00Z,2026-01-19T06:00:00Z,11,0.715273,hgb-jan-eval-train-before-20260101,false
2,2026-01-18T19:00:00Z,2026-01-18T12:00:00Z,2026-01-19T07:00:00Z,12,0.841949,hgb-jan-eval-train-before-20260101,false
2,2026-01-18T19:00:00Z,2026-01-18T12:00:00Z,2026-01-19T08:00:00Z,13,0.803261,hgb-jan-eval-train-before-20260101,false
2,2026-01-18T19:00:00Z,2026-01-18T12:00:00Z,2026-01-19T09:00:00Z,14,0.784737,hgb-jan-eval-train-before-20260101,false
2,2026-01-18T19:00:00Z,2026-01-18T12:00:00Z,2026-01-19T10:00:00Z,15,0.676521,hgb-jan-eval-train-before-20260101,false
2,2026-01-18T19:00:00Z,2026-01-18T12:00:00Z,2026-01-19T11:00:00Z,16,0.599007,hgb-jan-eval-train-before-20260101,false
2,2026-01-18T19:00:00Z,2026-01-18T12:00:00Z,2026-01-19T12:00:00Z,17,0.461592,hgb-jan-eval-train-before-20260101,false
2,2026-01-18T19:00:00Z,2026-01-18T12:00:00Z,2026-01-19T13:00:00Z,18,0.327633,hgb-jan-eval-train-before-20260101,false
2,2026-01-18T19:00:00Z,2026-01-18T12:00:00Z,2026-01-19T14:00:00Z,19,0.149247,hgb-jan-eval-train-before-20260101,false
2,2026-01-18T19:00:00Z,2026-01-18T12:00:00Z,2026-01-19T15:00:00Z,20,0.102888,hgb-jan-eval-train-before-20260101,false
2,2026-01-18T19:00:00Z,2026-01-18T12:00:00Z,2026-01-19T16:00:00Z,21,0.090865,hgb-jan-eval-train-before-20260101,false
2,2026-01-18T19:00:00Z,2026-01-18T12:00:00Z,2026-01-19T17:00:00Z,22,0.091419,hgb-jan-eval-train-before-20260101,false
2,2026-01-18T19:00:00Z,2026-01-18T12:00:00Z,2026-01-19T18:00:00Z,23,0.027649,hgb-jan-eval-train-before-20260101,false
2,2026-01-18T19:00:00Z,2026-01-18T12:00:00Z,2026-01-19T19:00:00Z,24,0.009433,hgb-jan-eval-train-before-20260101,false
2,2026-01-18T19:00:00Z,2026-01-18T12:00:00Z,2026-01-19T20:00:00Z,25,0.001423,hgb-jan-eval-train-before-20260101,false
2,2026-01-18T19:00:00Z,2026-01-18T12:00:00Z,2026-01-19T21:00:00Z,26,0.013212,hgb-jan-eval-train-before-20260101,false
2,2026-01-18T19:00:00Z,2026-01-18T12:00:00Z,2026-01-19T22:00:00Z,27,0.054234,hgb-jan-eval-train-before-20260101,false
2,2026-01-18T19:00:00Z,2026-01-18T12:00:00Z,2026-01-19T23:00:00Z,28,0.045858,hgb-jan-eval-train-before-20260101,false
2,2026-01-18T19:00:00Z,2026-01-18T12:00:00Z,2026-01-20T00:00:00Z,29,0.049395,hgb-jan-eval-train-before-20260101,false
2,2026-01-18T19:00:00Z,2026-01-18T12:00:00Z,2026-01-20T01:00:00Z,30,0.030952,hgb-jan-eval-train-before-20260101,false
2,2026-01-18T19:00:00Z,2026-01-18T12:00:00Z,2026-01-20T02:00:00Z,31,0.004738,hgb-jan-eval-train-before-20260101,false
2,2026-01-18T19:00:00Z,2026-01-18T12:00:00Z,2026-01-20T03:00:00Z,32,0.009512,hgb-jan-eval-train-before-20260101,false
2,2026-01-18T19:00:00Z,2026-01-18T12:00:00Z,2026-01-20T04:00:00Z,33,0.008293,hgb-jan-eval-train-before-20260101,false
2,2026-01-18T19:00:00Z,2026-01-18T12:00:00Z,2026-01-20T05:00:00Z,34,0.014531,hgb-jan-eval-train-before-20260101,false
2,2026-01-18T19:00:00Z,2026-01-18T12:00:00Z,2026-01-20T06:00:00Z,35,0.018351,hgb-jan-eval-train-before-20260101,false
2,2026-01-18T19:00:00Z,2026-01-18T12:00:00Z,2026-01-20T07:00:00Z,36,0.020748,hgb-jan-eval-train-before-20260101,false
2,2026-01-18T19:00:00Z,2026-01-18T12:00:00Z,2026-01-20T08:00:00Z,37,0.014554,hgb-jan-eval-train-before-20260101,false
2,2026-01-18T19:00:00Z,2026-01-18T12:00:00Z,2026-01-20T09:00:00Z,38,0.029876,hgb-jan-eval-train-before-20260101,false
2,2026-01-18T19:00:00Z,2026-01-18T12:00:00Z,2026-01-20T10:00:00Z,39,0.030778,hgb-jan-eval-train-before-20260101,false
2,2026-01-18T19:00:00Z,2026-01-18T12:00:00Z,2026-01-20T11:00:00Z,40,0.017563,hgb-jan-eval-train-before-20260101,false
2,2026-01-18T19:00:00Z,2026-01-18T12:00:00Z,2026-01-20T12:00:00Z,41,0.010747,hgb-jan-eval-train-before-20260101,false
2,2026-01-18T19:00:00Z,2026-01-18T12:00:00Z,2026-01-20T13:00:00Z,42,0.004530,hgb-jan-eval-train-before-20260101,false
2,2026-01-18T19:00:00Z,2026-01-18T12:00:00Z,2026-01-20T14:00:00Z,43,0.004530,hgb-jan-eval-train-before-20260101,false
2,2026-01-18T19:00:00Z,2026-01-18T12:00:00Z,2026-01-20T15:00:00Z,44,0.005873,hgb-jan-eval-train-before-20260101,false
2,2026-01-18T19:00:00Z,2026-01-18T12:00:00Z,2026-01-20T16:00:00Z,45,0.026021,hgb-jan-eval-train-before-20260101,false
2,2026-01-18T19:00:00Z,2026-01-18T12:00:00Z,2026-01-20T17:00:00Z,46,0.090788,hgb-jan-eval-train-before-20260101,false
2,2026-01-18T19:00:00Z,2026-01-18T12:00:00Z,2026-01-20T18:00:00Z,47,0.228638,hgb-jan-eval-train-before-20260101,false
2,2026-01-18T19:00:00Z,2026-01-18T12:00:00Z,2026-01-20T19:00:00Z,48,0.320607,hgb-jan-eval-train-before-20260101,false
1,2026-01-19T19:00:00Z,2026-01-19T12:00:00Z,2026-01-19T20:00:00Z,1,0.064098,hgb-jan-eval-train-before-20260101,false
1,2026-01-19T19:00:00Z,2026-01-19T12:00:00Z,2026-01-19T21:00:00Z,2,0.097663,hgb-jan-eval-train-before-20260101,false
1,2026-01-19T19:00:00Z,2026-01-19T12:00:00Z,2026-01-19T22:00:00Z,3,0.085141,hgb-jan-eval-train-before-20260101,false
1,2026-01-19T19:00:00Z,2026-01-19T12:00:00Z,2026-01-19T23:00:00Z,4,0.048291,hgb-jan-eval-train-before-20260101,false
1,2026-01-19T19:00:00Z,2026-01-19T12:00:00Z,2026-01-20T00:00:00Z,5,0.012893,hgb-jan-eval-train-before-20260101,false
1,2026-01-19T19:00:00Z,2026-01-19T12:00:00Z,2026-01-20T01:00:00Z,6,0.011957,hgb-jan-eval-train-before-20260101,false
1,2026-01-19T19:00:00Z,2026-01-19T12:00:00Z,2026-01-20T02:00:00Z,7,0.001083,hgb-jan-eval-train-before-20260101,false
1,2026-01-19T19:00:00Z,2026-01-19T12:00:00Z,2026-01-20T03:00:00Z,8,0.031146,hgb-jan-eval-train-before-20260101,false
1,2026-01-19T19:00:00Z,2026-01-19T12:00:00Z,2026-01-20T04:00:00Z,9,0.020528,hgb-jan-eval-train-before-20260101,false
1,2026-01-19T19:00:00Z,2026-01-19T12:00:00Z,2026-01-20T05:00:00Z,10,0.029372,hgb-jan-eval-train-before-20260101,false
1,2026-01-19T19:00:00Z,2026-01-19T12:00:00Z,2026-01-20T06:00:00Z,11,0.062725,hgb-jan-eval-train-before-20260101,false
1,2026-01-19T19:00:00Z,2026-01-19T12:00:00Z,2026-01-20T07:00:00Z,12,0.114645,hgb-jan-eval-train-before-20260101,false
1,2026-01-19T19:00:00Z,2026-01-19T12:00:00Z,2026-01-20T08:00:00Z,13,0.097847,hgb-jan-eval-train-before-20260101,false
1,2026-01-19T19:00:00Z,2026-01-19T12:00:00Z,2026-01-20T09:00:00Z,14,0.087059,hgb-jan-eval-train-before-20260101,false
1,2026-01-19T19:00:00Z,2026-01-19T12:00:00Z,2026-01-20T10:00:00Z,15,0.054229,hgb-jan-eval-train-before-20260101,false
1,2026-01-19T19:00:00Z,2026-01-19T12:00:00Z,2026-01-20T11:00:00Z,16,0.036692,hgb-jan-eval-train-before-20260101,false
1,2026-01-19T19:00:00Z,2026-01-19T12:00:00Z,2026-01-20T12:00:00Z,17,0.008401,hgb-jan-eval-train-before-20260101,false
1,2026-01-19T19:00:00Z,2026-01-19T12:00:00Z,2026-01-20T13:00:00Z,18,0.004511,hgb-jan-eval-train-before-20260101,false
1,2026-01-19T19:00:00Z,2026-01-19T12:00:00Z,2026-01-20T14:00:00Z,19,0.004904,hgb-jan-eval-train-before-20260101,false
1,2026-01-19T19:00:00Z,2026-01-19T12:00:00Z,2026-01-20T15:00:00Z,20,0.003311,hgb-jan-eval-train-before-20260101,false
1,2026-01-19T19:00:00Z,2026-01-19T12:00:00Z,2026-01-20T16:00:00Z,21,0.032222,hgb-jan-eval-train-before-20260101,false
1,2026-01-19T19:00:00Z,2026-01-19T12:00:00Z,2026-01-20T17:00:00Z,22,0.115621,hgb-jan-eval-train-before-20260101,false
1,2026-01-19T19:00:00Z,2026-01-19T12:00:00Z,2026-01-20T18:00:00Z,23,0.362137,hgb-jan-eval-train-before-20260101,false
1,2026-01-19T19:00:00Z,2026-01-19T12:00:00Z,2026-01-20T19:00:00Z,24,0.441821,hgb-jan-eval-train-before-20260101,false
1,2026-01-19T19:00:00Z,2026-01-19T12:00:00Z,2026-01-20T20:00:00Z,25,0.531936,hgb-jan-eval-train-before-20260101,false
1,2026-01-19T19:00:00Z,2026-01-19T12:00:00Z,2026-01-20T21:00:00Z,26,0.663256,hgb-jan-eval-train-before-20260101,false
1,2026-01-19T19:00:00Z,2026-01-19T12:00:00Z,2026-01-20T22:00:00Z,27,0.786695,hgb-jan-eval-train-before-20260101,false
1,2026-01-19T19:00:00Z,2026-01-19T12:00:00Z,2026-01-20T23:00:00Z,28,0.869491,hgb-jan-eval-train-before-20260101,false
1,2026-01-19T19:00:00Z,2026-01-19T12:00:00Z,2026-01-21T00:00:00Z,29,0.929456,hgb-jan-eval-train-before-20260101,false
1,2026-01-19T19:00:00Z,2026-01-19T12:00:00Z,2026-01-21T01:00:00Z,30,0.927263,hgb-jan-eval-train-before-20260101,false
1,2026-01-19T19:00:00Z,2026-01-19T12:00:00Z,2026-01-21T02:00:00Z,31,0.829917,hgb-jan-eval-train-before-20260101,false
1,2026-01-19T19:00:00Z,2026-01-19T12:00:00Z,2026-01-21T03:00:00Z,32,0.821445,hgb-jan-eval-train-before-20260101,false
1,2026-01-19T19:00:00Z,2026-01-19T12:00:00Z,2026-01-21T04:00:00Z,33,0.838951,hgb-jan-eval-train-before-20260101,false
1,2026-01-19T19:00:00Z,2026-01-19T12:00:00Z,2026-01-21T05:00:00Z,34,0.722154,hgb-jan-eval-train-before-20260101,false
1,2026-01-19T19:00:00Z,2026-01-19T12:00:00Z,2026-01-21T06:00:00Z,35,0.865960,hgb-jan-eval-train-before-20260101,false
1,2026-01-19T19:00:00Z,2026-01-19T12:00:00Z,2026-01-21T07:00:00Z,36,0.939408,hgb-jan-eval-train-before-20260101,false
1,2026-01-19T19:00:00Z,2026-01-19T12:00:00Z,2026-01-21T08:00:00Z,37,0.960614,hgb-jan-eval-train-before-20260101,false
1,2026-01-19T19:00:00Z,2026-01-19T12:00:00Z,2026-01-21T09:00:00Z,38,0.947100,hgb-jan-eval-train-before-20260101,false
1,2026-01-19T19:00:00Z,2026-01-19T12:00:00Z,2026-01-21T10:00:00Z,39,0.926780,hgb-jan-eval-train-before-20260101,false
1,2026-01-19T19:00:00Z,2026-01-19T12:00:00Z,2026-01-21T11:00:00Z,40,0.862567,hgb-jan-eval-train-before-20260101,false
1,2026-01-19T19:00:00Z,2026-01-19T12:00:00Z,2026-01-21T12:00:00Z,41,0.887252,hgb-jan-eval-train-before-20260101,false
1,2026-01-19T19:00:00Z,2026-01-19T12:00:00Z,2026-01-21T13:00:00Z,42,0.844787,hgb-jan-eval-train-before-20260101,false
1,2026-01-19T19:00:00Z,2026-01-19T12:00:00Z,2026-01-21T14:00:00Z,43,0.810603,hgb-jan-eval-train-before-20260101,false
1,2026-01-19T19:00:00Z,2026-01-19T12:00:00Z,2026-01-21T15:00:00Z,44,0.890989,hgb-jan-eval-train-before-20260101,false
1,2026-01-19T19:00:00Z,2026-01-19T12:00:00Z,2026-01-21T16:00:00Z,45,0.942643,hgb-jan-eval-train-before-20260101,false
1,2026-01-19T19:00:00Z,2026-01-19T12:00:00Z,2026-01-21T17:00:00Z,46,0.942195,hgb-jan-eval-train-before-20260101,false
1,2026-01-19T19:00:00Z,2026-01-19T12:00:00Z,2026-01-21T18:00:00Z,47,0.763592,hgb-jan-eval-train-before-20260101,false
1,2026-01-19T19:00:00Z,2026-01-19T12:00:00Z,2026-01-21T19:00:00Z,48,0.864866,hgb-jan-eval-train-before-20260101,false
2,2026-01-19T19:00:00Z,2026-01-19T12:00:00Z,2026-01-19T20:00:00Z,1,0.060452,hgb-jan-eval-train-before-20260101,false
2,2026-01-19T19:00:00Z,2026-01-19T12:00:00Z,2026-01-19T21:00:00Z,2,0.094016,hgb-jan-eval-train-before-20260101,false
2,2026-01-19T19:00:00Z,2026-01-19T12:00:00Z,2026-01-19T22:00:00Z,3,0.081495,hgb-jan-eval-train-before-20260101,false
2,2026-01-19T19:00:00Z,2026-01-19T12:00:00Z,2026-01-19T23:00:00Z,4,0.047125,hgb-jan-eval-train-before-20260101,false
2,2026-01-19T19:00:00Z,2026-01-19T12:00:00Z,2026-01-20T00:00:00Z,5,0.011727,hgb-jan-eval-train-before-20260101,false
2,2026-01-19T19:00:00Z,2026-01-19T12:00:00Z,2026-01-20T01:00:00Z,6,0.010791,hgb-jan-eval-train-before-20260101,false
2,2026-01-19T19:00:00Z,2026-01-19T12:00:00Z,2026-01-20T02:00:00Z,7,0.000000,hgb-jan-eval-train-before-20260101,false
2,2026-01-19T19:00:00Z,2026-01-19T12:00:00Z,2026-01-20T03:00:00Z,8,0.030808,hgb-jan-eval-train-before-20260101,false
2,2026-01-19T19:00:00Z,2026-01-19T12:00:00Z,2026-01-20T04:00:00Z,9,0.020191,hgb-jan-eval-train-before-20260101,false
2,2026-01-19T19:00:00Z,2026-01-19T12:00:00Z,2026-01-20T05:00:00Z,10,0.029035,hgb-jan-eval-train-before-20260101,false
2,2026-01-19T19:00:00Z,2026-01-19T12:00:00Z,2026-01-20T06:00:00Z,11,0.062387,hgb-jan-eval-train-before-20260101,false
2,2026-01-19T19:00:00Z,2026-01-19T12:00:00Z,2026-01-20T07:00:00Z,12,0.114308,hgb-jan-eval-train-before-20260101,false
2,2026-01-19T19:00:00Z,2026-01-19T12:00:00Z,2026-01-20T08:00:00Z,13,0.097509,hgb-jan-eval-train-before-20260101,false
2,2026-01-19T19:00:00Z,2026-01-19T12:00:00Z,2026-01-20T09:00:00Z,14,0.086722,hgb-jan-eval-train-before-20260101,false
2,2026-01-19T19:00:00Z,2026-01-19T12:00:00Z,2026-01-20T10:00:00Z,15,0.053891,hgb-jan-eval-train-before-20260101,false
2,2026-01-19T19:00:00Z,2026-01-19T12:00:00Z,2026-01-20T11:00:00Z,16,0.036355,hgb-jan-eval-train-before-20260101,false
2,2026-01-19T19:00:00Z,2026-01-19T12:00:00Z,2026-01-20T12:00:00Z,17,0.007968,hgb-jan-eval-train-before-20260101,false
2,2026-01-19T19:00:00Z,2026-01-19T12:00:00Z,2026-01-20T13:00:00Z,18,0.004079,hgb-jan-eval-train-before-20260101,false
2,2026-01-19T19:00:00Z,2026-01-19T12:00:00Z,2026-01-20T14:00:00Z,19,0.004472,hgb-jan-eval-train-before-20260101,false
2,2026-01-19T19:00:00Z,2026-01-19T12:00:00Z,2026-01-20T15:00:00Z,20,0.002879,hgb-jan-eval-train-before-20260101,false
2,2026-01-19T19:00:00Z,2026-01-19T12:00:00Z,2026-01-20T16:00:00Z,21,0.031790,hgb-jan-eval-train-before-20260101,false
2,2026-01-19T19:00:00Z,2026-01-19T12:00:00Z,2026-01-20T17:00:00Z,22,0.115188,hgb-jan-eval-train-before-20260101,false
2,2026-01-19T19:00:00Z,2026-01-19T12:00:00Z,2026-01-20T18:00:00Z,23,0.358490,hgb-jan-eval-train-before-20260101,false
2,2026-01-19T19:00:00Z,2026-01-19T12:00:00Z,2026-01-20T19:00:00Z,24,0.440859,hgb-jan-eval-train-before-20260101,false
2,2026-01-19T19:00:00Z,2026-01-19T12:00:00Z,2026-01-20T20:00:00Z,25,0.531503,hgb-jan-eval-train-before-20260101,false
2,2026-01-19T19:00:00Z,2026-01-19T12:00:00Z,2026-01-20T21:00:00Z,26,0.662294,hgb-jan-eval-train-before-20260101,false
2,2026-01-19T19:00:00Z,2026-01-19T12:00:00Z,2026-01-20T22:00:00Z,27,0.785784,hgb-jan-eval-train-before-20260101,false
2,2026-01-19T19:00:00Z,2026-01-19T12:00:00Z,2026-01-20T23:00:00Z,28,0.868580,hgb-jan-eval-train-before-20260101,false
2,2026-01-19T19:00:00Z,2026-01-19T12:00:00Z,2026-01-21T00:00:00Z,29,0.928545,hgb-jan-eval-train-before-20260101,false
2,2026-01-19T19:00:00Z,2026-01-19T12:00:00Z,2026-01-21T01:00:00Z,30,0.926353,hgb-jan-eval-train-before-20260101,false
2,2026-01-19T19:00:00Z,2026-01-19T12:00:00Z,2026-01-21T02:00:00Z,31,0.829007,hgb-jan-eval-train-before-20260101,false
2,2026-01-19T19:00:00Z,2026-01-19T12:00:00Z,2026-01-21T03:00:00Z,32,0.820630,hgb-jan-eval-train-before-20260101,false
2,2026-01-19T19:00:00Z,2026-01-19T12:00:00Z,2026-01-21T04:00:00Z,33,0.838136,hgb-jan-eval-train-before-20260101,false
2,2026-01-19T19:00:00Z,2026-01-19T12:00:00Z,2026-01-21T05:00:00Z,34,0.719731,hgb-jan-eval-train-before-20260101,false
2,2026-01-19T19:00:00Z,2026-01-19T12:00:00Z,2026-01-21T06:00:00Z,35,0.864818,hgb-jan-eval-train-before-20260101,false
2,2026-01-19T19:00:00Z,2026-01-19T12:00:00Z,2026-01-21T07:00:00Z,36,0.936372,hgb-jan-eval-train-before-20260101,false
2,2026-01-19T19:00:00Z,2026-01-19T12:00:00Z,2026-01-21T08:00:00Z,37,0.956871,hgb-jan-eval-train-before-20260101,false
2,2026-01-19T19:00:00Z,2026-01-19T12:00:00Z,2026-01-21T09:00:00Z,38,0.943293,hgb-jan-eval-train-before-20260101,false
2,2026-01-19T19:00:00Z,2026-01-19T12:00:00Z,2026-01-21T10:00:00Z,39,0.926495,hgb-jan-eval-train-before-20260101,false
2,2026-01-19T19:00:00Z,2026-01-19T12:00:00Z,2026-01-21T11:00:00Z,40,0.863804,hgb-jan-eval-train-before-20260101,false
2,2026-01-19T19:00:00Z,2026-01-19T12:00:00Z,2026-01-21T12:00:00Z,41,0.893888,hgb-jan-eval-train-before-20260101,false
2,2026-01-19T19:00:00Z,2026-01-19T12:00:00Z,2026-01-21T13:00:00Z,42,0.849477,hgb-jan-eval-train-before-20260101,false
2,2026-01-19T19:00:00Z,2026-01-19T12:00:00Z,2026-01-21T14:00:00Z,43,0.815293,hgb-jan-eval-train-before-20260101,false
2,2026-01-19T19:00:00Z,2026-01-19T12:00:00Z,2026-01-21T15:00:00Z,44,0.890390,hgb-jan-eval-train-before-20260101,false
2,2026-01-19T19:00:00Z,2026-01-19T12:00:00Z,2026-01-21T16:00:00Z,45,0.942045,hgb-jan-eval-train-before-20260101,false
2,2026-01-19T19:00:00Z,2026-01-19T12:00:00Z,2026-01-21T17:00:00Z,46,0.941596,hgb-jan-eval-train-before-20260101,false
2,2026-01-19T19:00:00Z,2026-01-19T12:00:00Z,2026-01-21T18:00:00Z,47,0.762994,hgb-jan-eval-train-before-20260101,false
2,2026-01-19T19:00:00Z,2026-01-19T12:00:00Z,2026-01-21T19:00:00Z,48,0.864267,hgb-jan-eval-train-before-20260101,false
1,2026-01-20T19:00:00Z,2026-01-20T12:00:00Z,2026-01-20T20:00:00Z,1,0.725680,hgb-jan-eval-train-before-20260101,false
1,2026-01-20T19:00:00Z,2026-01-20T12:00:00Z,2026-01-20T21:00:00Z,2,0.790461,hgb-jan-eval-train-before-20260101,false
1,2026-01-20T19:00:00Z,2026-01-20T12:00:00Z,2026-01-20T22:00:00Z,3,0.808489,hgb-jan-eval-train-before-20260101,false
1,2026-01-20T19:00:00Z,2026-01-20T12:00:00Z,2026-01-20T23:00:00Z,4,0.807957,hgb-jan-eval-train-before-20260101,false
1,2026-01-20T19:00:00Z,2026-01-20T12:00:00Z,2026-01-21T00:00:00Z,5,0.788804,hgb-jan-eval-train-before-20260101,false
1,2026-01-20T19:00:00Z,2026-01-20T12:00:00Z,2026-01-21T01:00:00Z,6,0.892937,hgb-jan-eval-train-before-20260101,false
1,2026-01-20T19:00:00Z,2026-01-20T12:00:00Z,2026-01-21T02:00:00Z,7,0.871845,hgb-jan-eval-train-before-20260101,false
1,2026-01-20T19:00:00Z,2026-01-20T12:00:00Z,2026-01-21T03:00:00Z,8,0.855010,hgb-jan-eval-train-before-20260101,false
1,2026-01-20T19:00:00Z,2026-01-20T12:00:00Z,2026-01-21T04:00:00Z,9,0.845172,hgb-jan-eval-train-before-20260101,false
1,2026-01-20T19:00:00Z,2026-01-20T12:00:00Z,2026-01-21T05:00:00Z,10,0.837944,hgb-jan-eval-train-before-20260101,false
1,2026-01-20T19:00:00Z,2026-01-20T12:00:00Z,2026-01-21T06:00:00Z,11,0.854165,hgb-jan-eval-train-before-20260101,false
1,2026-01-20T19:00:00Z,2026-01-20T12:00:00Z,2026-01-21T07:00:00Z,12,0.906772,hgb-jan-eval-train-before-20260101,false
1,2026-01-20T19:00:00Z,2026-01-20T12:00:00Z,2026-01-21T08:00:00Z,13,0.935479,hgb-jan-eval-train-before-20260101,false
1,2026-01-20T19:00:00Z,2026-01-20T12:00:00Z,2026-01-21T09:00:00Z,14,0.951517,hgb-jan-eval-train-before-20260101,false
1,2026-01-20T19:00:00Z,2026-01-20T12:00:00Z,2026-01-21T10:00:00Z,15,0.917301,hgb-jan-eval-train-before-20260101,false
1,2026-01-20T19:00:00Z,2026-01-20T12:00:00Z,2026-01-21T11:00:00Z,16,0.927879,hgb-jan-eval-train-before-20260101,false
1,2026-01-20T19:00:00Z,2026-01-20T12:00:00Z,2026-01-21T12:00:00Z,17,0.811432,hgb-jan-eval-train-before-20260101,false
1,2026-01-20T19:00:00Z,2026-01-20T12:00:00Z,2026-01-21T13:00:00Z,18,0.536827,hgb-jan-eval-train-before-20260101,false
1,2026-01-20T19:00:00Z,2026-01-20T12:00:00Z,2026-01-21T14:00:00Z,19,0.480583,hgb-jan-eval-train-before-20260101,false
1,2026-01-20T19:00:00Z,2026-01-20T12:00:00Z,2026-01-21T15:00:00Z,20,0.750903,hgb-jan-eval-train-before-20260101,false
1,2026-01-20T19:00:00Z,2026-01-20T12:00:00Z,2026-01-21T16:00:00Z,21,0.790041,hgb-jan-eval-train-before-20260101,false
1,2026-01-20T19:00:00Z,2026-01-20T12:00:00Z,2026-01-21T17:00:00Z,22,0.833655,hgb-jan-eval-train-before-20260101,false
1,2026-01-20T19:00:00Z,2026-01-20T12:00:00Z,2026-01-21T18:00:00Z,23,0.788589,hgb-jan-eval-train-before-20260101,false
1,2026-01-20T19:00:00Z,2026-01-20T12:00:00Z,2026-01-21T19:00:00Z,24,0.786533,hgb-jan-eval-train-before-20260101,false
1,2026-01-20T19:00:00Z,2026-01-20T12:00:00Z,2026-01-21T20:00:00Z,25,0.849772,hgb-jan-eval-train-before-20260101,false
1,2026-01-20T19:00:00Z,2026-01-20T12:00:00Z,2026-01-21T21:00:00Z,26,0.528138,hgb-jan-eval-train-before-20260101,false
1,2026-01-20T19:00:00Z,2026-01-20T12:00:00Z,2026-01-21T22:00:00Z,27,0.187909,hgb-jan-eval-train-before-20260101,false
1,2026-01-20T19:00:00Z,2026-01-20T12:00:00Z,2026-01-21T23:00:00Z,28,0.022664,hgb-jan-eval-train-before-20260101,false
1,2026-01-20T19:00:00Z,2026-01-20T12:00:00Z,2026-01-22T00:00:00Z,29,0.024450,hgb-jan-eval-train-before-20260101,false
1,2026-01-20T19:00:00Z,2026-01-20T12:00:00Z,2026-01-22T01:00:00Z,30,0.024172,hgb-jan-eval-train-before-20260101,false
1,2026-01-20T19:00:00Z,2026-01-20T12:00:00Z,2026-01-22T02:00:00Z,31,0.045412,hgb-jan-eval-train-before-20260101,false
1,2026-01-20T19:00:00Z,2026-01-20T12:00:00Z,2026-01-22T03:00:00Z,32,0.030664,hgb-jan-eval-train-before-20260101,false
1,2026-01-20T19:00:00Z,2026-01-20T12:00:00Z,2026-01-22T04:00:00Z,33,0.272271,hgb-jan-eval-train-before-20260101,false
1,2026-01-20T19:00:00Z,2026-01-20T12:00:00Z,2026-01-22T05:00:00Z,34,0.082999,hgb-jan-eval-train-before-20260101,false
1,2026-01-20T19:00:00Z,2026-01-20T12:00:00Z,2026-01-22T06:00:00Z,35,0.017812,hgb-jan-eval-train-before-20260101,false
1,2026-01-20T19:00:00Z,2026-01-20T12:00:00Z,2026-01-22T07:00:00Z,36,0.033549,hgb-jan-eval-train-before-20260101,false
1,2026-01-20T19:00:00Z,2026-01-20T12:00:00Z,2026-01-22T08:00:00Z,37,0.107607,hgb-jan-eval-train-before-20260101,false
1,2026-01-20T19:00:00Z,2026-01-20T12:00:00Z,2026-01-22T09:00:00Z,38,0.240743,hgb-jan-eval-train-before-20260101,false
1,2026-01-20T19:00:00Z,2026-01-20T12:00:00Z,2026-01-22T10:00:00Z,39,0.522292,hgb-jan-eval-train-before-20260101,false
1,2026-01-20T19:00:00Z,2026-01-20T12:00:00Z,2026-01-22T11:00:00Z,40,0.291067,hgb-jan-eval-train-before-20260101,false
1,2026-01-20T19:00:00Z,2026-01-20T12:00:00Z,2026-01-22T12:00:00Z,41,0.553448,hgb-jan-eval-train-before-20260101,false
1,2026-01-20T19:00:00Z,2026-01-20T12:00:00Z,2026-01-22T13:00:00Z,42,0.696272,hgb-jan-eval-train-before-20260101,false
1,2026-01-20T19:00:00Z,2026-01-20T12:00:00Z,2026-01-22T14:00:00Z,43,0.691320,hgb-jan-eval-train-before-20260101,false
1,2026-01-20T19:00:00Z,2026-01-20T12:00:00Z,2026-01-22T15:00:00Z,44,0.733414,hgb-jan-eval-train-before-20260101,false
1,2026-01-20T19:00:00Z,2026-01-20T12:00:00Z,2026-01-22T16:00:00Z,45,0.966079,hgb-jan-eval-train-before-20260101,false
1,2026-01-20T19:00:00Z,2026-01-20T12:00:00Z,2026-01-22T17:00:00Z,46,0.901646,hgb-jan-eval-train-before-20260101,false
1,2026-01-20T19:00:00Z,2026-01-20T12:00:00Z,2026-01-22T18:00:00Z,47,0.964540,hgb-jan-eval-train-before-20260101,false
1,2026-01-20T19:00:00Z,2026-01-20T12:00:00Z,2026-01-22T19:00:00Z,48,0.942870,hgb-jan-eval-train-before-20260101,false
2,2026-01-20T19:00:00Z,2026-01-20T12:00:00Z,2026-01-20T20:00:00Z,1,0.724718,hgb-jan-eval-train-before-20260101,false
2,2026-01-20T19:00:00Z,2026-01-20T12:00:00Z,2026-01-20T21:00:00Z,2,0.790080,hgb-jan-eval-train-before-20260101,false
2,2026-01-20T19:00:00Z,2026-01-20T12:00:00Z,2026-01-20T22:00:00Z,3,0.808108,hgb-jan-eval-train-before-20260101,false
2,2026-01-20T19:00:00Z,2026-01-20T12:00:00Z,2026-01-20T23:00:00Z,4,0.807047,hgb-jan-eval-train-before-20260101,false
2,2026-01-20T19:00:00Z,2026-01-20T12:00:00Z,2026-01-21T00:00:00Z,5,0.788343,hgb-jan-eval-train-before-20260101,false
2,2026-01-20T19:00:00Z,2026-01-20T12:00:00Z,2026-01-21T01:00:00Z,6,0.892475,hgb-jan-eval-train-before-20260101,false
2,2026-01-20T19:00:00Z,2026-01-20T12:00:00Z,2026-01-21T02:00:00Z,7,0.873209,hgb-jan-eval-train-before-20260101,false
2,2026-01-20T19:00:00Z,2026-01-20T12:00:00Z,2026-01-21T03:00:00Z,8,0.856470,hgb-jan-eval-train-before-20260101,false
2,2026-01-20T19:00:00Z,2026-01-20T12:00:00Z,2026-01-21T04:00:00Z,9,0.846631,hgb-jan-eval-train-before-20260101,false
2,2026-01-20T19:00:00Z,2026-01-20T12:00:00Z,2026-01-21T05:00:00Z,10,0.835516,hgb-jan-eval-train-before-20260101,false
2,2026-01-20T19:00:00Z,2026-01-20T12:00:00Z,2026-01-21T06:00:00Z,11,0.850751,hgb-jan-eval-train-before-20260101,false
2,2026-01-20T19:00:00Z,2026-01-20T12:00:00Z,2026-01-21T07:00:00Z,12,0.905630,hgb-jan-eval-train-before-20260101,false
2,2026-01-20T19:00:00Z,2026-01-20T12:00:00Z,2026-01-21T08:00:00Z,13,0.931723,hgb-jan-eval-train-before-20260101,false
2,2026-01-20T19:00:00Z,2026-01-20T12:00:00Z,2026-01-21T09:00:00Z,14,0.947773,hgb-jan-eval-train-before-20260101,false
2,2026-01-20T19:00:00Z,2026-01-20T12:00:00Z,2026-01-21T10:00:00Z,15,0.916739,hgb-jan-eval-train-before-20260101,false
2,2026-01-20T19:00:00Z,2026-01-20T12:00:00Z,2026-01-21T11:00:00Z,16,0.929115,hgb-jan-eval-train-before-20260101,false
2,2026-01-20T19:00:00Z,2026-01-20T12:00:00Z,2026-01-21T12:00:00Z,17,0.816122,hgb-jan-eval-train-before-20260101,false
2,2026-01-20T19:00:00Z,2026-01-20T12:00:00Z,2026-01-21T13:00:00Z,18,0.541466,hgb-jan-eval-train-before-20260101,false
2,2026-01-20T19:00:00Z,2026-01-20T12:00:00Z,2026-01-21T14:00:00Z,19,0.485222,hgb-jan-eval-train-before-20260101,false
2,2026-01-20T19:00:00Z,2026-01-20T12:00:00Z,2026-01-21T15:00:00Z,20,0.750253,hgb-jan-eval-train-before-20260101,false
2,2026-01-20T19:00:00Z,2026-01-20T12:00:00Z,2026-01-21T16:00:00Z,21,0.789442,hgb-jan-eval-train-before-20260101,false
2,2026-01-20T19:00:00Z,2026-01-20T12:00:00Z,2026-01-21T17:00:00Z,22,0.833057,hgb-jan-eval-train-before-20260101,false
2,2026-01-20T19:00:00Z,2026-01-20T12:00:00Z,2026-01-21T18:00:00Z,23,0.787990,hgb-jan-eval-train-before-20260101,false
2,2026-01-20T19:00:00Z,2026-01-20T12:00:00Z,2026-01-21T19:00:00Z,24,0.785935,hgb-jan-eval-train-before-20260101,false
2,2026-01-20T19:00:00Z,2026-01-20T12:00:00Z,2026-01-21T20:00:00Z,25,0.849173,hgb-jan-eval-train-before-20260101,false
2,2026-01-20T19:00:00Z,2026-01-20T12:00:00Z,2026-01-21T21:00:00Z,26,0.527540,hgb-jan-eval-train-before-20260101,false
2,2026-01-20T19:00:00Z,2026-01-20T12:00:00Z,2026-01-21T22:00:00Z,27,0.187260,hgb-jan-eval-train-before-20260101,false
2,2026-01-20T19:00:00Z,2026-01-20T12:00:00Z,2026-01-21T23:00:00Z,28,0.022091,hgb-jan-eval-train-before-20260101,false
2,2026-01-20T19:00:00Z,2026-01-20T12:00:00Z,2026-01-22T00:00:00Z,29,0.023877,hgb-jan-eval-train-before-20260101,false
2,2026-01-20T19:00:00Z,2026-01-20T12:00:00Z,2026-01-22T01:00:00Z,30,0.023740,hgb-jan-eval-train-before-20260101,false
2,2026-01-20T19:00:00Z,2026-01-20T12:00:00Z,2026-01-22T02:00:00Z,31,0.044979,hgb-jan-eval-train-before-20260101,false
2,2026-01-20T19:00:00Z,2026-01-20T12:00:00Z,2026-01-22T03:00:00Z,32,0.030187,hgb-jan-eval-train-before-20260101,false
2,2026-01-20T19:00:00Z,2026-01-20T12:00:00Z,2026-01-22T04:00:00Z,33,0.271934,hgb-jan-eval-train-before-20260101,false
2,2026-01-20T19:00:00Z,2026-01-20T12:00:00Z,2026-01-22T05:00:00Z,34,0.082662,hgb-jan-eval-train-before-20260101,false
2,2026-01-20T19:00:00Z,2026-01-20T12:00:00Z,2026-01-22T06:00:00Z,35,0.017475,hgb-jan-eval-train-before-20260101,false
2,2026-01-20T19:00:00Z,2026-01-20T12:00:00Z,2026-01-22T07:00:00Z,36,0.033212,hgb-jan-eval-train-before-20260101,false
2,2026-01-20T19:00:00Z,2026-01-20T12:00:00Z,2026-01-22T08:00:00Z,37,0.107270,hgb-jan-eval-train-before-20260101,false
2,2026-01-20T19:00:00Z,2026-01-20T12:00:00Z,2026-01-22T09:00:00Z,38,0.240457,hgb-jan-eval-train-before-20260101,false
2,2026-01-20T19:00:00Z,2026-01-20T12:00:00Z,2026-01-22T10:00:00Z,39,0.522006,hgb-jan-eval-train-before-20260101,false
2,2026-01-20T19:00:00Z,2026-01-20T12:00:00Z,2026-01-22T11:00:00Z,40,0.290781,hgb-jan-eval-train-before-20260101,false
2,2026-01-20T19:00:00Z,2026-01-20T12:00:00Z,2026-01-22T12:00:00Z,41,0.553067,hgb-jan-eval-train-before-20260101,false
2,2026-01-20T19:00:00Z,2026-01-20T12:00:00Z,2026-01-22T13:00:00Z,42,0.695891,hgb-jan-eval-train-before-20260101,false
2,2026-01-20T19:00:00Z,2026-01-20T12:00:00Z,2026-01-22T14:00:00Z,43,0.690939,hgb-jan-eval-train-before-20260101,false
2,2026-01-20T19:00:00Z,2026-01-20T12:00:00Z,2026-01-22T15:00:00Z,44,0.734728,hgb-jan-eval-train-before-20260101,false
2,2026-01-20T19:00:00Z,2026-01-20T12:00:00Z,2026-01-22T16:00:00Z,45,0.964842,hgb-jan-eval-train-before-20260101,false
2,2026-01-20T19:00:00Z,2026-01-20T12:00:00Z,2026-01-22T17:00:00Z,46,0.902986,hgb-jan-eval-train-before-20260101,false
2,2026-01-20T19:00:00Z,2026-01-20T12:00:00Z,2026-01-22T18:00:00Z,47,0.963276,hgb-jan-eval-train-before-20260101,false
2,2026-01-20T19:00:00Z,2026-01-20T12:00:00Z,2026-01-22T19:00:00Z,48,0.944211,hgb-jan-eval-train-before-20260101,false
1,2026-01-21T19:00:00Z,2026-01-21T12:00:00Z,2026-01-21T20:00:00Z,1,0.761890,hgb-jan-eval-train-before-20260101,false
1,2026-01-21T19:00:00Z,2026-01-21T12:00:00Z,2026-01-21T21:00:00Z,2,0.849574,hgb-jan-eval-train-before-20260101,false
1,2026-01-21T19:00:00Z,2026-01-21T12:00:00Z,2026-01-21T22:00:00Z,3,0.815339,hgb-jan-eval-train-before-20260101,false
1,2026-01-21T19:00:00Z,2026-01-21T12:00:00Z,2026-01-21T23:00:00Z,4,0.630032,hgb-jan-eval-train-before-20260101,false
1,2026-01-21T19:00:00Z,2026-01-21T12:00:00Z,2026-01-22T00:00:00Z,5,0.290805,hgb-jan-eval-train-before-20260101,false
1,2026-01-21T19:00:00Z,2026-01-21T12:00:00Z,2026-01-22T01:00:00Z,6,0.559650,hgb-jan-eval-train-before-20260101,false
1,2026-01-21T19:00:00Z,2026-01-21T12:00:00Z,2026-01-22T02:00:00Z,7,0.741292,hgb-jan-eval-train-before-20260101,false
1,2026-01-21T19:00:00Z,2026-01-21T12:00:00Z,2026-01-22T03:00:00Z,8,0.773267,hgb-jan-eval-train-before-20260101,false
1,2026-01-21T19:00:00Z,2026-01-21T12:00:00Z,2026-01-22T04:00:00Z,9,0.698374,hgb-jan-eval-train-before-20260101,false
1,2026-01-21T19:00:00Z,2026-01-21T12:00:00Z,2026-01-22T05:00:00Z,10,0.183862,hgb-jan-eval-train-before-20260101,false
1,2026-01-21T19:00:00Z,2026-01-21T12:00:00Z,2026-01-22T06:00:00Z,11,0.147537,hgb-jan-eval-train-before-20260101,false
1,2026-01-21T19:00:00Z,2026-01-21T12:00:00Z,2026-01-22T07:00:00Z,12,0.275435,hgb-jan-eval-train-before-20260101,false
1,2026-01-21T19:00:00Z,2026-01-21T12:00:00Z,2026-01-22T08:00:00Z,13,0.067259,hgb-jan-eval-train-before-20260101,false
1,2026-01-21T19:00:00Z,2026-01-21T12:00:00Z,2026-01-22T09:00:00Z,14,0.030264,hgb-jan-eval-train-before-20260101,false
1,2026-01-21T19:00:00Z,2026-01-21T12:00:00Z,2026-01-22T10:00:00Z,15,0.304669,hgb-jan-eval-train-before-20260101,false
1,2026-01-21T19:00:00Z,2026-01-21T12:00:00Z,2026-01-22T11:00:00Z,16,0.594581,hgb-jan-eval-train-before-20260101,false
1,2026-01-21T19:00:00Z,2026-01-21T12:00:00Z,2026-01-22T12:00:00Z,17,0.751119,hgb-jan-eval-train-before-20260101,false
1,2026-01-21T19:00:00Z,2026-01-21T12:00:00Z,2026-01-22T13:00:00Z,18,0.776067,hgb-jan-eval-train-before-20260101,false
1,2026-01-21T19:00:00Z,2026-01-21T12:00:00Z,2026-01-22T14:00:00Z,19,0.650438,hgb-jan-eval-train-before-20260101,false
1,2026-01-21T19:00:00Z,2026-01-21T12:00:00Z,2026-01-22T15:00:00Z,20,0.818859,hgb-jan-eval-train-before-20260101,false
1,2026-01-21T19:00:00Z,2026-01-21T12:00:00Z,2026-01-22T16:00:00Z,21,0.930086,hgb-jan-eval-train-before-20260101,false
1,2026-01-21T19:00:00Z,2026-01-21T12:00:00Z,2026-01-22T17:00:00Z,22,0.920986,hgb-jan-eval-train-before-20260101,false
1,2026-01-21T19:00:00Z,2026-01-21T12:00:00Z,2026-01-22T18:00:00Z,23,0.931271,hgb-jan-eval-train-before-20260101,false
1,2026-01-21T19:00:00Z,2026-01-21T12:00:00Z,2026-01-22T19:00:00Z,24,0.915931,hgb-jan-eval-train-before-20260101,false
1,2026-01-21T19:00:00Z,2026-01-21T12:00:00Z,2026-01-22T20:00:00Z,25,0.869961,hgb-jan-eval-train-before-20260101,false
1,2026-01-21T19:00:00Z,2026-01-21T12:00:00Z,2026-01-22T21:00:00Z,26,0.839199,hgb-jan-eval-train-before-20260101,false
1,2026-01-21T19:00:00Z,2026-01-21T12:00:00Z,2026-01-22T22:00:00Z,27,0.789579,hgb-jan-eval-train-before-20260101,false
1,2026-01-21T19:00:00Z,2026-01-21T12:00:00Z,2026-01-22T23:00:00Z,28,0.748868,hgb-jan-eval-train-before-20260101,false
1,2026-01-21T19:00:00Z,2026-01-21T12:00:00Z,2026-01-23T00:00:00Z,29,0.592704,hgb-jan-eval-train-before-20260101,false
1,2026-01-21T19:00:00Z,2026-01-21T12:00:00Z,2026-01-23T01:00:00Z,30,0.454786,hgb-jan-eval-train-before-20260101,false
1,2026-01-21T19:00:00Z,2026-01-21T12:00:00Z,2026-01-23T02:00:00Z,31,0.429952,hgb-jan-eval-train-before-20260101,false
1,2026-01-21T19:00:00Z,2026-01-21T12:00:00Z,2026-01-23T03:00:00Z,32,0.288612,hgb-jan-eval-train-before-20260101,false
1,2026-01-21T19:00:00Z,2026-01-21T12:00:00Z,2026-01-23T04:00:00Z,33,0.343388,hgb-jan-eval-train-before-20260101,false
1,2026-01-21T19:00:00Z,2026-01-21T12:00:00Z,2026-01-23T05:00:00Z,34,0.294431,hgb-jan-eval-train-before-20260101,false
1,2026-01-21T19:00:00Z,2026-01-21T12:00:00Z,2026-01-23T06:00:00Z,35,0.035165,hgb-jan-eval-train-before-20260101,false
1,2026-01-21T19:00:00Z,2026-01-21T12:00:00Z,2026-01-23T07:00:00Z,36,0.037082,hgb-jan-eval-train-before-20260101,false
1,2026-01-21T19:00:00Z,2026-01-21T12:00:00Z,2026-01-23T08:00:00Z,37,0.016563,hgb-jan-eval-train-before-20260101,false
1,2026-01-21T19:00:00Z,2026-01-21T12:00:00Z,2026-01-23T09:00:00Z,38,0.079951,hgb-jan-eval-train-before-20260101,false
1,2026-01-21T19:00:00Z,2026-01-21T12:00:00Z,2026-01-23T10:00:00Z,39,0.413038,hgb-jan-eval-train-before-20260101,false
1,2026-01-21T19:00:00Z,2026-01-21T12:00:00Z,2026-01-23T11:00:00Z,40,0.583844,hgb-jan-eval-train-before-20260101,false
1,2026-01-21T19:00:00Z,2026-01-21T12:00:00Z,2026-01-23T12:00:00Z,41,0.489678,hgb-jan-eval-train-before-20260101,false
1,2026-01-21T19:00:00Z,2026-01-21T12:00:00Z,2026-01-23T13:00:00Z,42,0.580880,hgb-jan-eval-train-before-20260101,false
1,2026-01-21T19:00:00Z,2026-01-21T12:00:00Z,2026-01-23T14:00:00Z,43,0.716514,hgb-jan-eval-train-before-20260101,false
1,2026-01-21T19:00:00Z,2026-01-21T12:00:00Z,2026-01-23T15:00:00Z,44,0.606458,hgb-jan-eval-train-before-20260101,false
1,2026-01-21T19:00:00Z,2026-01-21T12:00:00Z,2026-01-23T16:00:00Z,45,0.553030,hgb-jan-eval-train-before-20260101,false
1,2026-01-21T19:00:00Z,2026-01-21T12:00:00Z,2026-01-23T17:00:00Z,46,0.642594,hgb-jan-eval-train-before-20260101,false
1,2026-01-21T19:00:00Z,2026-01-21T12:00:00Z,2026-01-23T18:00:00Z,47,0.639875,hgb-jan-eval-train-before-20260101,false
1,2026-01-21T19:00:00Z,2026-01-21T12:00:00Z,2026-01-23T19:00:00Z,48,0.465358,hgb-jan-eval-train-before-20260101,false
2,2026-01-21T19:00:00Z,2026-01-21T12:00:00Z,2026-01-21T20:00:00Z,1,0.761292,hgb-jan-eval-train-before-20260101,false
2,2026-01-21T19:00:00Z,2026-01-21T12:00:00Z,2026-01-21T21:00:00Z,2,0.848976,hgb-jan-eval-train-before-20260101,false
2,2026-01-21T19:00:00Z,2026-01-21T12:00:00Z,2026-01-21T22:00:00Z,3,0.814741,hgb-jan-eval-train-before-20260101,false
2,2026-01-21T19:00:00Z,2026-01-21T12:00:00Z,2026-01-21T23:00:00Z,4,0.629433,hgb-jan-eval-train-before-20260101,false
2,2026-01-21T19:00:00Z,2026-01-21T12:00:00Z,2026-01-22T00:00:00Z,5,0.290155,hgb-jan-eval-train-before-20260101,false
2,2026-01-21T19:00:00Z,2026-01-21T12:00:00Z,2026-01-22T01:00:00Z,6,0.559218,hgb-jan-eval-train-before-20260101,false
2,2026-01-21T19:00:00Z,2026-01-21T12:00:00Z,2026-01-22T02:00:00Z,7,0.740694,hgb-jan-eval-train-before-20260101,false
2,2026-01-21T19:00:00Z,2026-01-21T12:00:00Z,2026-01-22T03:00:00Z,8,0.767676,hgb-jan-eval-train-before-20260101,false
2,2026-01-21T19:00:00Z,2026-01-21T12:00:00Z,2026-01-22T04:00:00Z,9,0.698088,hgb-jan-eval-train-before-20260101,false
2,2026-01-21T19:00:00Z,2026-01-21T12:00:00Z,2026-01-22T05:00:00Z,10,0.183359,hgb-jan-eval-train-before-20260101,false
2,2026-01-21T19:00:00Z,2026-01-21T12:00:00Z,2026-01-22T06:00:00Z,11,0.147200,hgb-jan-eval-train-before-20260101,false
2,2026-01-21T19:00:00Z,2026-01-21T12:00:00Z,2026-01-22T07:00:00Z,12,0.275098,hgb-jan-eval-train-before-20260101,false
2,2026-01-21T19:00:00Z,2026-01-21T12:00:00Z,2026-01-22T08:00:00Z,13,0.061835,hgb-jan-eval-train-before-20260101,false
2,2026-01-21T19:00:00Z,2026-01-21T12:00:00Z,2026-01-22T09:00:00Z,14,0.029926,hgb-jan-eval-train-before-20260101,false
2,2026-01-21T19:00:00Z,2026-01-21T12:00:00Z,2026-01-22T10:00:00Z,15,0.304332,hgb-jan-eval-train-before-20260101,false
2,2026-01-21T19:00:00Z,2026-01-21T12:00:00Z,2026-01-22T11:00:00Z,16,0.594295,hgb-jan-eval-train-before-20260101,false
2,2026-01-21T19:00:00Z,2026-01-21T12:00:00Z,2026-01-22T12:00:00Z,17,0.750738,hgb-jan-eval-train-before-20260101,false
2,2026-01-21T19:00:00Z,2026-01-21T12:00:00Z,2026-01-22T13:00:00Z,18,0.777381,hgb-jan-eval-train-before-20260101,false
2,2026-01-21T19:00:00Z,2026-01-21T12:00:00Z,2026-01-22T14:00:00Z,19,0.652002,hgb-jan-eval-train-before-20260101,false
2,2026-01-21T19:00:00Z,2026-01-21T12:00:00Z,2026-01-22T15:00:00Z,20,0.820173,hgb-jan-eval-train-before-20260101,false
2,2026-01-21T19:00:00Z,2026-01-21T12:00:00Z,2026-01-22T16:00:00Z,21,0.927540,hgb-jan-eval-train-before-20260101,false
2,2026-01-21T19:00:00Z,2026-01-21T12:00:00Z,2026-01-22T17:00:00Z,22,0.922326,hgb-jan-eval-train-before-20260101,false
2,2026-01-21T19:00:00Z,2026-01-21T12:00:00Z,2026-01-22T18:00:00Z,23,0.928726,hgb-jan-eval-train-before-20260101,false
2,2026-01-21T19:00:00Z,2026-01-21T12:00:00Z,2026-01-22T19:00:00Z,24,0.916653,hgb-jan-eval-train-before-20260101,false
2,2026-01-21T19:00:00Z,2026-01-21T12:00:00Z,2026-01-22T20:00:00Z,25,0.871274,hgb-jan-eval-train-before-20260101,false
2,2026-01-21T19:00:00Z,2026-01-21T12:00:00Z,2026-01-22T21:00:00Z,26,0.840513,hgb-jan-eval-train-before-20260101,false
2,2026-01-21T19:00:00Z,2026-01-21T12:00:00Z,2026-01-22T22:00:00Z,27,0.790893,hgb-jan-eval-train-before-20260101,false
2,2026-01-21T19:00:00Z,2026-01-21T12:00:00Z,2026-01-22T23:00:00Z,28,0.750182,hgb-jan-eval-train-before-20260101,false
2,2026-01-21T19:00:00Z,2026-01-21T12:00:00Z,2026-01-23T00:00:00Z,29,0.592323,hgb-jan-eval-train-before-20260101,false
2,2026-01-21T19:00:00Z,2026-01-21T12:00:00Z,2026-01-23T01:00:00Z,30,0.454405,hgb-jan-eval-train-before-20260101,false
2,2026-01-21T19:00:00Z,2026-01-21T12:00:00Z,2026-01-23T02:00:00Z,31,0.429571,hgb-jan-eval-train-before-20260101,false
2,2026-01-21T19:00:00Z,2026-01-21T12:00:00Z,2026-01-23T03:00:00Z,32,0.288275,hgb-jan-eval-train-before-20260101,false
2,2026-01-21T19:00:00Z,2026-01-21T12:00:00Z,2026-01-23T04:00:00Z,33,0.343051,hgb-jan-eval-train-before-20260101,false
2,2026-01-21T19:00:00Z,2026-01-21T12:00:00Z,2026-01-23T05:00:00Z,34,0.294145,hgb-jan-eval-train-before-20260101,false
2,2026-01-21T19:00:00Z,2026-01-21T12:00:00Z,2026-01-23T06:00:00Z,35,0.034879,hgb-jan-eval-train-before-20260101,false
2,2026-01-21T19:00:00Z,2026-01-21T12:00:00Z,2026-01-23T07:00:00Z,36,0.036745,hgb-jan-eval-train-before-20260101,false
2,2026-01-21T19:00:00Z,2026-01-21T12:00:00Z,2026-01-23T08:00:00Z,37,0.016226,hgb-jan-eval-train-before-20260101,false
2,2026-01-21T19:00:00Z,2026-01-21T12:00:00Z,2026-01-23T09:00:00Z,38,0.079614,hgb-jan-eval-train-before-20260101,false
2,2026-01-21T19:00:00Z,2026-01-21T12:00:00Z,2026-01-23T10:00:00Z,39,0.412752,hgb-jan-eval-train-before-20260101,false
2,2026-01-21T19:00:00Z,2026-01-21T12:00:00Z,2026-01-23T11:00:00Z,40,0.583558,hgb-jan-eval-train-before-20260101,false
2,2026-01-21T19:00:00Z,2026-01-21T12:00:00Z,2026-01-23T12:00:00Z,41,0.489297,hgb-jan-eval-train-before-20260101,false
2,2026-01-21T19:00:00Z,2026-01-21T12:00:00Z,2026-01-23T13:00:00Z,42,0.580499,hgb-jan-eval-train-before-20260101,false
2,2026-01-21T19:00:00Z,2026-01-21T12:00:00Z,2026-01-23T14:00:00Z,43,0.716133,hgb-jan-eval-train-before-20260101,false
2,2026-01-21T19:00:00Z,2026-01-21T12:00:00Z,2026-01-23T15:00:00Z,44,0.606077,hgb-jan-eval-train-before-20260101,false
2,2026-01-21T19:00:00Z,2026-01-21T12:00:00Z,2026-01-23T16:00:00Z,45,0.552597,hgb-jan-eval-train-before-20260101,false
2,2026-01-21T19:00:00Z,2026-01-21T12:00:00Z,2026-01-23T17:00:00Z,46,0.642213,hgb-jan-eval-train-before-20260101,false
2,2026-01-21T19:00:00Z,2026-01-21T12:00:00Z,2026-01-23T18:00:00Z,47,0.639494,hgb-jan-eval-train-before-20260101,false
2,2026-01-21T19:00:00Z,2026-01-21T12:00:00Z,2026-01-23T19:00:00Z,48,0.464977,hgb-jan-eval-train-before-20260101,false
1,2026-01-22T19:00:00Z,2026-01-22T12:00:00Z,2026-01-22T20:00:00Z,1,0.928498,hgb-jan-eval-train-before-20260101,false
1,2026-01-22T19:00:00Z,2026-01-22T12:00:00Z,2026-01-22T21:00:00Z,2,0.947725,hgb-jan-eval-train-before-20260101,false
1,2026-01-22T19:00:00Z,2026-01-22T12:00:00Z,2026-01-22T22:00:00Z,3,0.825524,hgb-jan-eval-train-before-20260101,false
1,2026-01-22T19:00:00Z,2026-01-22T12:00:00Z,2026-01-22T23:00:00Z,4,0.855247,hgb-jan-eval-train-before-20260101,false
1,2026-01-22T19:00:00Z,2026-01-22T12:00:00Z,2026-01-23T00:00:00Z,5,0.615689,hgb-jan-eval-train-before-20260101,false
1,2026-01-22T19:00:00Z,2026-01-22T12:00:00Z,2026-01-23T01:00:00Z,6,0.599034,hgb-jan-eval-train-before-20260101,false
1,2026-01-22T19:00:00Z,2026-01-22T12:00:00Z,2026-01-23T02:00:00Z,7,0.567760,hgb-jan-eval-train-before-20260101,false
1,2026-01-22T19:00:00Z,2026-01-22T12:00:00Z,2026-01-23T03:00:00Z,8,0.592139,hgb-jan-eval-train-before-20260101,false
1,2026-01-22T19:00:00Z,2026-01-22T12:00:00Z,2026-01-23T04:00:00Z,9,0.722049,hgb-jan-eval-train-before-20260101,false
1,2026-01-22T19:00:00Z,2026-01-22T12:00:00Z,2026-01-23T05:00:00Z,10,0.586716,hgb-jan-eval-train-before-20260101,false
1,2026-01-22T19:00:00Z,2026-01-22T12:00:00Z,2026-01-23T06:00:00Z,11,0.398215,hgb-jan-eval-train-before-20260101,false
1,2026-01-22T19:00:00Z,2026-01-22T12:00:00Z,2026-01-23T07:00:00Z,12,0.325379,hgb-jan-eval-train-before-20260101,false
1,2026-01-22T19:00:00Z,2026-01-22T12:00:00Z,2026-01-23T08:00:00Z,13,0.155323,hgb-jan-eval-train-before-20260101,false
1,2026-01-22T19:00:00Z,2026-01-22T12:00:00Z,2026-01-23T09:00:00Z,14,0.115556,hgb-jan-eval-train-before-20260101,false
1,2026-01-22T19:00:00Z,2026-01-22T12:00:00Z,2026-01-23T10:00:00Z,15,0.113836,hgb-jan-eval-train-before-20260101,false
1,2026-01-22T19:00:00Z,2026-01-22T12:00:00Z,2026-01-23T11:00:00Z,16,0.162703,hgb-jan-eval-train-before-20260101,false
1,2026-01-22T19:00:00Z,2026-01-22T12:00:00Z,2026-01-23T12:00:00Z,17,0.275272,hgb-jan-eval-train-before-20260101,false
1,2026-01-22T19:00:00Z,2026-01-22T12:00:00Z,2026-01-23T13:00:00Z,18,0.183201,hgb-jan-eval-train-before-20260101,false
1,2026-01-22T19:00:00Z,2026-01-22T12:00:00Z,2026-01-23T14:00:00Z,19,0.500127,hgb-jan-eval-train-before-20260101,false
1,2026-01-22T19:00:00Z,2026-01-22T12:00:00Z,2026-01-23T15:00:00Z,20,0.542582,hgb-jan-eval-train-before-20260101,false
1,2026-01-22T19:00:00Z,2026-01-22T12:00:00Z,2026-01-23T16:00:00Z,21,0.439577,hgb-jan-eval-train-before-20260101,false
1,2026-01-22T19:00:00Z,2026-01-22T12:00:00Z,2026-01-23T17:00:00Z,22,0.385773,hgb-jan-eval-train-before-20260101,false
1,2026-01-22T19:00:00Z,2026-01-22T12:00:00Z,2026-01-23T18:00:00Z,23,0.363224,hgb-jan-eval-train-before-20260101,false
1,2026-01-22T19:00:00Z,2026-01-22T12:00:00Z,2026-01-23T19:00:00Z,24,0.308603,hgb-jan-eval-train-before-20260101,false
1,2026-01-22T19:00:00Z,2026-01-22T12:00:00Z,2026-01-23T20:00:00Z,25,0.116373,hgb-jan-eval-train-before-20260101,false
1,2026-01-22T19:00:00Z,2026-01-22T12:00:00Z,2026-01-23T21:00:00Z,26,0.023080,hgb-jan-eval-train-before-20260101,false
1,2026-01-22T19:00:00Z,2026-01-22T12:00:00Z,2026-01-23T22:00:00Z,27,0.023644,hgb-jan-eval-train-before-20260101,false
1,2026-01-22T19:00:00Z,2026-01-22T12:00:00Z,2026-01-23T23:00:00Z,28,0.113429,hgb-jan-eval-train-before-20260101,false
1,2026-01-22T19:00:00Z,2026-01-22T12:00:00Z,2026-01-24T00:00:00Z,29,0.356942,hgb-jan-eval-train-before-20260101,false
1,2026-01-22T19:00:00Z,2026-01-22T12:00:00Z,2026-01-24T01:00:00Z,30,0.414942,hgb-jan-eval-train-before-20260101,false
1,2026-01-22T19:00:00Z,2026-01-22T12:00:00Z,2026-01-24T02:00:00Z,31,0.403240,hgb-jan-eval-train-before-20260101,false
1,2026-01-22T19:00:00Z,2026-01-22T12:00:00Z,2026-01-24T03:00:00Z,32,0.609625,hgb-jan-eval-train-before-20260101,false
1,2026-01-22T19:00:00Z,2026-01-22T12:00:00Z,2026-01-24T04:00:00Z,33,0.724718,hgb-jan-eval-train-before-20260101,false
1,2026-01-22T19:00:00Z,2026-01-22T12:00:00Z,2026-01-24T05:00:00Z,34,0.806121,hgb-jan-eval-train-before-20260101,false
1,2026-01-22T19:00:00Z,2026-01-22T12:00:00Z,2026-01-24T06:00:00Z,35,0.972550,hgb-jan-eval-train-before-20260101,false
1,2026-01-22T19:00:00Z,2026-01-22T12:00:00Z,2026-01-24T07:00:00Z,36,0.979466,hgb-jan-eval-train-before-20260101,false
1,2026-01-22T19:00:00Z,2026-01-22T12:00:00Z,2026-01-24T08:00:00Z,37,0.978299,hgb-jan-eval-train-before-20260101,false
1,2026-01-22T19:00:00Z,2026-01-22T12:00:00Z,2026-01-24T09:00:00Z,38,0.986748,hgb-jan-eval-train-before-20260101,false
1,2026-01-22T19:00:00Z,2026-01-22T12:00:00Z,2026-01-24T10:00:00Z,39,0.984619,hgb-jan-eval-train-before-20260101,false
1,2026-01-22T19:00:00Z,2026-01-22T12:00:00Z,2026-01-24T11:00:00Z,40,0.981618,hgb-jan-eval-train-before-20260101,false
1,2026-01-22T19:00:00Z,2026-01-22T12:00:00Z,2026-01-24T12:00:00Z,41,0.970230,hgb-jan-eval-train-before-20260101,false
1,2026-01-22T19:00:00Z,2026-01-22T12:00:00Z,2026-01-24T13:00:00Z,42,0.977620,hgb-jan-eval-train-before-20260101,false
1,2026-01-22T19:00:00Z,2026-01-22T12:00:00Z,2026-01-24T14:00:00Z,43,0.987970,hgb-jan-eval-train-before-20260101,false
1,2026-01-22T19:00:00Z,2026-01-22T12:00:00Z,2026-01-24T15:00:00Z,44,0.950295,hgb-jan-eval-train-before-20260101,false
1,2026-01-22T19:00:00Z,2026-01-22T12:00:00Z,2026-01-24T16:00:00Z,45,0.971363,hgb-jan-eval-train-before-20260101,false
1,2026-01-22T19:00:00Z,2026-01-22T12:00:00Z,2026-01-24T17:00:00Z,46,0.968403,hgb-jan-eval-train-before-20260101,false
1,2026-01-22T19:00:00Z,2026-01-22T12:00:00Z,2026-01-24T18:00:00Z,47,0.978564,hgb-jan-eval-train-before-20260101,false
1,2026-01-22T19:00:00Z,2026-01-22T12:00:00Z,2026-01-24T19:00:00Z,48,0.973727,hgb-jan-eval-train-before-20260101,false
2,2026-01-22T19:00:00Z,2026-01-22T12:00:00Z,2026-01-22T20:00:00Z,1,0.928529,hgb-jan-eval-train-before-20260101,false
2,2026-01-22T19:00:00Z,2026-01-22T12:00:00Z,2026-01-22T21:00:00Z,2,0.949038,hgb-jan-eval-train-before-20260101,false
2,2026-01-22T19:00:00Z,2026-01-22T12:00:00Z,2026-01-22T22:00:00Z,3,0.826838,hgb-jan-eval-train-before-20260101,false
2,2026-01-22T19:00:00Z,2026-01-22T12:00:00Z,2026-01-22T23:00:00Z,4,0.856561,hgb-jan-eval-train-before-20260101,false
2,2026-01-22T19:00:00Z,2026-01-22T12:00:00Z,2026-01-23T00:00:00Z,5,0.617003,hgb-jan-eval-train-before-20260101,false
2,2026-01-22T19:00:00Z,2026-01-22T12:00:00Z,2026-01-23T01:00:00Z,6,0.598653,hgb-jan-eval-train-before-20260101,false
2,2026-01-22T19:00:00Z,2026-01-22T12:00:00Z,2026-01-23T02:00:00Z,7,0.567379,hgb-jan-eval-train-before-20260101,false
2,2026-01-22T19:00:00Z,2026-01-22T12:00:00Z,2026-01-23T03:00:00Z,8,0.591853,hgb-jan-eval-train-before-20260101,false
2,2026-01-22T19:00:00Z,2026-01-22T12:00:00Z,2026-01-23T04:00:00Z,9,0.723458,hgb-jan-eval-train-before-20260101,false
2,2026-01-22T19:00:00Z,2026-01-22T12:00:00Z,2026-01-23T05:00:00Z,10,0.588125,hgb-jan-eval-train-before-20260101,false
2,2026-01-22T19:00:00Z,2026-01-22T12:00:00Z,2026-01-23T06:00:00Z,11,0.397929,hgb-jan-eval-train-before-20260101,false
2,2026-01-22T19:00:00Z,2026-01-22T12:00:00Z,2026-01-23T07:00:00Z,12,0.325093,hgb-jan-eval-train-before-20260101,false
2,2026-01-22T19:00:00Z,2026-01-22T12:00:00Z,2026-01-23T08:00:00Z,13,0.154986,hgb-jan-eval-train-before-20260101,false
2,2026-01-22T19:00:00Z,2026-01-22T12:00:00Z,2026-01-23T09:00:00Z,14,0.115218,hgb-jan-eval-train-before-20260101,false
2,2026-01-22T19:00:00Z,2026-01-22T12:00:00Z,2026-01-23T10:00:00Z,15,0.113499,hgb-jan-eval-train-before-20260101,false
2,2026-01-22T19:00:00Z,2026-01-22T12:00:00Z,2026-01-23T11:00:00Z,16,0.162366,hgb-jan-eval-train-before-20260101,false
2,2026-01-22T19:00:00Z,2026-01-22T12:00:00Z,2026-01-23T12:00:00Z,17,0.274840,hgb-jan-eval-train-before-20260101,false
2,2026-01-22T19:00:00Z,2026-01-22T12:00:00Z,2026-01-23T13:00:00Z,18,0.182768,hgb-jan-eval-train-before-20260101,false
2,2026-01-22T19:00:00Z,2026-01-22T12:00:00Z,2026-01-23T14:00:00Z,19,0.499695,hgb-jan-eval-train-before-20260101,false
2,2026-01-22T19:00:00Z,2026-01-22T12:00:00Z,2026-01-23T15:00:00Z,20,0.542149,hgb-jan-eval-train-before-20260101,false
2,2026-01-22T19:00:00Z,2026-01-22T12:00:00Z,2026-01-23T16:00:00Z,21,0.439144,hgb-jan-eval-train-before-20260101,false
2,2026-01-22T19:00:00Z,2026-01-22T12:00:00Z,2026-01-23T17:00:00Z,22,0.385340,hgb-jan-eval-train-before-20260101,false
2,2026-01-22T19:00:00Z,2026-01-22T12:00:00Z,2026-01-23T18:00:00Z,23,0.362792,hgb-jan-eval-train-before-20260101,false
2,2026-01-22T19:00:00Z,2026-01-22T12:00:00Z,2026-01-23T19:00:00Z,24,0.308171,hgb-jan-eval-train-before-20260101,false
2,2026-01-22T19:00:00Z,2026-01-22T12:00:00Z,2026-01-23T20:00:00Z,25,0.115940,hgb-jan-eval-train-before-20260101,false
2,2026-01-22T19:00:00Z,2026-01-22T12:00:00Z,2026-01-23T21:00:00Z,26,0.022648,hgb-jan-eval-train-before-20260101,false
2,2026-01-22T19:00:00Z,2026-01-22T12:00:00Z,2026-01-23T22:00:00Z,27,0.023212,hgb-jan-eval-train-before-20260101,false
2,2026-01-22T19:00:00Z,2026-01-22T12:00:00Z,2026-01-23T23:00:00Z,28,0.112367,hgb-jan-eval-train-before-20260101,false
2,2026-01-22T19:00:00Z,2026-01-22T12:00:00Z,2026-01-24T00:00:00Z,29,0.355880,hgb-jan-eval-train-before-20260101,false
2,2026-01-22T19:00:00Z,2026-01-22T12:00:00Z,2026-01-24T01:00:00Z,30,0.413879,hgb-jan-eval-train-before-20260101,false
2,2026-01-22T19:00:00Z,2026-01-22T12:00:00Z,2026-01-24T02:00:00Z,31,0.402177,hgb-jan-eval-train-before-20260101,false
2,2026-01-22T19:00:00Z,2026-01-22T12:00:00Z,2026-01-24T03:00:00Z,32,0.608658,hgb-jan-eval-train-before-20260101,false
2,2026-01-22T19:00:00Z,2026-01-22T12:00:00Z,2026-01-24T04:00:00Z,33,0.723803,hgb-jan-eval-train-before-20260101,false
2,2026-01-22T19:00:00Z,2026-01-22T12:00:00Z,2026-01-24T05:00:00Z,34,0.807480,hgb-jan-eval-train-before-20260101,false
2,2026-01-22T19:00:00Z,2026-01-22T12:00:00Z,2026-01-24T06:00:00Z,35,0.966821,hgb-jan-eval-train-before-20260101,false
2,2026-01-22T19:00:00Z,2026-01-22T12:00:00Z,2026-01-24T07:00:00Z,36,0.972158,hgb-jan-eval-train-before-20260101,false
2,2026-01-22T19:00:00Z,2026-01-22T12:00:00Z,2026-01-24T08:00:00Z,37,0.972032,hgb-jan-eval-train-before-20260101,false
2,2026-01-22T19:00:00Z,2026-01-22T12:00:00Z,2026-01-24T09:00:00Z,38,0.980053,hgb-jan-eval-train-before-20260101,false
2,2026-01-22T19:00:00Z,2026-01-22T12:00:00Z,2026-01-24T10:00:00Z,39,0.977493,hgb-jan-eval-train-before-20260101,false
2,2026-01-22T19:00:00Z,2026-01-22T12:00:00Z,2026-01-24T11:00:00Z,40,0.977516,hgb-jan-eval-train-before-20260101,false
2,2026-01-22T19:00:00Z,2026-01-22T12:00:00Z,2026-01-24T12:00:00Z,41,0.967468,hgb-jan-eval-train-before-20260101,false
2,2026-01-22T19:00:00Z,2026-01-22T12:00:00Z,2026-01-24T13:00:00Z,42,0.974560,hgb-jan-eval-train-before-20260101,false
2,2026-01-22T19:00:00Z,2026-01-22T12:00:00Z,2026-01-24T14:00:00Z,43,0.984910,hgb-jan-eval-train-before-20260101,false
2,2026-01-22T19:00:00Z,2026-01-22T12:00:00Z,2026-01-24T15:00:00Z,44,0.947348,hgb-jan-eval-train-before-20260101,false
2,2026-01-22T19:00:00Z,2026-01-22T12:00:00Z,2026-01-24T16:00:00Z,45,0.972298,hgb-jan-eval-train-before-20260101,false
2,2026-01-22T19:00:00Z,2026-01-22T12:00:00Z,2026-01-24T17:00:00Z,46,0.969338,hgb-jan-eval-train-before-20260101,false
2,2026-01-22T19:00:00Z,2026-01-22T12:00:00Z,2026-01-24T18:00:00Z,47,0.977553,hgb-jan-eval-train-before-20260101,false
2,2026-01-22T19:00:00Z,2026-01-22T12:00:00Z,2026-01-24T19:00:00Z,48,0.972716,hgb-jan-eval-train-before-20260101,false
1,2026-01-23T19:00:00Z,2026-01-23T12:00:00Z,2026-01-23T20:00:00Z,1,0.015371,hgb-jan-eval-train-before-20260101,false
1,2026-01-23T19:00:00Z,2026-01-23T12:00:00Z,2026-01-23T21:00:00Z,2,0.002474,hgb-jan-eval-train-before-20260101,false
1,2026-01-23T19:00:00Z,2026-01-23T12:00:00Z,2026-01-23T22:00:00Z,3,0.353986,hgb-jan-eval-train-before-20260101,false
1,2026-01-23T19:00:00Z,2026-01-23T12:00:00Z,2026-01-23T23:00:00Z,4,0.319249,hgb-jan-eval-train-before-20260101,false
1,2026-01-23T19:00:00Z,2026-01-23T12:00:00Z,2026-01-24T00:00:00Z,5,0.397607,hgb-jan-eval-train-before-20260101,false
1,2026-01-23T19:00:00Z,2026-01-23T12:00:00Z,2026-01-24T01:00:00Z,6,0.330219,hgb-jan-eval-train-before-20260101,false
1,2026-01-23T19:00:00Z,2026-01-23T12:00:00Z,2026-01-24T02:00:00Z,7,0.651094,hgb-jan-eval-train-before-20260101,false
1,2026-01-23T19:00:00Z,2026-01-23T12:00:00Z,2026-01-24T03:00:00Z,8,0.862622,hgb-jan-eval-train-before-20260101,false
1,2026-01-23T19:00:00Z,2026-01-23T12:00:00Z,2026-01-24T04:00:00Z,9,0.904964,hgb-jan-eval-train-before-20260101,false
1,2026-01-23T19:00:00Z,2026-01-23T12:00:00Z,2026-01-24T05:00:00Z,10,0.964457,hgb-jan-eval-train-before-20260101,false
1,2026-01-23T19:00:00Z,2026-01-23T12:00:00Z,2026-01-24T06:00:00Z,11,0.980317,hgb-jan-eval-train-before-20260101,false
1,2026-01-23T19:00:00Z,2026-01-23T12:00:00Z,2026-01-24T07:00:00Z,12,0.978714,hgb-jan-eval-train-before-20260101,false
1,2026-01-23T19:00:00Z,2026-01-23T12:00:00Z,2026-01-24T08:00:00Z,13,0.980321,hgb-jan-eval-train-before-20260101,false
1,2026-01-23T19:00:00Z,2026-01-23T12:00:00Z,2026-01-24T09:00:00Z,14,0.987608,hgb-jan-eval-train-before-20260101,false
1,2026-01-23T19:00:00Z,2026-01-23T12:00:00Z,2026-01-24T10:00:00Z,15,0.987742,hgb-jan-eval-train-before-20260101,false
1,2026-01-23T19:00:00Z,2026-01-23T12:00:00Z,2026-01-24T11:00:00Z,16,0.988040,hgb-jan-eval-train-before-20260101,false
1,2026-01-23T19:00:00Z,2026-01-23T12:00:00Z,2026-01-24T12:00:00Z,17,0.991104,hgb-jan-eval-train-before-20260101,false
1,2026-01-23T19:00:00Z,2026-01-23T12:00:00Z,2026-01-24T13:00:00Z,18,0.973941,hgb-jan-eval-train-before-20260101,false
1,2026-01-23T19:00:00Z,2026-01-23T12:00:00Z,2026-01-24T14:00:00Z,19,0.973864,hgb-jan-eval-train-before-20260101,false
1,2026-01-23T19:00:00Z,2026-01-23T12:00:00Z,2026-01-24T15:00:00Z,20,0.966873,hgb-jan-eval-train-before-20260101,false
1,2026-01-23T19:00:00Z,2026-01-23T12:00:00Z,2026-01-24T16:00:00Z,21,0.973748,hgb-jan-eval-train-before-20260101,false
1,2026-01-23T19:00:00Z,2026-01-23T12:00:00Z,2026-01-24T17:00:00Z,22,0.951285,hgb-jan-eval-train-before-20260101,false
1,2026-01-23T19:00:00Z,2026-01-23T12:00:00Z,2026-01-24T18:00:00Z,23,0.933567,hgb-jan-eval-train-before-20260101,false
1,2026-01-23T19:00:00Z,2026-01-23T12:00:00Z,2026-01-24T19:00:00Z,24,0.857872,hgb-jan-eval-train-before-20260101,false
1,2026-01-23T19:00:00Z,2026-01-23T12:00:00Z,2026-01-24T20:00:00Z,25,0.804825,hgb-jan-eval-train-before-20260101,false
1,2026-01-23T19:00:00Z,2026-01-23T12:00:00Z,2026-01-24T21:00:00Z,26,0.799198,hgb-jan-eval-train-before-20260101,false
1,2026-01-23T19:00:00Z,2026-01-23T12:00:00Z,2026-01-24T22:00:00Z,27,0.777752,hgb-jan-eval-train-before-20260101,false
1,2026-01-23T19:00:00Z,2026-01-23T12:00:00Z,2026-01-24T23:00:00Z,28,0.610523,hgb-jan-eval-train-before-20260101,false
1,2026-01-23T19:00:00Z,2026-01-23T12:00:00Z,2026-01-25T00:00:00Z,29,0.263516,hgb-jan-eval-train-before-20260101,false
1,2026-01-23T19:00:00Z,2026-01-23T12:00:00Z,2026-01-25T01:00:00Z,30,0.024574,hgb-jan-eval-train-before-20260101,false
1,2026-01-23T19:00:00Z,2026-01-23T12:00:00Z,2026-01-25T02:00:00Z,31,0.011170,hgb-jan-eval-train-before-20260101,false
1,2026-01-23T19:00:00Z,2026-01-23T12:00:00Z,2026-01-25T03:00:00Z,32,0.013851,hgb-jan-eval-train-before-20260101,false
1,2026-01-23T19:00:00Z,2026-01-23T12:00:00Z,2026-01-25T04:00:00Z,33,0.012862,hgb-jan-eval-train-before-20260101,false
1,2026-01-23T19:00:00Z,2026-01-23T12:00:00Z,2026-01-25T05:00:00Z,34,0.010833,hgb-jan-eval-train-before-20260101,false
1,2026-01-23T19:00:00Z,2026-01-23T12:00:00Z,2026-01-25T06:00:00Z,35,0.009670,hgb-jan-eval-train-before-20260101,false
1,2026-01-23T19:00:00Z,2026-01-23T12:00:00Z,2026-01-25T07:00:00Z,36,0.012391,hgb-jan-eval-train-before-20260101,false
1,2026-01-23T19:00:00Z,2026-01-23T12:00:00Z,2026-01-25T08:00:00Z,37,0.011390,hgb-jan-eval-train-before-20260101,false
1,2026-01-23T19:00:00Z,2026-01-23T12:00:00Z,2026-01-25T09:00:00Z,38,0.012525,hgb-jan-eval-train-before-20260101,false
1,2026-01-23T19:00:00Z,2026-01-23T12:00:00Z,2026-01-25T10:00:00Z,39,0.037831,hgb-jan-eval-train-before-20260101,false
1,2026-01-23T19:00:00Z,2026-01-23T12:00:00Z,2026-01-25T11:00:00Z,40,0.269702,hgb-jan-eval-train-before-20260101,false
1,2026-01-23T19:00:00Z,2026-01-23T12:00:00Z,2026-01-25T12:00:00Z,41,0.343353,hgb-jan-eval-train-before-20260101,false
1,2026-01-23T19:00:00Z,2026-01-23T12:00:00Z,2026-01-25T13:00:00Z,42,0.118814,hgb-jan-eval-train-before-20260101,false
1,2026-01-23T19:00:00Z,2026-01-23T12:00:00Z,2026-01-25T14:00:00Z,43,0.041173,hgb-jan-eval-train-before-20260101,false
1,2026-01-23T19:00:00Z,2026-01-23T12:00:00Z,2026-01-25T15:00:00Z,44,0.024136,hgb-jan-eval-train-before-20260101,false
1,2026-01-23T19:00:00Z,2026-01-23T12:00:00Z,2026-01-25T16:00:00Z,45,0.064599,hgb-jan-eval-train-before-20260101,false
1,2026-01-23T19:00:00Z,2026-01-23T12:00:00Z,2026-01-25T17:00:00Z,46,0.041728,hgb-jan-eval-train-before-20260101,false
1,2026-01-23T19:00:00Z,2026-01-23T12:00:00Z,2026-01-25T18:00:00Z,47,0.016857,hgb-jan-eval-train-before-20260101,false
1,2026-01-23T19:00:00Z,2026-01-23T12:00:00Z,2026-01-25T19:00:00Z,48,0.009458,hgb-jan-eval-train-before-20260101,false
2,2026-01-23T19:00:00Z,2026-01-23T12:00:00Z,2026-01-23T20:00:00Z,1,0.014939,hgb-jan-eval-train-before-20260101,false
2,2026-01-23T19:00:00Z,2026-01-23T12:00:00Z,2026-01-23T21:00:00Z,2,0.002042,hgb-jan-eval-train-before-20260101,false
2,2026-01-23T19:00:00Z,2026-01-23T12:00:00Z,2026-01-23T22:00:00Z,3,0.352923,hgb-jan-eval-train-before-20260101,false
2,2026-01-23T19:00:00Z,2026-01-23T12:00:00Z,2026-01-23T23:00:00Z,4,0.318187,hgb-jan-eval-train-before-20260101,false
2,2026-01-23T19:00:00Z,2026-01-23T12:00:00Z,2026-01-24T00:00:00Z,5,0.396545,hgb-jan-eval-train-before-20260101,false
2,2026-01-23T19:00:00Z,2026-01-23T12:00:00Z,2026-01-24T01:00:00Z,6,0.329156,hgb-jan-eval-train-before-20260101,false
2,2026-01-23T19:00:00Z,2026-01-23T12:00:00Z,2026-01-24T02:00:00Z,7,0.650032,hgb-jan-eval-train-before-20260101,false
2,2026-01-23T19:00:00Z,2026-01-23T12:00:00Z,2026-01-24T03:00:00Z,8,0.861706,hgb-jan-eval-train-before-20260101,false
2,2026-01-23T19:00:00Z,2026-01-23T12:00:00Z,2026-01-24T04:00:00Z,9,0.907048,hgb-jan-eval-train-before-20260101,false
2,2026-01-23T19:00:00Z,2026-01-23T12:00:00Z,2026-01-24T05:00:00Z,10,0.966114,hgb-jan-eval-train-before-20260101,false
2,2026-01-23T19:00:00Z,2026-01-23T12:00:00Z,2026-01-24T06:00:00Z,11,0.973779,hgb-jan-eval-train-before-20260101,false
2,2026-01-23T19:00:00Z,2026-01-23T12:00:00Z,2026-01-24T07:00:00Z,12,0.971892,hgb-jan-eval-train-before-20260101,false
2,2026-01-23T19:00:00Z,2026-01-23T12:00:00Z,2026-01-24T08:00:00Z,13,0.973195,hgb-jan-eval-train-before-20260101,false
2,2026-01-23T19:00:00Z,2026-01-23T12:00:00Z,2026-01-24T09:00:00Z,14,0.980766,hgb-jan-eval-train-before-20260101,false
2,2026-01-23T19:00:00Z,2026-01-23T12:00:00Z,2026-01-24T10:00:00Z,15,0.983300,hgb-jan-eval-train-before-20260101,false
2,2026-01-23T19:00:00Z,2026-01-23T12:00:00Z,2026-01-24T11:00:00Z,16,0.985486,hgb-jan-eval-train-before-20260101,false
2,2026-01-23T19:00:00Z,2026-01-23T12:00:00Z,2026-01-24T12:00:00Z,17,0.988044,hgb-jan-eval-train-before-20260101,false
2,2026-01-23T19:00:00Z,2026-01-23T12:00:00Z,2026-01-24T13:00:00Z,18,0.980031,hgb-jan-eval-train-before-20260101,false
2,2026-01-23T19:00:00Z,2026-01-23T12:00:00Z,2026-01-24T14:00:00Z,19,0.979954,hgb-jan-eval-train-before-20260101,false
2,2026-01-23T19:00:00Z,2026-01-23T12:00:00Z,2026-01-24T15:00:00Z,20,0.965982,hgb-jan-eval-train-before-20260101,false
2,2026-01-23T19:00:00Z,2026-01-23T12:00:00Z,2026-01-24T16:00:00Z,21,0.974683,hgb-jan-eval-train-before-20260101,false
2,2026-01-23T19:00:00Z,2026-01-23T12:00:00Z,2026-01-24T17:00:00Z,22,0.950274,hgb-jan-eval-train-before-20260101,false
2,2026-01-23T19:00:00Z,2026-01-23T12:00:00Z,2026-01-24T18:00:00Z,23,0.932556,hgb-jan-eval-train-before-20260101,false
2,2026-01-23T19:00:00Z,2026-01-23T12:00:00Z,2026-01-24T19:00:00Z,24,0.856861,hgb-jan-eval-train-before-20260101,false
2,2026-01-23T19:00:00Z,2026-01-23T12:00:00Z,2026-01-24T20:00:00Z,25,0.803814,hgb-jan-eval-train-before-20260101,false
2,2026-01-23T19:00:00Z,2026-01-23T12:00:00Z,2026-01-24T21:00:00Z,26,0.798187,hgb-jan-eval-train-before-20260101,false
2,2026-01-23T19:00:00Z,2026-01-23T12:00:00Z,2026-01-24T22:00:00Z,27,0.776741,hgb-jan-eval-train-before-20260101,false
2,2026-01-23T19:00:00Z,2026-01-23T12:00:00Z,2026-01-24T23:00:00Z,28,0.609461,hgb-jan-eval-train-before-20260101,false
2,2026-01-23T19:00:00Z,2026-01-23T12:00:00Z,2026-01-25T00:00:00Z,29,0.262454,hgb-jan-eval-train-before-20260101,false
2,2026-01-23T19:00:00Z,2026-01-23T12:00:00Z,2026-01-25T01:00:00Z,30,0.023455,hgb-jan-eval-train-before-20260101,false
2,2026-01-23T19:00:00Z,2026-01-23T12:00:00Z,2026-01-25T02:00:00Z,31,0.010738,hgb-jan-eval-train-before-20260101,false
2,2026-01-23T19:00:00Z,2026-01-23T12:00:00Z,2026-01-25T03:00:00Z,32,0.013513,hgb-jan-eval-train-before-20260101,false
2,2026-01-23T19:00:00Z,2026-01-23T12:00:00Z,2026-01-25T04:00:00Z,33,0.012525,hgb-jan-eval-train-before-20260101,false
2,2026-01-23T19:00:00Z,2026-01-23T12:00:00Z,2026-01-25T05:00:00Z,34,0.010496,hgb-jan-eval-train-before-20260101,false
2,2026-01-23T19:00:00Z,2026-01-23T12:00:00Z,2026-01-25T06:00:00Z,35,0.009332,hgb-jan-eval-train-before-20260101,false
2,2026-01-23T19:00:00Z,2026-01-23T12:00:00Z,2026-01-25T07:00:00Z,36,0.012054,hgb-jan-eval-train-before-20260101,false
2,2026-01-23T19:00:00Z,2026-01-23T12:00:00Z,2026-01-25T08:00:00Z,37,0.011053,hgb-jan-eval-train-before-20260101,false
2,2026-01-23T19:00:00Z,2026-01-23T12:00:00Z,2026-01-25T09:00:00Z,38,0.012188,hgb-jan-eval-train-before-20260101,false
2,2026-01-23T19:00:00Z,2026-01-23T12:00:00Z,2026-01-25T10:00:00Z,39,0.037493,hgb-jan-eval-train-before-20260101,false
2,2026-01-23T19:00:00Z,2026-01-23T12:00:00Z,2026-01-25T11:00:00Z,40,0.269365,hgb-jan-eval-train-before-20260101,false
2,2026-01-23T19:00:00Z,2026-01-23T12:00:00Z,2026-01-25T12:00:00Z,41,0.342920,hgb-jan-eval-train-before-20260101,false
2,2026-01-23T19:00:00Z,2026-01-23T12:00:00Z,2026-01-25T13:00:00Z,42,0.118382,hgb-jan-eval-train-before-20260101,false
2,2026-01-23T19:00:00Z,2026-01-23T12:00:00Z,2026-01-25T14:00:00Z,43,0.040741,hgb-jan-eval-train-before-20260101,false
2,2026-01-23T19:00:00Z,2026-01-23T12:00:00Z,2026-01-25T15:00:00Z,44,0.023704,hgb-jan-eval-train-before-20260101,false
2,2026-01-23T19:00:00Z,2026-01-23T12:00:00Z,2026-01-25T16:00:00Z,45,0.064166,hgb-jan-eval-train-before-20260101,false
2,2026-01-23T19:00:00Z,2026-01-23T12:00:00Z,2026-01-25T17:00:00Z,46,0.041296,hgb-jan-eval-train-before-20260101,false
2,2026-01-23T19:00:00Z,2026-01-23T12:00:00Z,2026-01-25T18:00:00Z,47,0.016425,hgb-jan-eval-train-before-20260101,false
2,2026-01-23T19:00:00Z,2026-01-23T12:00:00Z,2026-01-25T19:00:00Z,48,0.009025,hgb-jan-eval-train-before-20260101,false
1,2026-01-24T19:00:00Z,2026-01-24T12:00:00Z,2026-01-24T20:00:00Z,1,0.545359,hgb-jan-eval-train-before-20260101,false
1,2026-01-24T19:00:00Z,2026-01-24T12:00:00Z,2026-01-24T21:00:00Z,2,0.379825,hgb-jan-eval-train-before-20260101,false
1,2026-01-24T19:00:00Z,2026-01-24T12:00:00Z,2026-01-24T22:00:00Z,3,0.337178,hgb-jan-eval-train-before-20260101,false
1,2026-01-24T19:00:00Z,2026-01-24T12:00:00Z,2026-01-24T23:00:00Z,4,0.166597,hgb-jan-eval-train-before-20260101,false
1,2026-01-24T19:00:00Z,2026-01-24T12:00:00Z,2026-01-25T00:00:00Z,5,0.019456,hgb-jan-eval-train-before-20260101,false
1,2026-01-24T19:00:00Z,2026-01-24T12:00:00Z,2026-01-25T01:00:00Z,6,0.019815,hgb-jan-eval-train-before-20260101,false
1,2026-01-24T19:00:00Z,2026-01-24T12:00:00Z,2026-01-25T02:00:00Z,7,0.101713,hgb-jan-eval-train-before-20260101,false
1,2026-01-24T19:00:00Z,2026-01-24T12:00:00Z,2026-01-25T03:00:00Z,8,0.039625,hgb-jan-eval-train-before-20260101,false
1,2026-01-24T19:00:00Z,2026-01-24T12:00:00Z,2026-01-25T04:00:00Z,9,0.015178,hgb-jan-eval-train-before-20260101,false
1,2026-01-24T19:00:00Z,2026-01-24T12:00:00Z,2026-01-25T05:00:00Z,10,0.007879,hgb-jan-eval-train-before-20260101,false
1,2026-01-24T19:00:00Z,2026-01-24T12:00:00Z,2026-01-25T06:00:00Z,11,0.009739,hgb-jan-eval-train-before-20260101,false
1,2026-01-24T19:00:00Z,2026-01-24T12:00:00Z,2026-01-25T07:00:00Z,12,0.009664,hgb-jan-eval-train-before-20260101,false
1,2026-01-24T19:00:00Z,2026-01-24T12:00:00Z,2026-01-25T08:00:00Z,13,0.012621,hgb-jan-eval-train-before-20260101,false
1,2026-01-24T19:00:00Z,2026-01-24T12:00:00Z,2026-01-25T09:00:00Z,14,0.011458,hgb-jan-eval-train-before-20260101,false
1,2026-01-24T19:00:00Z,2026-01-24T12:00:00Z,2026-01-25T10:00:00Z,15,0.008601,hgb-jan-eval-train-before-20260101,false
1,2026-01-24T19:00:00Z,2026-01-24T12:00:00Z,2026-01-25T11:00:00Z,16,0.136499,hgb-jan-eval-train-before-20260101,false
1,2026-01-24T19:00:00Z,2026-01-24T12:00:00Z,2026-01-25T12:00:00Z,17,0.112929,hgb-jan-eval-train-before-20260101,false
1,2026-01-24T19:00:00Z,2026-01-24T12:00:00Z,2026-01-25T13:00:00Z,18,0.123472,hgb-jan-eval-train-before-20260101,false
1,2026-01-24T19:00:00Z,2026-01-24T12:00:00Z,2026-01-25T14:00:00Z,19,0.078966,hgb-jan-eval-train-before-20260101,false
1,2026-01-24T19:00:00Z,2026-01-24T12:00:00Z,2026-01-25T15:00:00Z,20,0.092265,hgb-jan-eval-train-before-20260101,false
1,2026-01-24T19:00:00Z,2026-01-24T12:00:00Z,2026-01-25T16:00:00Z,21,0.062854,hgb-jan-eval-train-before-20260101,false
1,2026-01-24T19:00:00Z,2026-01-24T12:00:00Z,2026-01-25T17:00:00Z,22,0.021881,hgb-jan-eval-train-before-20260101,false
1,2026-01-24T19:00:00Z,2026-01-24T12:00:00Z,2026-01-25T18:00:00Z,23,0.014759,hgb-jan-eval-train-before-20260101,false
1,2026-01-24T19:00:00Z,2026-01-24T12:00:00Z,2026-01-25T19:00:00Z,24,0.009861,hgb-jan-eval-train-before-20260101,false
1,2026-01-24T19:00:00Z,2026-01-24T12:00:00Z,2026-01-25T20:00:00Z,25,0.036927,hgb-jan-eval-train-before-20260101,false
1,2026-01-24T19:00:00Z,2026-01-24T12:00:00Z,2026-01-25T21:00:00Z,26,0.249612,hgb-jan-eval-train-before-20260101,false
1,2026-01-24T19:00:00Z,2026-01-24T12:00:00Z,2026-01-25T22:00:00Z,27,0.275889,hgb-jan-eval-train-before-20260101,false
1,2026-01-24T19:00:00Z,2026-01-24T12:00:00Z,2026-01-25T23:00:00Z,28,0.354351,hgb-jan-eval-train-before-20260101,false
1,2026-01-24T19:00:00Z,2026-01-24T12:00:00Z,2026-01-26T00:00:00Z,29,0.354351,hgb-jan-eval-train-before-20260101,false
1,2026-01-24T19:00:00Z,2026-01-24T12:00:00Z,2026-01-26T01:00:00Z,30,0.340545,hgb-jan-eval-train-before-20260101,false
1,2026-01-24T19:00:00Z,2026-01-24T12:00:00Z,2026-01-26T02:00:00Z,31,0.376400,hgb-jan-eval-train-before-20260101,false
1,2026-01-24T19:00:00Z,2026-01-24T12:00:00Z,2026-01-26T03:00:00Z,32,0.444790,hgb-jan-eval-train-before-20260101,false
1,2026-01-24T19:00:00Z,2026-01-24T12:00:00Z,2026-01-26T04:00:00Z,33,0.474609,hgb-jan-eval-train-before-20260101,false
1,2026-01-24T19:00:00Z,2026-01-24T12:00:00Z,2026-01-26T05:00:00Z,34,0.604807,hgb-jan-eval-train-before-20260101,false
1,2026-01-24T19:00:00Z,2026-01-24T12:00:00Z,2026-01-26T06:00:00Z,35,0.664210,hgb-jan-eval-train-before-20260101,false
1,2026-01-24T19:00:00Z,2026-01-24T12:00:00Z,2026-01-26T07:00:00Z,36,0.794658,hgb-jan-eval-train-before-20260101,false
1,2026-01-24T19:00:00Z,2026-01-24T12:00:00Z,2026-01-26T08:00:00Z,37,0.879580,hgb-jan-eval-train-before-20260101,false
1,2026-01-24T19:00:00Z,2026-01-24T12:00:00Z,2026-01-26T09:00:00Z,38,0.879603,hgb-jan-eval-train-before-20260101,false
1,2026-01-24T19:00:00Z,2026-01-24T12:00:00Z,2026-01-26T10:00:00Z,39,0.858775,hgb-jan-eval-train-before-20260101,false
1,2026-01-24T19:00:00Z,2026-01-24T12:00:00Z,2026-01-26T11:00:00Z,40,0.849291,hgb-jan-eval-train-before-20260101,false
1,2026-01-24T19:00:00Z,2026-01-24T12:00:00Z,2026-01-26T12:00:00Z,41,0.872682,hgb-jan-eval-train-before-20260101,false
1,2026-01-24T19:00:00Z,2026-01-24T12:00:00Z,2026-01-26T13:00:00Z,42,0.738767,hgb-jan-eval-train-before-20260101,false
1,2026-01-24T19:00:00Z,2026-01-24T12:00:00Z,2026-01-26T14:00:00Z,43,0.610242,hgb-jan-eval-train-before-20260101,false
1,2026-01-24T19:00:00Z,2026-01-24T12:00:00Z,2026-01-26T15:00:00Z,44,0.593658,hgb-jan-eval-train-before-20260101,false
1,2026-01-24T19:00:00Z,2026-01-24T12:00:00Z,2026-01-26T16:00:00Z,45,0.551552,hgb-jan-eval-train-before-20260101,false
1,2026-01-24T19:00:00Z,2026-01-24T12:00:00Z,2026-01-26T17:00:00Z,46,0.419782,hgb-jan-eval-train-before-20260101,false
1,2026-01-24T19:00:00Z,2026-01-24T12:00:00Z,2026-01-26T18:00:00Z,47,0.231979,hgb-jan-eval-train-before-20260101,false
1,2026-01-24T19:00:00Z,2026-01-24T12:00:00Z,2026-01-26T19:00:00Z,48,0.131847,hgb-jan-eval-train-before-20260101,false
2,2026-01-24T19:00:00Z,2026-01-24T12:00:00Z,2026-01-24T20:00:00Z,1,0.544297,hgb-jan-eval-train-before-20260101,false
2,2026-01-24T19:00:00Z,2026-01-24T12:00:00Z,2026-01-24T21:00:00Z,2,0.378762,hgb-jan-eval-train-before-20260101,false
2,2026-01-24T19:00:00Z,2026-01-24T12:00:00Z,2026-01-24T22:00:00Z,3,0.336115,hgb-jan-eval-train-before-20260101,false
2,2026-01-24T19:00:00Z,2026-01-24T12:00:00Z,2026-01-24T23:00:00Z,4,0.165534,hgb-jan-eval-train-before-20260101,false
2,2026-01-24T19:00:00Z,2026-01-24T12:00:00Z,2026-01-25T00:00:00Z,5,0.018337,hgb-jan-eval-train-before-20260101,false
2,2026-01-24T19:00:00Z,2026-01-24T12:00:00Z,2026-01-25T01:00:00Z,6,0.019383,hgb-jan-eval-train-before-20260101,false
2,2026-01-24T19:00:00Z,2026-01-24T12:00:00Z,2026-01-25T02:00:00Z,7,0.101281,hgb-jan-eval-train-before-20260101,false
2,2026-01-24T19:00:00Z,2026-01-24T12:00:00Z,2026-01-25T03:00:00Z,8,0.039288,hgb-jan-eval-train-before-20260101,false
2,2026-01-24T19:00:00Z,2026-01-24T12:00:00Z,2026-01-25T04:00:00Z,9,0.014841,hgb-jan-eval-train-before-20260101,false
2,2026-01-24T19:00:00Z,2026-01-24T12:00:00Z,2026-01-25T05:00:00Z,10,0.007541,hgb-jan-eval-train-before-20260101,false
2,2026-01-24T19:00:00Z,2026-01-24T12:00:00Z,2026-01-25T06:00:00Z,11,0.009402,hgb-jan-eval-train-before-20260101,false
2,2026-01-24T19:00:00Z,2026-01-24T12:00:00Z,2026-01-25T07:00:00Z,12,0.009327,hgb-jan-eval-train-before-20260101,false
2,2026-01-24T19:00:00Z,2026-01-24T12:00:00Z,2026-01-25T08:00:00Z,13,0.012284,hgb-jan-eval-train-before-20260101,false
2,2026-01-24T19:00:00Z,2026-01-24T12:00:00Z,2026-01-25T09:00:00Z,14,0.011120,hgb-jan-eval-train-before-20260101,false
2,2026-01-24T19:00:00Z,2026-01-24T12:00:00Z,2026-01-25T10:00:00Z,15,0.008263,hgb-jan-eval-train-before-20260101,false
2,2026-01-24T19:00:00Z,2026-01-24T12:00:00Z,2026-01-25T11:00:00Z,16,0.136162,hgb-jan-eval-train-before-20260101,false
2,2026-01-24T19:00:00Z,2026-01-24T12:00:00Z,2026-01-25T12:00:00Z,17,0.112497,hgb-jan-eval-train-before-20260101,false
2,2026-01-24T19:00:00Z,2026-01-24T12:00:00Z,2026-01-25T13:00:00Z,18,0.123040,hgb-jan-eval-train-before-20260101,false
2,2026-01-24T19:00:00Z,2026-01-24T12:00:00Z,2026-01-25T14:00:00Z,19,0.078534,hgb-jan-eval-train-before-20260101,false
2,2026-01-24T19:00:00Z,2026-01-24T12:00:00Z,2026-01-25T15:00:00Z,20,0.091833,hgb-jan-eval-train-before-20260101,false
2,2026-01-24T19:00:00Z,2026-01-24T12:00:00Z,2026-01-25T16:00:00Z,21,0.062422,hgb-jan-eval-train-before-20260101,false
2,2026-01-24T19:00:00Z,2026-01-24T12:00:00Z,2026-01-25T17:00:00Z,22,0.021449,hgb-jan-eval-train-before-20260101,false
2,2026-01-24T19:00:00Z,2026-01-24T12:00:00Z,2026-01-25T18:00:00Z,23,0.014327,hgb-jan-eval-train-before-20260101,false
2,2026-01-24T19:00:00Z,2026-01-24T12:00:00Z,2026-01-25T19:00:00Z,24,0.008594,hgb-jan-eval-train-before-20260101,false
2,2026-01-24T19:00:00Z,2026-01-24T12:00:00Z,2026-01-25T20:00:00Z,25,0.033179,hgb-jan-eval-train-before-20260101,false
2,2026-01-24T19:00:00Z,2026-01-24T12:00:00Z,2026-01-25T21:00:00Z,26,0.245865,hgb-jan-eval-train-before-20260101,false
2,2026-01-24T19:00:00Z,2026-01-24T12:00:00Z,2026-01-25T22:00:00Z,27,0.274826,hgb-jan-eval-train-before-20260101,false
2,2026-01-24T19:00:00Z,2026-01-24T12:00:00Z,2026-01-25T23:00:00Z,28,0.353288,hgb-jan-eval-train-before-20260101,false
2,2026-01-24T19:00:00Z,2026-01-24T12:00:00Z,2026-01-26T00:00:00Z,29,0.353288,hgb-jan-eval-train-before-20260101,false
2,2026-01-24T19:00:00Z,2026-01-24T12:00:00Z,2026-01-26T01:00:00Z,30,0.339483,hgb-jan-eval-train-before-20260101,false
2,2026-01-24T19:00:00Z,2026-01-24T12:00:00Z,2026-01-26T02:00:00Z,31,0.375338,hgb-jan-eval-train-before-20260101,false
2,2026-01-24T19:00:00Z,2026-01-24T12:00:00Z,2026-01-26T03:00:00Z,32,0.443823,hgb-jan-eval-train-before-20260101,false
2,2026-01-24T19:00:00Z,2026-01-24T12:00:00Z,2026-01-26T04:00:00Z,33,0.473641,hgb-jan-eval-train-before-20260101,false
2,2026-01-24T19:00:00Z,2026-01-24T12:00:00Z,2026-01-26T05:00:00Z,34,0.603551,hgb-jan-eval-train-before-20260101,false
2,2026-01-24T19:00:00Z,2026-01-24T12:00:00Z,2026-01-26T06:00:00Z,35,0.665366,hgb-jan-eval-train-before-20260101,false
2,2026-01-24T19:00:00Z,2026-01-24T12:00:00Z,2026-01-26T07:00:00Z,36,0.794563,hgb-jan-eval-train-before-20260101,false
2,2026-01-24T19:00:00Z,2026-01-24T12:00:00Z,2026-01-26T08:00:00Z,37,0.879485,hgb-jan-eval-train-before-20260101,false
2,2026-01-24T19:00:00Z,2026-01-24T12:00:00Z,2026-01-26T09:00:00Z,38,0.879508,hgb-jan-eval-train-before-20260101,false
2,2026-01-24T19:00:00Z,2026-01-24T12:00:00Z,2026-01-26T10:00:00Z,39,0.860435,hgb-jan-eval-train-before-20260101,false
2,2026-01-24T19:00:00Z,2026-01-24T12:00:00Z,2026-01-26T11:00:00Z,40,0.849982,hgb-jan-eval-train-before-20260101,false
2,2026-01-24T19:00:00Z,2026-01-24T12:00:00Z,2026-01-26T12:00:00Z,41,0.876827,hgb-jan-eval-train-before-20260101,false
2,2026-01-24T19:00:00Z,2026-01-24T12:00:00Z,2026-01-26T13:00:00Z,42,0.742912,hgb-jan-eval-train-before-20260101,false
2,2026-01-24T19:00:00Z,2026-01-24T12:00:00Z,2026-01-26T14:00:00Z,43,0.614335,hgb-jan-eval-train-before-20260101,false
2,2026-01-24T19:00:00Z,2026-01-24T12:00:00Z,2026-01-26T15:00:00Z,44,0.592596,hgb-jan-eval-train-before-20260101,false
2,2026-01-24T19:00:00Z,2026-01-24T12:00:00Z,2026-01-26T16:00:00Z,45,0.550489,hgb-jan-eval-train-before-20260101,false
2,2026-01-24T19:00:00Z,2026-01-24T12:00:00Z,2026-01-26T17:00:00Z,46,0.418719,hgb-jan-eval-train-before-20260101,false
2,2026-01-24T19:00:00Z,2026-01-24T12:00:00Z,2026-01-26T18:00:00Z,47,0.230916,hgb-jan-eval-train-before-20260101,false
2,2026-01-24T19:00:00Z,2026-01-24T12:00:00Z,2026-01-26T19:00:00Z,48,0.130729,hgb-jan-eval-train-before-20260101,false
1,2026-01-25T19:00:00Z,2026-01-25T12:00:00Z,2026-01-25T20:00:00Z,1,0.222203,hgb-jan-eval-train-before-20260101,false
1,2026-01-25T19:00:00Z,2026-01-25T12:00:00Z,2026-01-25T21:00:00Z,2,0.066748,hgb-jan-eval-train-before-20260101,false
1,2026-01-25T19:00:00Z,2026-01-25T12:00:00Z,2026-01-25T22:00:00Z,3,0.169357,hgb-jan-eval-train-before-20260101,false
1,2026-01-25T19:00:00Z,2026-01-25T12:00:00Z,2026-01-25T23:00:00Z,4,0.212949,hgb-jan-eval-train-before-20260101,false
1,2026-01-25T19:00:00Z,2026-01-25T12:00:00Z,2026-01-26T00:00:00Z,5,0.190167,hgb-jan-eval-train-before-20260101,false
1,2026-01-25T19:00:00Z,2026-01-25T12:00:00Z,2026-01-26T01:00:00Z,6,0.203359,hgb-jan-eval-train-before-20260101,false
1,2026-01-25T19:00:00Z,2026-01-25T12:00:00Z,2026-01-26T02:00:00Z,7,0.181204,hgb-jan-eval-train-before-20260101,false
1,2026-01-25T19:00:00Z,2026-01-25T12:00:00Z,2026-01-26T03:00:00Z,8,0.193583,hgb-jan-eval-train-before-20260101,false
1,2026-01-25T19:00:00Z,2026-01-25T12:00:00Z,2026-01-26T04:00:00Z,9,0.296368,hgb-jan-eval-train-before-20260101,false
1,2026-01-25T19:00:00Z,2026-01-25T12:00:00Z,2026-01-26T05:00:00Z,10,0.345048,hgb-jan-eval-train-before-20260101,false
1,2026-01-25T19:00:00Z,2026-01-25T12:00:00Z,2026-01-26T06:00:00Z,11,0.364696,hgb-jan-eval-train-before-20260101,false
1,2026-01-25T19:00:00Z,2026-01-25T12:00:00Z,2026-01-26T07:00:00Z,12,0.688942,hgb-jan-eval-train-before-20260101,false
1,2026-01-25T19:00:00Z,2026-01-25T12:00:00Z,2026-01-26T08:00:00Z,13,0.813942,hgb-jan-eval-train-before-20260101,false
1,2026-01-25T19:00:00Z,2026-01-25T12:00:00Z,2026-01-26T09:00:00Z,14,0.851491,hgb-jan-eval-train-before-20260101,false
1,2026-01-25T19:00:00Z,2026-01-25T12:00:00Z,2026-01-26T10:00:00Z,15,0.822553,hgb-jan-eval-train-before-20260101,false
1,2026-01-25T19:00:00Z,2026-01-25T12:00:00Z,2026-01-26T11:00:00Z,16,0.830311,hgb-jan-eval-train-before-20260101,false
1,2026-01-25T19:00:00Z,2026-01-25T12:00:00Z,2026-01-26T12:00:00Z,17,0.808157,hgb-jan-eval-train-before-20260101,false
1,2026-01-25T19:00:00Z,2026-01-25T12:00:00Z,2026-01-26T13:00:00Z,18,0.682028,hgb-jan-eval-train-before-20260101,false
1,2026-01-25T19:00:00Z,2026-01-25T12:00:00Z,2026-01-26T14:00:00Z,19,0.651767,hgb-jan-eval-train-before-20260101,false
1,2026-01-25T19:00:00Z,2026-01-25T12:00:00Z,2026-01-26T15:00:00Z,20,0.686199,hgb-jan-eval-train-before-20260101,false
1,2026-01-25T19:00:00Z,2026-01-25T12:00:00Z,2026-01-26T16:00:00Z,21,0.749114,hgb-jan-eval-train-before-20260101,false
1,2026-01-25T19:00:00Z,2026-01-25T12:00:00Z,2026-01-26T17:00:00Z,22,0.746072,hgb-jan-eval-train-before-20260101,false
1,2026-01-25T19:00:00Z,2026-01-25T12:00:00Z,2026-01-26T18:00:00Z,23,0.618510,hgb-jan-eval-train-before-20260101,false
1,2026-01-25T19:00:00Z,2026-01-25T12:00:00Z,2026-01-26T19:00:00Z,24,0.410474,hgb-jan-eval-train-before-20260101,false
1,2026-01-25T19:00:00Z,2026-01-25T12:00:00Z,2026-01-26T20:00:00Z,25,0.209318,hgb-jan-eval-train-before-20260101,false
1,2026-01-25T19:00:00Z,2026-01-25T12:00:00Z,2026-01-26T21:00:00Z,26,0.179627,hgb-jan-eval-train-before-20260101,false
1,2026-01-25T19:00:00Z,2026-01-25T12:00:00Z,2026-01-26T22:00:00Z,27,0.066224,hgb-jan-eval-train-before-20260101,false
1,2026-01-25T19:00:00Z,2026-01-25T12:00:00Z,2026-01-26T23:00:00Z,28,0.029100,hgb-jan-eval-train-before-20260101,false
1,2026-01-25T19:00:00Z,2026-01-25T12:00:00Z,2026-01-27T00:00:00Z,29,0.015816,hgb-jan-eval-train-before-20260101,false
1,2026-01-25T19:00:00Z,2026-01-25T12:00:00Z,2026-01-27T01:00:00Z,30,0.008948,hgb-jan-eval-train-before-20260101,false
1,2026-01-25T19:00:00Z,2026-01-25T12:00:00Z,2026-01-27T02:00:00Z,31,0.011894,hgb-jan-eval-train-before-20260101,false
1,2026-01-25T19:00:00Z,2026-01-25T12:00:00Z,2026-01-27T03:00:00Z,32,0.014135,hgb-jan-eval-train-before-20260101,false
1,2026-01-25T19:00:00Z,2026-01-25T12:00:00Z,2026-01-27T04:00:00Z,33,0.015324,hgb-jan-eval-train-before-20260101,false
1,2026-01-25T19:00:00Z,2026-01-25T12:00:00Z,2026-01-27T05:00:00Z,34,0.013590,hgb-jan-eval-train-before-20260101,false
1,2026-01-25T19:00:00Z,2026-01-25T12:00:00Z,2026-01-27T06:00:00Z,35,0.010353,hgb-jan-eval-train-before-20260101,false
1,2026-01-25T19:00:00Z,2026-01-25T12:00:00Z,2026-01-27T07:00:00Z,36,0.008755,hgb-jan-eval-train-before-20260101,false
1,2026-01-25T19:00:00Z,2026-01-25T12:00:00Z,2026-01-27T08:00:00Z,37,0.009956,hgb-jan-eval-train-before-20260101,false
1,2026-01-25T19:00:00Z,2026-01-25T12:00:00Z,2026-01-27T09:00:00Z,38,0.011694,hgb-jan-eval-train-before-20260101,false
1,2026-01-25T19:00:00Z,2026-01-25T12:00:00Z,2026-01-27T10:00:00Z,39,0.012563,hgb-jan-eval-train-before-20260101,false
1,2026-01-25T19:00:00Z,2026-01-25T12:00:00Z,2026-01-27T11:00:00Z,40,0.013434,hgb-jan-eval-train-before-20260101,false
1,2026-01-25T19:00:00Z,2026-01-25T12:00:00Z,2026-01-27T12:00:00Z,41,0.014288,hgb-jan-eval-train-before-20260101,false
1,2026-01-25T19:00:00Z,2026-01-25T12:00:00Z,2026-01-27T13:00:00Z,42,0.013929,hgb-jan-eval-train-before-20260101,false
1,2026-01-25T19:00:00Z,2026-01-25T12:00:00Z,2026-01-27T14:00:00Z,43,0.015003,hgb-jan-eval-train-before-20260101,false
1,2026-01-25T19:00:00Z,2026-01-25T12:00:00Z,2026-01-27T15:00:00Z,44,0.019163,hgb-jan-eval-train-before-20260101,false
1,2026-01-25T19:00:00Z,2026-01-25T12:00:00Z,2026-01-27T16:00:00Z,45,0.019463,hgb-jan-eval-train-before-20260101,false
1,2026-01-25T19:00:00Z,2026-01-25T12:00:00Z,2026-01-27T17:00:00Z,46,0.020436,hgb-jan-eval-train-before-20260101,false
1,2026-01-25T19:00:00Z,2026-01-25T12:00:00Z,2026-01-27T18:00:00Z,47,0.033717,hgb-jan-eval-train-before-20260101,false
1,2026-01-25T19:00:00Z,2026-01-25T12:00:00Z,2026-01-27T19:00:00Z,48,0.020713,hgb-jan-eval-train-before-20260101,false
2,2026-01-25T19:00:00Z,2026-01-25T12:00:00Z,2026-01-25T20:00:00Z,1,0.218456,hgb-jan-eval-train-before-20260101,false
2,2026-01-25T19:00:00Z,2026-01-25T12:00:00Z,2026-01-25T21:00:00Z,2,0.063001,hgb-jan-eval-train-before-20260101,false
2,2026-01-25T19:00:00Z,2026-01-25T12:00:00Z,2026-01-25T22:00:00Z,3,0.165610,hgb-jan-eval-train-before-20260101,false
2,2026-01-25T19:00:00Z,2026-01-25T12:00:00Z,2026-01-25T23:00:00Z,4,0.209202,hgb-jan-eval-train-before-20260101,false
2,2026-01-25T19:00:00Z,2026-01-25T12:00:00Z,2026-01-26T00:00:00Z,5,0.186419,hgb-jan-eval-train-before-20260101,false
2,2026-01-25T19:00:00Z,2026-01-25T12:00:00Z,2026-01-26T01:00:00Z,6,0.199612,hgb-jan-eval-train-before-20260101,false
2,2026-01-25T19:00:00Z,2026-01-25T12:00:00Z,2026-01-26T02:00:00Z,7,0.177457,hgb-jan-eval-train-before-20260101,false
2,2026-01-25T19:00:00Z,2026-01-25T12:00:00Z,2026-01-26T03:00:00Z,8,0.189930,hgb-jan-eval-train-before-20260101,false
2,2026-01-25T19:00:00Z,2026-01-25T12:00:00Z,2026-01-26T04:00:00Z,9,0.295401,hgb-jan-eval-train-before-20260101,false
2,2026-01-25T19:00:00Z,2026-01-25T12:00:00Z,2026-01-26T05:00:00Z,10,0.343741,hgb-jan-eval-train-before-20260101,false
2,2026-01-25T19:00:00Z,2026-01-25T12:00:00Z,2026-01-26T06:00:00Z,11,0.364410,hgb-jan-eval-train-before-20260101,false
2,2026-01-25T19:00:00Z,2026-01-25T12:00:00Z,2026-01-26T07:00:00Z,12,0.688848,hgb-jan-eval-train-before-20260101,false
2,2026-01-25T19:00:00Z,2026-01-25T12:00:00Z,2026-01-26T08:00:00Z,13,0.813847,hgb-jan-eval-train-before-20260101,false
2,2026-01-25T19:00:00Z,2026-01-25T12:00:00Z,2026-01-26T09:00:00Z,14,0.851396,hgb-jan-eval-train-before-20260101,false
2,2026-01-25T19:00:00Z,2026-01-25T12:00:00Z,2026-01-26T10:00:00Z,15,0.825267,hgb-jan-eval-train-before-20260101,false
2,2026-01-25T19:00:00Z,2026-01-25T12:00:00Z,2026-01-26T11:00:00Z,16,0.829056,hgb-jan-eval-train-before-20260101,false
2,2026-01-25T19:00:00Z,2026-01-25T12:00:00Z,2026-01-26T12:00:00Z,17,0.812301,hgb-jan-eval-train-before-20260101,false
2,2026-01-25T19:00:00Z,2026-01-25T12:00:00Z,2026-01-26T13:00:00Z,18,0.686121,hgb-jan-eval-train-before-20260101,false
2,2026-01-25T19:00:00Z,2026-01-25T12:00:00Z,2026-01-26T14:00:00Z,19,0.655860,hgb-jan-eval-train-before-20260101,false
2,2026-01-25T19:00:00Z,2026-01-25T12:00:00Z,2026-01-26T15:00:00Z,20,0.685136,hgb-jan-eval-train-before-20260101,false
2,2026-01-25T19:00:00Z,2026-01-25T12:00:00Z,2026-01-26T16:00:00Z,21,0.748052,hgb-jan-eval-train-before-20260101,false
2,2026-01-25T19:00:00Z,2026-01-25T12:00:00Z,2026-01-26T17:00:00Z,22,0.745061,hgb-jan-eval-train-before-20260101,false
2,2026-01-25T19:00:00Z,2026-01-25T12:00:00Z,2026-01-26T18:00:00Z,23,0.617448,hgb-jan-eval-train-before-20260101,false
2,2026-01-25T19:00:00Z,2026-01-25T12:00:00Z,2026-01-26T19:00:00Z,24,0.409412,hgb-jan-eval-train-before-20260101,false
2,2026-01-25T19:00:00Z,2026-01-25T12:00:00Z,2026-01-26T20:00:00Z,25,0.208256,hgb-jan-eval-train-before-20260101,false
2,2026-01-25T19:00:00Z,2026-01-25T12:00:00Z,2026-01-26T21:00:00Z,26,0.178508,hgb-jan-eval-train-before-20260101,false
2,2026-01-25T19:00:00Z,2026-01-25T12:00:00Z,2026-01-26T22:00:00Z,27,0.065105,hgb-jan-eval-train-before-20260101,false
2,2026-01-25T19:00:00Z,2026-01-25T12:00:00Z,2026-01-26T23:00:00Z,28,0.027981,hgb-jan-eval-train-before-20260101,false
2,2026-01-25T19:00:00Z,2026-01-25T12:00:00Z,2026-01-27T00:00:00Z,29,0.014698,hgb-jan-eval-train-before-20260101,false
2,2026-01-25T19:00:00Z,2026-01-25T12:00:00Z,2026-01-27T01:00:00Z,30,0.007830,hgb-jan-eval-train-before-20260101,false
2,2026-01-25T19:00:00Z,2026-01-25T12:00:00Z,2026-01-27T02:00:00Z,31,0.011462,hgb-jan-eval-train-before-20260101,false
2,2026-01-25T19:00:00Z,2026-01-25T12:00:00Z,2026-01-27T03:00:00Z,32,0.013798,hgb-jan-eval-train-before-20260101,false
2,2026-01-25T19:00:00Z,2026-01-25T12:00:00Z,2026-01-27T04:00:00Z,33,0.014986,hgb-jan-eval-train-before-20260101,false
2,2026-01-25T19:00:00Z,2026-01-25T12:00:00Z,2026-01-27T05:00:00Z,34,0.013252,hgb-jan-eval-train-before-20260101,false
2,2026-01-25T19:00:00Z,2026-01-25T12:00:00Z,2026-01-27T06:00:00Z,35,0.010015,hgb-jan-eval-train-before-20260101,false
2,2026-01-25T19:00:00Z,2026-01-25T12:00:00Z,2026-01-27T07:00:00Z,36,0.008417,hgb-jan-eval-train-before-20260101,false
2,2026-01-25T19:00:00Z,2026-01-25T12:00:00Z,2026-01-27T08:00:00Z,37,0.009618,hgb-jan-eval-train-before-20260101,false
2,2026-01-25T19:00:00Z,2026-01-25T12:00:00Z,2026-01-27T09:00:00Z,38,0.011356,hgb-jan-eval-train-before-20260101,false
2,2026-01-25T19:00:00Z,2026-01-25T12:00:00Z,2026-01-27T10:00:00Z,39,0.012226,hgb-jan-eval-train-before-20260101,false
2,2026-01-25T19:00:00Z,2026-01-25T12:00:00Z,2026-01-27T11:00:00Z,40,0.013096,hgb-jan-eval-train-before-20260101,false
2,2026-01-25T19:00:00Z,2026-01-25T12:00:00Z,2026-01-27T12:00:00Z,41,0.013855,hgb-jan-eval-train-before-20260101,false
2,2026-01-25T19:00:00Z,2026-01-25T12:00:00Z,2026-01-27T13:00:00Z,42,0.013496,hgb-jan-eval-train-before-20260101,false
2,2026-01-25T19:00:00Z,2026-01-25T12:00:00Z,2026-01-27T14:00:00Z,43,0.014571,hgb-jan-eval-train-before-20260101,false
2,2026-01-25T19:00:00Z,2026-01-25T12:00:00Z,2026-01-27T15:00:00Z,44,0.018731,hgb-jan-eval-train-before-20260101,false
2,2026-01-25T19:00:00Z,2026-01-25T12:00:00Z,2026-01-27T16:00:00Z,45,0.019030,hgb-jan-eval-train-before-20260101,false
2,2026-01-25T19:00:00Z,2026-01-25T12:00:00Z,2026-01-27T17:00:00Z,46,0.020004,hgb-jan-eval-train-before-20260101,false
2,2026-01-25T19:00:00Z,2026-01-25T12:00:00Z,2026-01-27T18:00:00Z,47,0.033285,hgb-jan-eval-train-before-20260101,false
2,2026-01-25T19:00:00Z,2026-01-25T12:00:00Z,2026-01-27T19:00:00Z,48,0.020280,hgb-jan-eval-train-before-20260101,false
1,2026-01-26T19:00:00Z,2026-01-26T12:00:00Z,2026-01-26T20:00:00Z,1,0.658330,hgb-jan-eval-train-before-20260101,false
1,2026-01-26T19:00:00Z,2026-01-26T12:00:00Z,2026-01-26T21:00:00Z,2,0.632922,hgb-jan-eval-train-before-20260101,false
1,2026-01-26T19:00:00Z,2026-01-26T12:00:00Z,2026-01-26T22:00:00Z,3,0.663295,hgb-jan-eval-train-before-20260101,false
1,2026-01-26T19:00:00Z,2026-01-26T12:00:00Z,2026-01-26T23:00:00Z,4,0.680942,hgb-jan-eval-train-before-20260101,false
1,2026-01-26T19:00:00Z,2026-01-26T12:00:00Z,2026-01-27T00:00:00Z,5,0.684807,hgb-jan-eval-train-before-20260101,false
1,2026-01-26T19:00:00Z,2026-01-26T12:00:00Z,2026-01-27T01:00:00Z,6,0.622633,hgb-jan-eval-train-before-20260101,false
1,2026-01-26T19:00:00Z,2026-01-26T12:00:00Z,2026-01-27T02:00:00Z,7,0.471038,hgb-jan-eval-train-before-20260101,false
1,2026-01-26T19:00:00Z,2026-01-26T12:00:00Z,2026-01-27T03:00:00Z,8,0.269130,hgb-jan-eval-train-before-20260101,false
1,2026-01-26T19:00:00Z,2026-01-26T12:00:00Z,2026-01-27T04:00:00Z,9,0.195603,hgb-jan-eval-train-before-20260101,false
1,2026-01-26T19:00:00Z,2026-01-26T12:00:00Z,2026-01-27T05:00:00Z,10,0.083936,hgb-jan-eval-train-before-20260101,false
1,2026-01-26T19:00:00Z,2026-01-26T12:00:00Z,2026-01-27T06:00:00Z,11,0.026742,hgb-jan-eval-train-before-20260101,false
1,2026-01-26T19:00:00Z,2026-01-26T12:00:00Z,2026-01-27T07:00:00Z,12,0.034126,hgb-jan-eval-train-before-20260101,false
1,2026-01-26T19:00:00Z,2026-01-26T12:00:00Z,2026-01-27T08:00:00Z,13,0.010720,hgb-jan-eval-train-before-20260101,false
1,2026-01-26T19:00:00Z,2026-01-26T12:00:00Z,2026-01-27T09:00:00Z,14,0.011446,hgb-jan-eval-train-before-20260101,false
1,2026-01-26T19:00:00Z,2026-01-26T12:00:00Z,2026-01-27T10:00:00Z,15,0.012853,hgb-jan-eval-train-before-20260101,false
1,2026-01-26T19:00:00Z,2026-01-26T12:00:00Z,2026-01-27T11:00:00Z,16,0.026137,hgb-jan-eval-train-before-20260101,false
1,2026-01-26T19:00:00Z,2026-01-26T12:00:00Z,2026-01-27T12:00:00Z,17,0.064631,hgb-jan-eval-train-before-20260101,false
1,2026-01-26T19:00:00Z,2026-01-26T12:00:00Z,2026-01-27T13:00:00Z,18,0.081158,hgb-jan-eval-train-before-20260101,false
1,2026-01-26T19:00:00Z,2026-01-26T12:00:00Z,2026-01-27T14:00:00Z,19,0.122900,hgb-jan-eval-train-before-20260101,false
1,2026-01-26T19:00:00Z,2026-01-26T12:00:00Z,2026-01-27T15:00:00Z,20,0.151789,hgb-jan-eval-train-before-20260101,false
1,2026-01-26T19:00:00Z,2026-01-26T12:00:00Z,2026-01-27T16:00:00Z,21,0.147271,hgb-jan-eval-train-before-20260101,false
1,2026-01-26T19:00:00Z,2026-01-26T12:00:00Z,2026-01-27T17:00:00Z,22,0.139789,hgb-jan-eval-train-before-20260101,false
1,2026-01-26T19:00:00Z,2026-01-26T12:00:00Z,2026-01-27T18:00:00Z,23,0.134846,hgb-jan-eval-train-before-20260101,false
1,2026-01-26T19:00:00Z,2026-01-26T12:00:00Z,2026-01-27T19:00:00Z,24,0.132091,hgb-jan-eval-train-before-20260101,false
1,2026-01-26T19:00:00Z,2026-01-26T12:00:00Z,2026-01-27T20:00:00Z,25,0.123031,hgb-jan-eval-train-before-20260101,false
1,2026-01-26T19:00:00Z,2026-01-26T12:00:00Z,2026-01-27T21:00:00Z,26,0.183089,hgb-jan-eval-train-before-20260101,false
1,2026-01-26T19:00:00Z,2026-01-26T12:00:00Z,2026-01-27T22:00:00Z,27,0.222656,hgb-jan-eval-train-before-20260101,false
1,2026-01-26T19:00:00Z,2026-01-26T12:00:00Z,2026-01-27T23:00:00Z,28,0.316870,hgb-jan-eval-train-before-20260101,false
1,2026-01-26T19:00:00Z,2026-01-26T12:00:00Z,2026-01-28T00:00:00Z,29,0.321286,hgb-jan-eval-train-before-20260101,false
1,2026-01-26T19:00:00Z,2026-01-26T12:00:00Z,2026-01-28T01:00:00Z,30,0.313787,hgb-jan-eval-train-before-20260101,false
1,2026-01-26T19:00:00Z,2026-01-26T12:00:00Z,2026-01-28T02:00:00Z,31,0.264564,hgb-jan-eval-train-before-20260101,false
1,2026-01-26T19:00:00Z,2026-01-26T12:00:00Z,2026-01-28T03:00:00Z,32,0.135606,hgb-jan-eval-train-before-20260101,false
1,2026-01-26T19:00:00Z,2026-01-26T12:00:00Z,2026-01-28T04:00:00Z,33,0.113538,hgb-jan-eval-train-before-20260101,false
1,2026-01-26T19:00:00Z,2026-01-26T12:00:00Z,2026-01-28T05:00:00Z,34,0.030084,hgb-jan-eval-train-before-20260101,false
1,2026-01-26T19:00:00Z,2026-01-26T12:00:00Z,2026-01-28T06:00:00Z,35,0.013398,hgb-jan-eval-train-before-20260101,false
1,2026-01-26T19:00:00Z,2026-01-26T12:00:00Z,2026-01-28T07:00:00Z,36,0.008157,hgb-jan-eval-train-before-20260101,false
1,2026-01-26T19:00:00Z,2026-01-26T12:00:00Z,2026-01-28T08:00:00Z,37,0.010002,hgb-jan-eval-train-before-20260101,false
1,2026-01-26T19:00:00Z,2026-01-26T12:00:00Z,2026-01-28T09:00:00Z,38,0.011583,hgb-jan-eval-train-before-20260101,false
1,2026-01-26T19:00:00Z,2026-01-26T12:00:00Z,2026-01-28T10:00:00Z,39,0.014508,hgb-jan-eval-train-before-20260101,false
1,2026-01-26T19:00:00Z,2026-01-26T12:00:00Z,2026-01-28T11:00:00Z,40,0.015308,hgb-jan-eval-train-before-20260101,false
1,2026-01-26T19:00:00Z,2026-01-26T12:00:00Z,2026-01-28T12:00:00Z,41,0.026101,hgb-jan-eval-train-before-20260101,false
1,2026-01-26T19:00:00Z,2026-01-26T12:00:00Z,2026-01-28T13:00:00Z,42,0.108484,hgb-jan-eval-train-before-20260101,false
1,2026-01-26T19:00:00Z,2026-01-26T12:00:00Z,2026-01-28T14:00:00Z,43,0.207147,hgb-jan-eval-train-before-20260101,false
1,2026-01-26T19:00:00Z,2026-01-26T12:00:00Z,2026-01-28T15:00:00Z,44,0.413103,hgb-jan-eval-train-before-20260101,false
1,2026-01-26T19:00:00Z,2026-01-26T12:00:00Z,2026-01-28T16:00:00Z,45,0.593658,hgb-jan-eval-train-before-20260101,false
1,2026-01-26T19:00:00Z,2026-01-26T12:00:00Z,2026-01-28T17:00:00Z,46,0.518614,hgb-jan-eval-train-before-20260101,false
1,2026-01-26T19:00:00Z,2026-01-26T12:00:00Z,2026-01-28T18:00:00Z,47,0.354041,hgb-jan-eval-train-before-20260101,false
1,2026-01-26T19:00:00Z,2026-01-26T12:00:00Z,2026-01-28T19:00:00Z,48,0.194261,hgb-jan-eval-train-before-20260101,false
2,2026-01-26T19:00:00Z,2026-01-26T12:00:00Z,2026-01-26T20:00:00Z,1,0.657267,hgb-jan-eval-train-before-20260101,false
2,2026-01-26T19:00:00Z,2026-01-26T12:00:00Z,2026-01-26T21:00:00Z,2,0.631859,hgb-jan-eval-train-before-20260101,false
2,2026-01-26T19:00:00Z,2026-01-26T12:00:00Z,2026-01-26T22:00:00Z,3,0.662233,hgb-jan-eval-train-before-20260101,false
2,2026-01-26T19:00:00Z,2026-01-26T12:00:00Z,2026-01-26T23:00:00Z,4,0.679931,hgb-jan-eval-train-before-20260101,false
2,2026-01-26T19:00:00Z,2026-01-26T12:00:00Z,2026-01-27T00:00:00Z,5,0.683796,hgb-jan-eval-train-before-20260101,false
2,2026-01-26T19:00:00Z,2026-01-26T12:00:00Z,2026-01-27T01:00:00Z,6,0.621622,hgb-jan-eval-train-before-20260101,false
2,2026-01-26T19:00:00Z,2026-01-26T12:00:00Z,2026-01-27T02:00:00Z,7,0.469976,hgb-jan-eval-train-before-20260101,false
2,2026-01-26T19:00:00Z,2026-01-26T12:00:00Z,2026-01-27T03:00:00Z,8,0.268162,hgb-jan-eval-train-before-20260101,false
2,2026-01-26T19:00:00Z,2026-01-26T12:00:00Z,2026-01-27T04:00:00Z,9,0.194635,hgb-jan-eval-train-before-20260101,false
2,2026-01-26T19:00:00Z,2026-01-26T12:00:00Z,2026-01-27T05:00:00Z,10,0.080284,hgb-jan-eval-train-before-20260101,false
2,2026-01-26T19:00:00Z,2026-01-26T12:00:00Z,2026-01-27T06:00:00Z,11,0.026405,hgb-jan-eval-train-before-20260101,false
2,2026-01-26T19:00:00Z,2026-01-26T12:00:00Z,2026-01-27T07:00:00Z,12,0.033788,hgb-jan-eval-train-before-20260101,false
2,2026-01-26T19:00:00Z,2026-01-26T12:00:00Z,2026-01-27T08:00:00Z,13,0.010383,hgb-jan-eval-train-before-20260101,false
2,2026-01-26T19:00:00Z,2026-01-26T12:00:00Z,2026-01-27T09:00:00Z,14,0.010423,hgb-jan-eval-train-before-20260101,false
2,2026-01-26T19:00:00Z,2026-01-26T12:00:00Z,2026-01-27T10:00:00Z,15,0.012516,hgb-jan-eval-train-before-20260101,false
2,2026-01-26T19:00:00Z,2026-01-26T12:00:00Z,2026-01-27T11:00:00Z,16,0.025800,hgb-jan-eval-train-before-20260101,false
2,2026-01-26T19:00:00Z,2026-01-26T12:00:00Z,2026-01-27T12:00:00Z,17,0.064198,hgb-jan-eval-train-before-20260101,false
2,2026-01-26T19:00:00Z,2026-01-26T12:00:00Z,2026-01-27T13:00:00Z,18,0.080725,hgb-jan-eval-train-before-20260101,false
2,2026-01-26T19:00:00Z,2026-01-26T12:00:00Z,2026-01-27T14:00:00Z,19,0.122467,hgb-jan-eval-train-before-20260101,false
2,2026-01-26T19:00:00Z,2026-01-26T12:00:00Z,2026-01-27T15:00:00Z,20,0.151357,hgb-jan-eval-train-before-20260101,false
2,2026-01-26T19:00:00Z,2026-01-26T12:00:00Z,2026-01-27T16:00:00Z,21,0.146839,hgb-jan-eval-train-before-20260101,false
2,2026-01-26T19:00:00Z,2026-01-26T12:00:00Z,2026-01-27T17:00:00Z,22,0.139356,hgb-jan-eval-train-before-20260101,false
2,2026-01-26T19:00:00Z,2026-01-26T12:00:00Z,2026-01-27T18:00:00Z,23,0.134414,hgb-jan-eval-train-before-20260101,false
2,2026-01-26T19:00:00Z,2026-01-26T12:00:00Z,2026-01-27T19:00:00Z,24,0.131659,hgb-jan-eval-train-before-20260101,false
2,2026-01-26T19:00:00Z,2026-01-26T12:00:00Z,2026-01-27T20:00:00Z,25,0.122599,hgb-jan-eval-train-before-20260101,false
2,2026-01-26T19:00:00Z,2026-01-26T12:00:00Z,2026-01-27T21:00:00Z,26,0.182657,hgb-jan-eval-train-before-20260101,false
2,2026-01-26T19:00:00Z,2026-01-26T12:00:00Z,2026-01-27T22:00:00Z,27,0.222224,hgb-jan-eval-train-before-20260101,false
2,2026-01-26T19:00:00Z,2026-01-26T12:00:00Z,2026-01-27T23:00:00Z,28,0.316438,hgb-jan-eval-train-before-20260101,false
2,2026-01-26T19:00:00Z,2026-01-26T12:00:00Z,2026-01-28T00:00:00Z,29,0.320853,hgb-jan-eval-train-before-20260101,false
2,2026-01-26T19:00:00Z,2026-01-26T12:00:00Z,2026-01-28T01:00:00Z,30,0.313355,hgb-jan-eval-train-before-20260101,false
2,2026-01-26T19:00:00Z,2026-01-26T12:00:00Z,2026-01-28T02:00:00Z,31,0.264131,hgb-jan-eval-train-before-20260101,false
2,2026-01-26T19:00:00Z,2026-01-26T12:00:00Z,2026-01-28T03:00:00Z,32,0.135269,hgb-jan-eval-train-before-20260101,false
2,2026-01-26T19:00:00Z,2026-01-26T12:00:00Z,2026-01-28T04:00:00Z,33,0.113201,hgb-jan-eval-train-before-20260101,false
2,2026-01-26T19:00:00Z,2026-01-26T12:00:00Z,2026-01-28T05:00:00Z,34,0.029747,hgb-jan-eval-train-before-20260101,false
2,2026-01-26T19:00:00Z,2026-01-26T12:00:00Z,2026-01-28T06:00:00Z,35,0.013061,hgb-jan-eval-train-before-20260101,false
2,2026-01-26T19:00:00Z,2026-01-26T12:00:00Z,2026-01-28T07:00:00Z,36,0.007819,hgb-jan-eval-train-before-20260101,false
2,2026-01-26T19:00:00Z,2026-01-26T12:00:00Z,2026-01-28T08:00:00Z,37,0.009665,hgb-jan-eval-train-before-20260101,false
2,2026-01-26T19:00:00Z,2026-01-26T12:00:00Z,2026-01-28T09:00:00Z,38,0.011246,hgb-jan-eval-train-before-20260101,false
2,2026-01-26T19:00:00Z,2026-01-26T12:00:00Z,2026-01-28T10:00:00Z,39,0.014170,hgb-jan-eval-train-before-20260101,false
2,2026-01-26T19:00:00Z,2026-01-26T12:00:00Z,2026-01-28T11:00:00Z,40,0.014971,hgb-jan-eval-train-before-20260101,false
2,2026-01-26T19:00:00Z,2026-01-26T12:00:00Z,2026-01-28T12:00:00Z,41,0.030194,hgb-jan-eval-train-before-20260101,false
2,2026-01-26T19:00:00Z,2026-01-26T12:00:00Z,2026-01-28T13:00:00Z,42,0.112577,hgb-jan-eval-train-before-20260101,false
2,2026-01-26T19:00:00Z,2026-01-26T12:00:00Z,2026-01-28T14:00:00Z,43,0.211240,hgb-jan-eval-train-before-20260101,false
2,2026-01-26T19:00:00Z,2026-01-26T12:00:00Z,2026-01-28T15:00:00Z,44,0.412671,hgb-jan-eval-train-before-20260101,false
2,2026-01-26T19:00:00Z,2026-01-26T12:00:00Z,2026-01-28T16:00:00Z,45,0.592596,hgb-jan-eval-train-before-20260101,false
2,2026-01-26T19:00:00Z,2026-01-26T12:00:00Z,2026-01-28T17:00:00Z,46,0.517552,hgb-jan-eval-train-before-20260101,false
2,2026-01-26T19:00:00Z,2026-01-26T12:00:00Z,2026-01-28T18:00:00Z,47,0.352979,hgb-jan-eval-train-before-20260101,false
2,2026-01-26T19:00:00Z,2026-01-26T12:00:00Z,2026-01-28T19:00:00Z,48,0.190514,hgb-jan-eval-train-before-20260101,false
1,2026-01-27T19:00:00Z,2026-01-27T12:00:00Z,2026-01-27T20:00:00Z,1,0.014120,hgb-jan-eval-train-before-20260101,false
1,2026-01-27T19:00:00Z,2026-01-27T12:00:00Z,2026-01-27T21:00:00Z,2,0.012749,hgb-jan-eval-train-before-20260101,false
1,2026-01-27T19:00:00Z,2026-01-27T12:00:00Z,2026-01-27T22:00:00Z,3,0.027032,hgb-jan-eval-train-before-20260101,false
1,2026-01-27T19:00:00Z,2026-01-27T12:00:00Z,2026-01-27T23:00:00Z,4,0.071550,hgb-jan-eval-train-before-20260101,false
1,2026-01-27T19:00:00Z,2026-01-27T12:00:00Z,2026-01-28T00:00:00Z,5,0.100390,hgb-jan-eval-train-before-20260101,false
1,2026-01-27T19:00:00Z,2026-01-27T12:00:00Z,2026-01-28T01:00:00Z,6,0.117800,hgb-jan-eval-train-before-20260101,false
1,2026-01-27T19:00:00Z,2026-01-27T12:00:00Z,2026-01-28T02:00:00Z,7,0.236149,hgb-jan-eval-train-before-20260101,false
1,2026-01-27T19:00:00Z,2026-01-27T12:00:00Z,2026-01-28T03:00:00Z,8,0.300444,hgb-jan-eval-train-before-20260101,false
1,2026-01-27T19:00:00Z,2026-01-27T12:00:00Z,2026-01-28T04:00:00Z,9,0.281302,hgb-jan-eval-train-before-20260101,false
1,2026-01-27T19:00:00Z,2026-01-27T12:00:00Z,2026-01-28T05:00:00Z,10,0.152127,hgb-jan-eval-train-before-20260101,false
1,2026-01-27T19:00:00Z,2026-01-27T12:00:00Z,2026-01-28T06:00:00Z,11,0.016663,hgb-jan-eval-train-before-20260101,false
1,2026-01-27T19:00:00Z,2026-01-27T12:00:00Z,2026-01-28T07:00:00Z,12,0.015155,hgb-jan-eval-train-before-20260101,false
1,2026-01-27T19:00:00Z,2026-01-27T12:00:00Z,2026-01-28T08:00:00Z,13,0.009116,hgb-jan-eval-train-before-20260101,false
1,2026-01-27T19:00:00Z,2026-01-27T12:00:00Z,2026-01-28T09:00:00Z,14,0.013251,hgb-jan-eval-train-before-20260101,false
1,2026-01-27T19:00:00Z,2026-01-27T12:00:00Z,2026-01-28T10:00:00Z,15,0.011516,hgb-jan-eval-train-before-20260101,false
1,2026-01-27T19:00:00Z,2026-01-27T12:00:00Z,2026-01-28T11:00:00Z,16,0.070598,hgb-jan-eval-train-before-20260101,false
1,2026-01-27T19:00:00Z,2026-01-27T12:00:00Z,2026-01-28T12:00:00Z,17,0.219708,hgb-jan-eval-train-before-20260101,false
1,2026-01-27T19:00:00Z,2026-01-27T12:00:00Z,2026-01-28T13:00:00Z,18,0.650675,hgb-jan-eval-train-before-20260101,false
1,2026-01-27T19:00:00Z,2026-01-27T12:00:00Z,2026-01-28T14:00:00Z,19,0.733573,hgb-jan-eval-train-before-20260101,false
1,2026-01-27T19:00:00Z,2026-01-27T12:00:00Z,2026-01-28T15:00:00Z,20,0.558309,hgb-jan-eval-train-before-20260101,false
1,2026-01-27T19:00:00Z,2026-01-27T12:00:00Z,2026-01-28T16:00:00Z,21,0.314085,hgb-jan-eval-train-before-20260101,false
1,2026-01-27T19:00:00Z,2026-01-27T12:00:00Z,2026-01-28T17:00:00Z,22,0.318403,hgb-jan-eval-train-before-20260101,false
1,2026-01-27T19:00:00Z,2026-01-27T12:00:00Z,2026-01-28T18:00:00Z,23,0.240327,hgb-jan-eval-train-before-20260101,false
1,2026-01-27T19:00:00Z,2026-01-27T12:00:00Z,2026-01-28T19:00:00Z,24,0.104321,hgb-jan-eval-train-before-20260101,false
1,2026-01-27T19:00:00Z,2026-01-27T12:00:00Z,2026-01-28T20:00:00Z,25,0.027680,hgb-jan-eval-train-before-20260101,false
1,2026-01-27T19:00:00Z,2026-01-27T12:00:00Z,2026-01-28T21:00:00Z,26,0.013954,hgb-jan-eval-train-before-20260101,false
1,2026-01-27T19:00:00Z,2026-01-27T12:00:00Z,2026-01-28T22:00:00Z,27,0.012606,hgb-jan-eval-train-before-20260101,false
1,2026-01-27T19:00:00Z,2026-01-27T12:00:00Z,2026-01-28T23:00:00Z,28,0.009849,hgb-jan-eval-train-before-20260101,false
1,2026-01-27T19:00:00Z,2026-01-27T12:00:00Z,2026-01-29T00:00:00Z,29,0.015018,hgb-jan-eval-train-before-20260101,false
1,2026-01-27T19:00:00Z,2026-01-27T12:00:00Z,2026-01-29T01:00:00Z,30,0.012279,hgb-jan-eval-train-before-20260101,false
1,2026-01-27T19:00:00Z,2026-01-27T12:00:00Z,2026-01-29T02:00:00Z,31,0.010524,hgb-jan-eval-train-before-20260101,false
1,2026-01-27T19:00:00Z,2026-01-27T12:00:00Z,2026-01-29T03:00:00Z,32,0.012617,hgb-jan-eval-train-before-20260101,false
1,2026-01-27T19:00:00Z,2026-01-27T12:00:00Z,2026-01-29T04:00:00Z,33,0.015351,hgb-jan-eval-train-before-20260101,false
1,2026-01-27T19:00:00Z,2026-01-27T12:00:00Z,2026-01-29T05:00:00Z,34,0.044486,hgb-jan-eval-train-before-20260101,false
1,2026-01-27T19:00:00Z,2026-01-27T12:00:00Z,2026-01-29T06:00:00Z,35,0.076707,hgb-jan-eval-train-before-20260101,false
1,2026-01-27T19:00:00Z,2026-01-27T12:00:00Z,2026-01-29T07:00:00Z,36,0.141469,hgb-jan-eval-train-before-20260101,false
1,2026-01-27T19:00:00Z,2026-01-27T12:00:00Z,2026-01-29T08:00:00Z,37,0.231330,hgb-jan-eval-train-before-20260101,false
1,2026-01-27T19:00:00Z,2026-01-27T12:00:00Z,2026-01-29T09:00:00Z,38,0.225808,hgb-jan-eval-train-before-20260101,false
1,2026-01-27T19:00:00Z,2026-01-27T12:00:00Z,2026-01-29T10:00:00Z,39,0.244945,hgb-jan-eval-train-before-20260101,false
1,2026-01-27T19:00:00Z,2026-01-27T12:00:00Z,2026-01-29T11:00:00Z,40,0.416374,hgb-jan-eval-train-before-20260101,false
1,2026-01-27T19:00:00Z,2026-01-27T12:00:00Z,2026-01-29T12:00:00Z,41,0.479000,hgb-jan-eval-train-before-20260101,false
1,2026-01-27T19:00:00Z,2026-01-27T12:00:00Z,2026-01-29T13:00:00Z,42,0.492867,hgb-jan-eval-train-before-20260101,false
1,2026-01-27T19:00:00Z,2026-01-27T12:00:00Z,2026-01-29T14:00:00Z,43,0.534657,hgb-jan-eval-train-before-20260101,false
1,2026-01-27T19:00:00Z,2026-01-27T12:00:00Z,2026-01-29T15:00:00Z,44,0.745170,hgb-jan-eval-train-before-20260101,false
1,2026-01-27T19:00:00Z,2026-01-27T12:00:00Z,2026-01-29T16:00:00Z,45,0.862863,hgb-jan-eval-train-before-20260101,false
1,2026-01-27T19:00:00Z,2026-01-27T12:00:00Z,2026-01-29T17:00:00Z,46,0.883338,hgb-jan-eval-train-before-20260101,false
1,2026-01-27T19:00:00Z,2026-01-27T12:00:00Z,2026-01-29T18:00:00Z,47,0.909133,hgb-jan-eval-train-before-20260101,false
1,2026-01-27T19:00:00Z,2026-01-27T12:00:00Z,2026-01-29T19:00:00Z,48,0.942135,hgb-jan-eval-train-before-20260101,false
2,2026-01-27T19:00:00Z,2026-01-27T12:00:00Z,2026-01-27T20:00:00Z,1,0.013687,hgb-jan-eval-train-before-20260101,false
2,2026-01-27T19:00:00Z,2026-01-27T12:00:00Z,2026-01-27T21:00:00Z,2,0.012317,hgb-jan-eval-train-before-20260101,false
2,2026-01-27T19:00:00Z,2026-01-27T12:00:00Z,2026-01-27T22:00:00Z,3,0.026600,hgb-jan-eval-train-before-20260101,false
2,2026-01-27T19:00:00Z,2026-01-27T12:00:00Z,2026-01-27T23:00:00Z,4,0.071117,hgb-jan-eval-train-before-20260101,false
2,2026-01-27T19:00:00Z,2026-01-27T12:00:00Z,2026-01-28T00:00:00Z,5,0.099958,hgb-jan-eval-train-before-20260101,false
2,2026-01-27T19:00:00Z,2026-01-27T12:00:00Z,2026-01-28T01:00:00Z,6,0.117368,hgb-jan-eval-train-before-20260101,false
2,2026-01-27T19:00:00Z,2026-01-27T12:00:00Z,2026-01-28T02:00:00Z,7,0.235717,hgb-jan-eval-train-before-20260101,false
2,2026-01-27T19:00:00Z,2026-01-27T12:00:00Z,2026-01-28T03:00:00Z,8,0.300107,hgb-jan-eval-train-before-20260101,false
2,2026-01-27T19:00:00Z,2026-01-27T12:00:00Z,2026-01-28T04:00:00Z,9,0.280965,hgb-jan-eval-train-before-20260101,false
2,2026-01-27T19:00:00Z,2026-01-27T12:00:00Z,2026-01-28T05:00:00Z,10,0.151790,hgb-jan-eval-train-before-20260101,false
2,2026-01-27T19:00:00Z,2026-01-27T12:00:00Z,2026-01-28T06:00:00Z,11,0.016326,hgb-jan-eval-train-before-20260101,false
2,2026-01-27T19:00:00Z,2026-01-27T12:00:00Z,2026-01-28T07:00:00Z,12,0.014818,hgb-jan-eval-train-before-20260101,false
2,2026-01-27T19:00:00Z,2026-01-27T12:00:00Z,2026-01-28T08:00:00Z,13,0.008779,hgb-jan-eval-train-before-20260101,false
2,2026-01-27T19:00:00Z,2026-01-27T12:00:00Z,2026-01-28T09:00:00Z,14,0.012080,hgb-jan-eval-train-before-20260101,false
2,2026-01-27T19:00:00Z,2026-01-27T12:00:00Z,2026-01-28T10:00:00Z,15,0.011179,hgb-jan-eval-train-before-20260101,false
2,2026-01-27T19:00:00Z,2026-01-27T12:00:00Z,2026-01-28T11:00:00Z,16,0.066946,hgb-jan-eval-train-before-20260101,false
2,2026-01-27T19:00:00Z,2026-01-27T12:00:00Z,2026-01-28T12:00:00Z,17,0.223801,hgb-jan-eval-train-before-20260101,false
2,2026-01-27T19:00:00Z,2026-01-27T12:00:00Z,2026-01-28T13:00:00Z,18,0.654768,hgb-jan-eval-train-before-20260101,false
2,2026-01-27T19:00:00Z,2026-01-27T12:00:00Z,2026-01-28T14:00:00Z,19,0.737717,hgb-jan-eval-train-before-20260101,false
2,2026-01-27T19:00:00Z,2026-01-27T12:00:00Z,2026-01-28T15:00:00Z,20,0.557247,hgb-jan-eval-train-before-20260101,false
2,2026-01-27T19:00:00Z,2026-01-27T12:00:00Z,2026-01-28T16:00:00Z,21,0.313023,hgb-jan-eval-train-before-20260101,false
2,2026-01-27T19:00:00Z,2026-01-27T12:00:00Z,2026-01-28T17:00:00Z,22,0.317340,hgb-jan-eval-train-before-20260101,false
2,2026-01-27T19:00:00Z,2026-01-27T12:00:00Z,2026-01-28T18:00:00Z,23,0.239264,hgb-jan-eval-train-before-20260101,false
2,2026-01-27T19:00:00Z,2026-01-27T12:00:00Z,2026-01-28T19:00:00Z,24,0.100574,hgb-jan-eval-train-before-20260101,false
2,2026-01-27T19:00:00Z,2026-01-27T12:00:00Z,2026-01-28T20:00:00Z,25,0.026414,hgb-jan-eval-train-before-20260101,false
2,2026-01-27T19:00:00Z,2026-01-27T12:00:00Z,2026-01-28T21:00:00Z,26,0.012688,hgb-jan-eval-train-before-20260101,false
2,2026-01-27T19:00:00Z,2026-01-27T12:00:00Z,2026-01-28T22:00:00Z,27,0.012174,hgb-jan-eval-train-before-20260101,false
2,2026-01-27T19:00:00Z,2026-01-27T12:00:00Z,2026-01-28T23:00:00Z,28,0.009417,hgb-jan-eval-train-before-20260101,false
2,2026-01-27T19:00:00Z,2026-01-27T12:00:00Z,2026-01-29T00:00:00Z,29,0.014586,hgb-jan-eval-train-before-20260101,false
2,2026-01-27T19:00:00Z,2026-01-27T12:00:00Z,2026-01-29T01:00:00Z,30,0.011847,hgb-jan-eval-train-before-20260101,false
2,2026-01-27T19:00:00Z,2026-01-27T12:00:00Z,2026-01-29T02:00:00Z,31,0.009258,hgb-jan-eval-train-before-20260101,false
2,2026-01-27T19:00:00Z,2026-01-27T12:00:00Z,2026-01-29T03:00:00Z,32,0.011445,hgb-jan-eval-train-before-20260101,false
2,2026-01-27T19:00:00Z,2026-01-27T12:00:00Z,2026-01-29T04:00:00Z,33,0.014180,hgb-jan-eval-train-before-20260101,false
2,2026-01-27T19:00:00Z,2026-01-27T12:00:00Z,2026-01-29T05:00:00Z,34,0.043179,hgb-jan-eval-train-before-20260101,false
2,2026-01-27T19:00:00Z,2026-01-27T12:00:00Z,2026-01-29T06:00:00Z,35,0.075400,hgb-jan-eval-train-before-20260101,false
2,2026-01-27T19:00:00Z,2026-01-27T12:00:00Z,2026-01-29T07:00:00Z,36,0.140213,hgb-jan-eval-train-before-20260101,false
2,2026-01-27T19:00:00Z,2026-01-27T12:00:00Z,2026-01-29T08:00:00Z,37,0.231044,hgb-jan-eval-train-before-20260101,false
2,2026-01-27T19:00:00Z,2026-01-27T12:00:00Z,2026-01-29T09:00:00Z,38,0.225522,hgb-jan-eval-train-before-20260101,false
2,2026-01-27T19:00:00Z,2026-01-27T12:00:00Z,2026-01-29T10:00:00Z,39,0.244659,hgb-jan-eval-train-before-20260101,false
2,2026-01-27T19:00:00Z,2026-01-27T12:00:00Z,2026-01-29T11:00:00Z,40,0.416088,hgb-jan-eval-train-before-20260101,false
2,2026-01-27T19:00:00Z,2026-01-27T12:00:00Z,2026-01-29T12:00:00Z,41,0.478567,hgb-jan-eval-train-before-20260101,false
2,2026-01-27T19:00:00Z,2026-01-27T12:00:00Z,2026-01-29T13:00:00Z,42,0.496960,hgb-jan-eval-train-before-20260101,false
2,2026-01-27T19:00:00Z,2026-01-27T12:00:00Z,2026-01-29T14:00:00Z,43,0.538751,hgb-jan-eval-train-before-20260101,false
2,2026-01-27T19:00:00Z,2026-01-27T12:00:00Z,2026-01-29T15:00:00Z,44,0.744107,hgb-jan-eval-train-before-20260101,false
2,2026-01-27T19:00:00Z,2026-01-27T12:00:00Z,2026-01-29T16:00:00Z,45,0.861852,hgb-jan-eval-train-before-20260101,false
2,2026-01-27T19:00:00Z,2026-01-27T12:00:00Z,2026-01-29T17:00:00Z,46,0.882327,hgb-jan-eval-train-before-20260101,false
2,2026-01-27T19:00:00Z,2026-01-27T12:00:00Z,2026-01-29T18:00:00Z,47,0.908122,hgb-jan-eval-train-before-20260101,false
2,2026-01-27T19:00:00Z,2026-01-27T12:00:00Z,2026-01-29T19:00:00Z,48,0.941124,hgb-jan-eval-train-before-20260101,false
1,2026-01-28T19:00:00Z,2026-01-28T12:00:00Z,2026-01-28T20:00:00Z,1,0.135271,hgb-jan-eval-train-before-20260101,false
1,2026-01-28T19:00:00Z,2026-01-28T12:00:00Z,2026-01-28T21:00:00Z,2,0.040580,hgb-jan-eval-train-before-20260101,false
1,2026-01-28T19:00:00Z,2026-01-28T12:00:00Z,2026-01-28T22:00:00Z,3,0.076141,hgb-jan-eval-train-before-20260101,false
1,2026-01-28T19:00:00Z,2026-01-28T12:00:00Z,2026-01-28T23:00:00Z,4,0.232457,hgb-jan-eval-train-before-20260101,false
1,2026-01-28T19:00:00Z,2026-01-28T12:00:00Z,2026-01-29T00:00:00Z,5,0.060538,hgb-jan-eval-train-before-20260101,false
1,2026-01-28T19:00:00Z,2026-01-28T12:00:00Z,2026-01-29T01:00:00Z,6,0.014397,hgb-jan-eval-train-before-20260101,false
1,2026-01-28T19:00:00Z,2026-01-28T12:00:00Z,2026-01-29T02:00:00Z,7,0.012066,hgb-jan-eval-train-before-20260101,false
1,2026-01-28T19:00:00Z,2026-01-28T12:00:00Z,2026-01-29T03:00:00Z,8,0.023336,hgb-jan-eval-train-before-20260101,false
1,2026-01-28T19:00:00Z,2026-01-28T12:00:00Z,2026-01-29T04:00:00Z,9,0.035804,hgb-jan-eval-train-before-20260101,false
1,2026-01-28T19:00:00Z,2026-01-28T12:00:00Z,2026-01-29T05:00:00Z,10,0.084269,hgb-jan-eval-train-before-20260101,false
1,2026-01-28T19:00:00Z,2026-01-28T12:00:00Z,2026-01-29T06:00:00Z,11,0.099461,hgb-jan-eval-train-before-20260101,false
1,2026-01-28T19:00:00Z,2026-01-28T12:00:00Z,2026-01-29T07:00:00Z,12,0.340609,hgb-jan-eval-train-before-20260101,false
1,2026-01-28T19:00:00Z,2026-01-28T12:00:00Z,2026-01-29T08:00:00Z,13,0.599703,hgb-jan-eval-train-before-20260101,false
1,2026-01-28T19:00:00Z,2026-01-28T12:00:00Z,2026-01-29T09:00:00Z,14,0.624997,hgb-jan-eval-train-before-20260101,false
1,2026-01-28T19:00:00Z,2026-01-28T12:00:00Z,2026-01-29T10:00:00Z,15,0.420554,hgb-jan-eval-train-before-20260101,false
1,2026-01-28T19:00:00Z,2026-01-28T12:00:00Z,2026-01-29T11:00:00Z,16,0.524502,hgb-jan-eval-train-before-20260101,false
1,2026-01-28T19:00:00Z,2026-01-28T12:00:00Z,2026-01-29T12:00:00Z,17,0.521523,hgb-jan-eval-train-before-20260101,false
1,2026-01-28T19:00:00Z,2026-01-28T12:00:00Z,2026-01-29T13:00:00Z,18,0.540962,hgb-jan-eval-train-before-20260101,false
1,2026-01-28T19:00:00Z,2026-01-28T12:00:00Z,2026-01-29T14:00:00Z,19,0.770273,hgb-jan-eval-train-before-20260101,false
1,2026-01-28T19:00:00Z,2026-01-28T12:00:00Z,2026-01-29T15:00:00Z,20,0.811523,hgb-jan-eval-train-before-20260101,false
1,2026-01-28T19:00:00Z,2026-01-28T12:00:00Z,2026-01-29T16:00:00Z,21,0.847625,hgb-jan-eval-train-before-20260101,false
1,2026-01-28T19:00:00Z,2026-01-28T12:00:00Z,2026-01-29T17:00:00Z,22,0.828038,hgb-jan-eval-train-before-20260101,false
1,2026-01-28T19:00:00Z,2026-01-28T12:00:00Z,2026-01-29T18:00:00Z,23,0.834840,hgb-jan-eval-train-before-20260101,false
1,2026-01-28T19:00:00Z,2026-01-28T12:00:00Z,2026-01-29T19:00:00Z,24,0.798911,hgb-jan-eval-train-before-20260101,false
1,2026-01-28T19:00:00Z,2026-01-28T12:00:00Z,2026-01-29T20:00:00Z,25,0.872067,hgb-jan-eval-train-before-20260101,false
1,2026-01-28T19:00:00Z,2026-01-28T12:00:00Z,2026-01-29T21:00:00Z,26,0.861799,hgb-jan-eval-train-before-20260101,false
1,2026-01-28T19:00:00Z,2026-01-28T12:00:00Z,2026-01-29T22:00:00Z,27,0.777965,hgb-jan-eval-train-before-20260101,false
1,2026-01-28T19:00:00Z,2026-01-28T12:00:00Z,2026-01-29T23:00:00Z,28,0.827967,hgb-jan-eval-train-before-20260101,false
1,2026-01-28T19:00:00Z,2026-01-28T12:00:00Z,2026-01-30T00:00:00Z,29,0.751205,hgb-jan-eval-train-before-20260101,false
1,2026-01-28T19:00:00Z,2026-01-28T12:00:00Z,2026-01-30T01:00:00Z,30,0.718965,hgb-jan-eval-train-before-20260101,false
1,2026-01-28T19:00:00Z,2026-01-28T12:00:00Z,2026-01-30T02:00:00Z,31,0.702444,hgb-jan-eval-train-before-20260101,false
1,2026-01-28T19:00:00Z,2026-01-28T12:00:00Z,2026-01-30T03:00:00Z,32,0.731538,hgb-jan-eval-train-before-20260101,false
1,2026-01-28T19:00:00Z,2026-01-28T12:00:00Z,2026-01-30T04:00:00Z,33,0.848635,hgb-jan-eval-train-before-20260101,false
1,2026-01-28T19:00:00Z,2026-01-28T12:00:00Z,2026-01-30T05:00:00Z,34,0.872483,hgb-jan-eval-train-before-20260101,false
1,2026-01-28T19:00:00Z,2026-01-28T12:00:00Z,2026-01-30T06:00:00Z,35,0.961152,hgb-jan-eval-train-before-20260101,false
1,2026-01-28T19:00:00Z,2026-01-28T12:00:00Z,2026-01-30T07:00:00Z,36,0.963372,hgb-jan-eval-train-before-20260101,false
1,2026-01-28T19:00:00Z,2026-01-28T12:00:00Z,2026-01-30T08:00:00Z,37,0.961543,hgb-jan-eval-train-before-20260101,false
1,2026-01-28T19:00:00Z,2026-01-28T12:00:00Z,2026-01-30T09:00:00Z,38,0.961884,hgb-jan-eval-train-before-20260101,false
1,2026-01-28T19:00:00Z,2026-01-28T12:00:00Z,2026-01-30T10:00:00Z,39,0.984022,hgb-jan-eval-train-before-20260101,false
1,2026-01-28T19:00:00Z,2026-01-28T12:00:00Z,2026-01-30T11:00:00Z,40,0.943720,hgb-jan-eval-train-before-20260101,false
1,2026-01-28T19:00:00Z,2026-01-28T12:00:00Z,2026-01-30T12:00:00Z,41,1.000000,hgb-jan-eval-train-before-20260101,false
1,2026-01-28T19:00:00Z,2026-01-28T12:00:00Z,2026-01-30T13:00:00Z,42,0.855405,hgb-jan-eval-train-before-20260101,false
1,2026-01-28T19:00:00Z,2026-01-28T12:00:00Z,2026-01-30T14:00:00Z,43,0.733494,hgb-jan-eval-train-before-20260101,false
1,2026-01-28T19:00:00Z,2026-01-28T12:00:00Z,2026-01-30T15:00:00Z,44,0.754996,hgb-jan-eval-train-before-20260101,false
1,2026-01-28T19:00:00Z,2026-01-28T12:00:00Z,2026-01-30T16:00:00Z,45,0.596163,hgb-jan-eval-train-before-20260101,false
1,2026-01-28T19:00:00Z,2026-01-28T12:00:00Z,2026-01-30T17:00:00Z,46,0.336159,hgb-jan-eval-train-before-20260101,false
1,2026-01-28T19:00:00Z,2026-01-28T12:00:00Z,2026-01-30T18:00:00Z,47,0.239934,hgb-jan-eval-train-before-20260101,false
1,2026-01-28T19:00:00Z,2026-01-28T12:00:00Z,2026-01-30T19:00:00Z,48,0.178723,hgb-jan-eval-train-before-20260101,false
2,2026-01-28T19:00:00Z,2026-01-28T12:00:00Z,2026-01-28T20:00:00Z,1,0.131524,hgb-jan-eval-train-before-20260101,false
2,2026-01-28T19:00:00Z,2026-01-28T12:00:00Z,2026-01-28T21:00:00Z,2,0.039313,hgb-jan-eval-train-before-20260101,false
2,2026-01-28T19:00:00Z,2026-01-28T12:00:00Z,2026-01-28T22:00:00Z,3,0.072394,hgb-jan-eval-train-before-20260101,false
2,2026-01-28T19:00:00Z,2026-01-28T12:00:00Z,2026-01-28T23:00:00Z,4,0.228710,hgb-jan-eval-train-before-20260101,false
2,2026-01-28T19:00:00Z,2026-01-28T12:00:00Z,2026-01-29T00:00:00Z,5,0.056791,hgb-jan-eval-train-before-20260101,false
2,2026-01-28T19:00:00Z,2026-01-28T12:00:00Z,2026-01-29T01:00:00Z,6,0.013131,hgb-jan-eval-train-before-20260101,false
2,2026-01-28T19:00:00Z,2026-01-28T12:00:00Z,2026-01-29T02:00:00Z,7,0.010800,hgb-jan-eval-train-before-20260101,false
2,2026-01-28T19:00:00Z,2026-01-28T12:00:00Z,2026-01-29T03:00:00Z,8,0.022165,hgb-jan-eval-train-before-20260101,false
2,2026-01-28T19:00:00Z,2026-01-28T12:00:00Z,2026-01-29T04:00:00Z,9,0.034633,hgb-jan-eval-train-before-20260101,false
2,2026-01-28T19:00:00Z,2026-01-28T12:00:00Z,2026-01-29T05:00:00Z,10,0.083932,hgb-jan-eval-train-before-20260101,false
2,2026-01-28T19:00:00Z,2026-01-28T12:00:00Z,2026-01-29T06:00:00Z,11,0.099175,hgb-jan-eval-train-before-20260101,false
2,2026-01-28T19:00:00Z,2026-01-28T12:00:00Z,2026-01-29T07:00:00Z,12,0.340514,hgb-jan-eval-train-before-20260101,false
2,2026-01-28T19:00:00Z,2026-01-28T12:00:00Z,2026-01-29T08:00:00Z,13,0.599608,hgb-jan-eval-train-before-20260101,false
2,2026-01-28T19:00:00Z,2026-01-28T12:00:00Z,2026-01-29T09:00:00Z,14,0.624902,hgb-jan-eval-train-before-20260101,false
2,2026-01-28T19:00:00Z,2026-01-28T12:00:00Z,2026-01-29T10:00:00Z,15,0.420459,hgb-jan-eval-train-before-20260101,false
2,2026-01-28T19:00:00Z,2026-01-28T12:00:00Z,2026-01-29T11:00:00Z,16,0.524216,hgb-jan-eval-train-before-20260101,false
2,2026-01-28T19:00:00Z,2026-01-28T12:00:00Z,2026-01-29T12:00:00Z,17,0.521090,hgb-jan-eval-train-before-20260101,false
2,2026-01-28T19:00:00Z,2026-01-28T12:00:00Z,2026-01-29T13:00:00Z,18,0.545055,hgb-jan-eval-train-before-20260101,false
2,2026-01-28T19:00:00Z,2026-01-28T12:00:00Z,2026-01-29T14:00:00Z,19,0.774417,hgb-jan-eval-train-before-20260101,false
2,2026-01-28T19:00:00Z,2026-01-28T12:00:00Z,2026-01-29T15:00:00Z,20,0.810512,hgb-jan-eval-train-before-20260101,false
2,2026-01-28T19:00:00Z,2026-01-28T12:00:00Z,2026-01-29T16:00:00Z,21,0.846614,hgb-jan-eval-train-before-20260101,false
2,2026-01-28T19:00:00Z,2026-01-28T12:00:00Z,2026-01-29T17:00:00Z,22,0.827027,hgb-jan-eval-train-before-20260101,false
2,2026-01-28T19:00:00Z,2026-01-28T12:00:00Z,2026-01-29T18:00:00Z,23,0.833829,hgb-jan-eval-train-before-20260101,false
2,2026-01-28T19:00:00Z,2026-01-28T12:00:00Z,2026-01-29T19:00:00Z,24,0.799846,hgb-jan-eval-train-before-20260101,false
2,2026-01-28T19:00:00Z,2026-01-28T12:00:00Z,2026-01-29T20:00:00Z,25,0.873002,hgb-jan-eval-train-before-20260101,false
2,2026-01-28T19:00:00Z,2026-01-28T12:00:00Z,2026-01-29T21:00:00Z,26,0.863063,hgb-jan-eval-train-before-20260101,false
2,2026-01-28T19:00:00Z,2026-01-28T12:00:00Z,2026-01-29T22:00:00Z,27,0.776954,hgb-jan-eval-train-before-20260101,false
2,2026-01-28T19:00:00Z,2026-01-28T12:00:00Z,2026-01-29T23:00:00Z,28,0.826956,hgb-jan-eval-train-before-20260101,false
2,2026-01-28T19:00:00Z,2026-01-28T12:00:00Z,2026-01-30T00:00:00Z,29,0.750194,hgb-jan-eval-train-before-20260101,false
2,2026-01-28T19:00:00Z,2026-01-28T12:00:00Z,2026-01-30T01:00:00Z,30,0.717954,hgb-jan-eval-train-before-20260101,false
2,2026-01-28T19:00:00Z,2026-01-28T12:00:00Z,2026-01-30T02:00:00Z,31,0.701433,hgb-jan-eval-train-before-20260101,false
2,2026-01-28T19:00:00Z,2026-01-28T12:00:00Z,2026-01-30T03:00:00Z,32,0.730622,hgb-jan-eval-train-before-20260101,false
2,2026-01-28T19:00:00Z,2026-01-28T12:00:00Z,2026-01-30T04:00:00Z,33,0.849994,hgb-jan-eval-train-before-20260101,false
2,2026-01-28T19:00:00Z,2026-01-28T12:00:00Z,2026-01-30T05:00:00Z,34,0.874472,hgb-jan-eval-train-before-20260101,false
2,2026-01-28T19:00:00Z,2026-01-28T12:00:00Z,2026-01-30T06:00:00Z,35,0.957224,hgb-jan-eval-train-before-20260101,false
2,2026-01-28T19:00:00Z,2026-01-28T12:00:00Z,2026-01-30T07:00:00Z,36,0.959508,hgb-jan-eval-train-before-20260101,false
2,2026-01-28T19:00:00Z,2026-01-28T12:00:00Z,2026-01-30T08:00:00Z,37,0.958412,hgb-jan-eval-train-before-20260101,false
2,2026-01-28T19:00:00Z,2026-01-28T12:00:00Z,2026-01-30T09:00:00Z,38,0.958694,hgb-jan-eval-train-before-20260101,false
2,2026-01-28T19:00:00Z,2026-01-28T12:00:00Z,2026-01-30T10:00:00Z,39,0.966896,hgb-jan-eval-train-before-20260101,false
2,2026-01-28T19:00:00Z,2026-01-28T12:00:00Z,2026-01-30T11:00:00Z,40,0.938026,hgb-jan-eval-train-before-20260101,false
2,2026-01-28T19:00:00Z,2026-01-28T12:00:00Z,2026-01-30T12:00:00Z,41,1.000000,hgb-jan-eval-train-before-20260101,false
2,2026-01-28T19:00:00Z,2026-01-28T12:00:00Z,2026-01-30T13:00:00Z,42,0.859550,hgb-jan-eval-train-before-20260101,false
2,2026-01-28T19:00:00Z,2026-01-28T12:00:00Z,2026-01-30T14:00:00Z,43,0.737587,hgb-jan-eval-train-before-20260101,false
2,2026-01-28T19:00:00Z,2026-01-28T12:00:00Z,2026-01-30T15:00:00Z,44,0.753933,hgb-jan-eval-train-before-20260101,false
2,2026-01-28T19:00:00Z,2026-01-28T12:00:00Z,2026-01-30T16:00:00Z,45,0.595100,hgb-jan-eval-train-before-20260101,false
2,2026-01-28T19:00:00Z,2026-01-28T12:00:00Z,2026-01-30T17:00:00Z,46,0.335097,hgb-jan-eval-train-before-20260101,false
2,2026-01-28T19:00:00Z,2026-01-28T12:00:00Z,2026-01-30T18:00:00Z,47,0.238871,hgb-jan-eval-train-before-20260101,false
2,2026-01-28T19:00:00Z,2026-01-28T12:00:00Z,2026-01-30T19:00:00Z,48,0.177605,hgb-jan-eval-train-before-20260101,false
1,2026-01-29T19:00:00Z,2026-01-29T12:00:00Z,2026-01-29T20:00:00Z,1,0.645276,hgb-jan-eval-train-before-20260101,false
1,2026-01-29T19:00:00Z,2026-01-29T12:00:00Z,2026-01-29T21:00:00Z,2,0.608035,hgb-jan-eval-train-before-20260101,false
1,2026-01-29T19:00:00Z,2026-01-29T12:00:00Z,2026-01-29T22:00:00Z,3,0.687016,hgb-jan-eval-train-before-20260101,false
1,2026-01-29T19:00:00Z,2026-01-29T12:00:00Z,2026-01-29T23:00:00Z,4,0.755225,hgb-jan-eval-train-before-20260101,false
1,2026-01-29T19:00:00Z,2026-01-29T12:00:00Z,2026-01-30T00:00:00Z,5,0.755225,hgb-jan-eval-train-before-20260101,false
1,2026-01-29T19:00:00Z,2026-01-29T12:00:00Z,2026-01-30T01:00:00Z,6,0.760460,hgb-jan-eval-train-before-20260101,false
1,2026-01-29T19:00:00Z,2026-01-29T12:00:00Z,2026-01-30T02:00:00Z,7,0.773191,hgb-jan-eval-train-before-20260101,false
1,2026-01-29T19:00:00Z,2026-01-29T12:00:00Z,2026-01-30T03:00:00Z,8,0.799202,hgb-jan-eval-train-before-20260101,false
1,2026-01-29T19:00:00Z,2026-01-29T12:00:00Z,2026-01-30T04:00:00Z,9,0.868383,hgb-jan-eval-train-before-20260101,false
1,2026-01-29T19:00:00Z,2026-01-29T12:00:00Z,2026-01-30T05:00:00Z,10,0.950860,hgb-jan-eval-train-before-20260101,false
1,2026-01-29T19:00:00Z,2026-01-29T12:00:00Z,2026-01-30T06:00:00Z,11,0.964151,hgb-jan-eval-train-before-20260101,false
1,2026-01-29T19:00:00Z,2026-01-29T12:00:00Z,2026-01-30T07:00:00Z,12,0.963572,hgb-jan-eval-train-before-20260101,false
1,2026-01-29T19:00:00Z,2026-01-29T12:00:00Z,2026-01-30T08:00:00Z,13,0.975138,hgb-jan-eval-train-before-20260101,false
1,2026-01-29T19:00:00Z,2026-01-29T12:00:00Z,2026-01-30T09:00:00Z,14,0.971984,hgb-jan-eval-train-before-20260101,false
1,2026-01-29T19:00:00Z,2026-01-29T12:00:00Z,2026-01-30T10:00:00Z,15,0.983482,hgb-jan-eval-train-before-20260101,false
1,2026-01-29T19:00:00Z,2026-01-29T12:00:00Z,2026-01-30T11:00:00Z,16,0.957871,hgb-jan-eval-train-before-20260101,false
1,2026-01-29T19:00:00Z,2026-01-29T12:00:00Z,2026-01-30T12:00:00Z,17,0.899673,hgb-jan-eval-train-before-20260101,false
1,2026-01-29T19:00:00Z,2026-01-29T12:00:00Z,2026-01-30T13:00:00Z,18,0.881108,hgb-jan-eval-train-before-20260101,false
1,2026-01-29T19:00:00Z,2026-01-29T12:00:00Z,2026-01-30T14:00:00Z,19,0.788213,hgb-jan-eval-train-before-20260101,false
1,2026-01-29T19:00:00Z,2026-01-29T12:00:00Z,2026-01-30T15:00:00Z,20,0.877528,hgb-jan-eval-train-before-20260101,false
1,2026-01-29T19:00:00Z,2026-01-29T12:00:00Z,2026-01-30T16:00:00Z,21,0.887048,hgb-jan-eval-train-before-20260101,false
1,2026-01-29T19:00:00Z,2026-01-29T12:00:00Z,2026-01-30T17:00:00Z,22,0.863301,hgb-jan-eval-train-before-20260101,false
1,2026-01-29T19:00:00Z,2026-01-29T12:00:00Z,2026-01-30T18:00:00Z,23,0.801101,hgb-jan-eval-train-before-20260101,false
1,2026-01-29T19:00:00Z,2026-01-29T12:00:00Z,2026-01-30T19:00:00Z,24,0.747334,hgb-jan-eval-train-before-20260101,false
1,2026-01-29T19:00:00Z,2026-01-29T12:00:00Z,2026-01-30T20:00:00Z,25,0.604463,hgb-jan-eval-train-before-20260101,false
1,2026-01-29T19:00:00Z,2026-01-29T12:00:00Z,2026-01-30T21:00:00Z,26,0.578294,hgb-jan-eval-train-before-20260101,false
1,2026-01-29T19:00:00Z,2026-01-29T12:00:00Z,2026-01-30T22:00:00Z,27,0.684032,hgb-jan-eval-train-before-20260101,false
1,2026-01-29T19:00:00Z,2026-01-29T12:00:00Z,2026-01-30T23:00:00Z,28,0.734809,hgb-jan-eval-train-before-20260101,false
1,2026-01-29T19:00:00Z,2026-01-29T12:00:00Z,2026-01-31T00:00:00Z,29,0.701314,hgb-jan-eval-train-before-20260101,false
1,2026-01-29T19:00:00Z,2026-01-29T12:00:00Z,2026-01-31T01:00:00Z,30,0.728516,hgb-jan-eval-train-before-20260101,false
1,2026-01-29T19:00:00Z,2026-01-29T12:00:00Z,2026-01-31T02:00:00Z,31,0.695142,hgb-jan-eval-train-before-20260101,false
1,2026-01-29T19:00:00Z,2026-01-29T12:00:00Z,2026-01-31T03:00:00Z,32,0.737730,hgb-jan-eval-train-before-20260101,false
1,2026-01-29T19:00:00Z,2026-01-29T12:00:00Z,2026-01-31T04:00:00Z,33,0.817854,hgb-jan-eval-train-before-20260101,false
1,2026-01-29T19:00:00Z,2026-01-29T12:00:00Z,2026-01-31T05:00:00Z,34,0.904328,hgb-jan-eval-train-before-20260101,false
1,2026-01-29T19:00:00Z,2026-01-29T12:00:00Z,2026-01-31T06:00:00Z,35,0.931589,hgb-jan-eval-train-before-20260101,false
1,2026-01-29T19:00:00Z,2026-01-29T12:00:00Z,2026-01-31T07:00:00Z,36,0.892796,hgb-jan-eval-train-before-20260101,false
1,2026-01-29T19:00:00Z,2026-01-29T12:00:00Z,2026-01-31T08:00:00Z,37,0.806831,hgb-jan-eval-train-before-20260101,false
1,2026-01-29T19:00:00Z,2026-01-29T12:00:00Z,2026-01-31T09:00:00Z,38,0.848808,hgb-jan-eval-train-before-20260101,false
1,2026-01-29T19:00:00Z,2026-01-29T12:00:00Z,2026-01-31T10:00:00Z,39,0.889613,hgb-jan-eval-train-before-20260101,false
1,2026-01-29T19:00:00Z,2026-01-29T12:00:00Z,2026-01-31T11:00:00Z,40,0.852013,hgb-jan-eval-train-before-20260101,false
1,2026-01-29T19:00:00Z,2026-01-29T12:00:00Z,2026-01-31T12:00:00Z,41,0.750320,hgb-jan-eval-train-before-20260101,false
1,2026-01-29T19:00:00Z,2026-01-29T12:00:00Z,2026-01-31T13:00:00Z,42,0.321556,hgb-jan-eval-train-before-20260101,false
1,2026-01-29T19:00:00Z,2026-01-29T12:00:00Z,2026-01-31T14:00:00Z,43,0.110334,hgb-jan-eval-train-before-20260101,false
1,2026-01-29T19:00:00Z,2026-01-29T12:00:00Z,2026-01-31T15:00:00Z,44,0.041730,hgb-jan-eval-train-before-20260101,false
1,2026-01-29T19:00:00Z,2026-01-29T12:00:00Z,2026-01-31T16:00:00Z,45,0.017900,hgb-jan-eval-train-before-20260101,false
1,2026-01-29T19:00:00Z,2026-01-29T12:00:00Z,2026-01-31T17:00:00Z,46,0.014415,hgb-jan-eval-train-before-20260101,false
1,2026-01-29T19:00:00Z,2026-01-29T12:00:00Z,2026-01-31T18:00:00Z,47,0.014240,hgb-jan-eval-train-before-20260101,false
1,2026-01-29T19:00:00Z,2026-01-29T12:00:00Z,2026-01-31T19:00:00Z,48,0.010642,hgb-jan-eval-train-before-20260101,false
2,2026-01-29T19:00:00Z,2026-01-29T12:00:00Z,2026-01-29T20:00:00Z,1,0.644265,hgb-jan-eval-train-before-20260101,false
2,2026-01-29T19:00:00Z,2026-01-29T12:00:00Z,2026-01-29T21:00:00Z,2,0.607024,hgb-jan-eval-train-before-20260101,false
2,2026-01-29T19:00:00Z,2026-01-29T12:00:00Z,2026-01-29T22:00:00Z,3,0.686005,hgb-jan-eval-train-before-20260101,false
2,2026-01-29T19:00:00Z,2026-01-29T12:00:00Z,2026-01-29T23:00:00Z,4,0.754214,hgb-jan-eval-train-before-20260101,false
2,2026-01-29T19:00:00Z,2026-01-29T12:00:00Z,2026-01-30T00:00:00Z,5,0.754214,hgb-jan-eval-train-before-20260101,false
2,2026-01-29T19:00:00Z,2026-01-29T12:00:00Z,2026-01-30T01:00:00Z,6,0.759449,hgb-jan-eval-train-before-20260101,false
2,2026-01-29T19:00:00Z,2026-01-29T12:00:00Z,2026-01-30T02:00:00Z,7,0.772179,hgb-jan-eval-train-before-20260101,false
2,2026-01-29T19:00:00Z,2026-01-29T12:00:00Z,2026-01-30T03:00:00Z,8,0.800561,hgb-jan-eval-train-before-20260101,false
2,2026-01-29T19:00:00Z,2026-01-29T12:00:00Z,2026-01-30T04:00:00Z,9,0.867917,hgb-jan-eval-train-before-20260101,false
2,2026-01-29T19:00:00Z,2026-01-29T12:00:00Z,2026-01-30T05:00:00Z,10,0.950420,hgb-jan-eval-train-before-20260101,false
2,2026-01-29T19:00:00Z,2026-01-29T12:00:00Z,2026-01-30T06:00:00Z,11,0.959940,hgb-jan-eval-train-before-20260101,false
2,2026-01-29T19:00:00Z,2026-01-29T12:00:00Z,2026-01-30T07:00:00Z,12,0.960266,hgb-jan-eval-train-before-20260101,false
2,2026-01-29T19:00:00Z,2026-01-29T12:00:00Z,2026-01-30T08:00:00Z,13,0.968347,hgb-jan-eval-train-before-20260101,false
2,2026-01-29T19:00:00Z,2026-01-29T12:00:00Z,2026-01-30T09:00:00Z,14,0.966367,hgb-jan-eval-train-before-20260101,false
2,2026-01-29T19:00:00Z,2026-01-29T12:00:00Z,2026-01-30T10:00:00Z,15,0.965480,hgb-jan-eval-train-before-20260101,false
2,2026-01-29T19:00:00Z,2026-01-29T12:00:00Z,2026-01-30T11:00:00Z,16,0.953429,hgb-jan-eval-train-before-20260101,false
2,2026-01-29T19:00:00Z,2026-01-29T12:00:00Z,2026-01-30T12:00:00Z,17,0.900495,hgb-jan-eval-train-before-20260101,false
2,2026-01-29T19:00:00Z,2026-01-29T12:00:00Z,2026-01-30T13:00:00Z,18,0.885252,hgb-jan-eval-train-before-20260101,false
2,2026-01-29T19:00:00Z,2026-01-29T12:00:00Z,2026-01-30T14:00:00Z,19,0.792358,hgb-jan-eval-train-before-20260101,false
2,2026-01-29T19:00:00Z,2026-01-29T12:00:00Z,2026-01-30T15:00:00Z,20,0.876517,hgb-jan-eval-train-before-20260101,false
2,2026-01-29T19:00:00Z,2026-01-29T12:00:00Z,2026-01-30T16:00:00Z,21,0.886037,hgb-jan-eval-train-before-20260101,false
2,2026-01-29T19:00:00Z,2026-01-29T12:00:00Z,2026-01-30T17:00:00Z,22,0.862290,hgb-jan-eval-train-before-20260101,false
2,2026-01-29T19:00:00Z,2026-01-29T12:00:00Z,2026-01-30T18:00:00Z,23,0.800090,hgb-jan-eval-train-before-20260101,false
2,2026-01-29T19:00:00Z,2026-01-29T12:00:00Z,2026-01-30T19:00:00Z,24,0.746323,hgb-jan-eval-train-before-20260101,false
2,2026-01-29T19:00:00Z,2026-01-29T12:00:00Z,2026-01-30T20:00:00Z,25,0.603400,hgb-jan-eval-train-before-20260101,false
2,2026-01-29T19:00:00Z,2026-01-29T12:00:00Z,2026-01-30T21:00:00Z,26,0.577232,hgb-jan-eval-train-before-20260101,false
2,2026-01-29T19:00:00Z,2026-01-29T12:00:00Z,2026-01-30T22:00:00Z,27,0.682970,hgb-jan-eval-train-before-20260101,false
2,2026-01-29T19:00:00Z,2026-01-29T12:00:00Z,2026-01-30T23:00:00Z,28,0.733798,hgb-jan-eval-train-before-20260101,false
2,2026-01-29T19:00:00Z,2026-01-29T12:00:00Z,2026-01-31T00:00:00Z,29,0.700303,hgb-jan-eval-train-before-20260101,false
2,2026-01-29T19:00:00Z,2026-01-29T12:00:00Z,2026-01-31T01:00:00Z,30,0.727505,hgb-jan-eval-train-before-20260101,false
2,2026-01-29T19:00:00Z,2026-01-29T12:00:00Z,2026-01-31T02:00:00Z,31,0.694761,hgb-jan-eval-train-before-20260101,false
2,2026-01-29T19:00:00Z,2026-01-29T12:00:00Z,2026-01-31T03:00:00Z,32,0.736814,hgb-jan-eval-train-before-20260101,false
2,2026-01-29T19:00:00Z,2026-01-29T12:00:00Z,2026-01-31T04:00:00Z,33,0.818017,hgb-jan-eval-train-before-20260101,false
2,2026-01-29T19:00:00Z,2026-01-29T12:00:00Z,2026-01-31T05:00:00Z,34,0.904140,hgb-jan-eval-train-before-20260101,false
2,2026-01-29T19:00:00Z,2026-01-29T12:00:00Z,2026-01-31T06:00:00Z,35,0.931226,hgb-jan-eval-train-before-20260101,false
2,2026-01-29T19:00:00Z,2026-01-29T12:00:00Z,2026-01-31T07:00:00Z,36,0.892410,hgb-jan-eval-train-before-20260101,false
2,2026-01-29T19:00:00Z,2026-01-29T12:00:00Z,2026-01-31T08:00:00Z,37,0.806087,hgb-jan-eval-train-before-20260101,false
2,2026-01-29T19:00:00Z,2026-01-29T12:00:00Z,2026-01-31T09:00:00Z,38,0.847530,hgb-jan-eval-train-before-20260101,false
2,2026-01-29T19:00:00Z,2026-01-29T12:00:00Z,2026-01-31T10:00:00Z,39,0.889424,hgb-jan-eval-train-before-20260101,false
2,2026-01-29T19:00:00Z,2026-01-29T12:00:00Z,2026-01-31T11:00:00Z,40,0.853168,hgb-jan-eval-train-before-20260101,false
2,2026-01-29T19:00:00Z,2026-01-29T12:00:00Z,2026-01-31T12:00:00Z,41,0.757135,hgb-jan-eval-train-before-20260101,false
2,2026-01-29T19:00:00Z,2026-01-29T12:00:00Z,2026-01-31T13:00:00Z,42,0.325649,hgb-jan-eval-train-before-20260101,false
2,2026-01-29T19:00:00Z,2026-01-29T12:00:00Z,2026-01-31T14:00:00Z,43,0.114427,hgb-jan-eval-train-before-20260101,false
2,2026-01-29T19:00:00Z,2026-01-29T12:00:00Z,2026-01-31T15:00:00Z,44,0.040612,hgb-jan-eval-train-before-20260101,false
2,2026-01-29T19:00:00Z,2026-01-29T12:00:00Z,2026-01-31T16:00:00Z,45,0.017467,hgb-jan-eval-train-before-20260101,false
2,2026-01-29T19:00:00Z,2026-01-29T12:00:00Z,2026-01-31T17:00:00Z,46,0.013982,hgb-jan-eval-train-before-20260101,false
2,2026-01-29T19:00:00Z,2026-01-29T12:00:00Z,2026-01-31T18:00:00Z,47,0.013122,hgb-jan-eval-train-before-20260101,false
2,2026-01-29T19:00:00Z,2026-01-29T12:00:00Z,2026-01-31T19:00:00Z,48,0.009523,hgb-jan-eval-train-before-20260101,false
