turbine_id,forecast_origin_utc,weather_run_utc,target_time_utc,horizon_h,predicted_power,model_version,fallback_used
1,2025-12-31T19:00:00Z,2025-12-31T12:00:00Z,2025-12-31T20:00:00Z,1,0.839600,hgb-jan-eval-train-before-20260101,false
1,2025-12-31T19:00:00Z,2025-12-31T12:00:00Z,2025-12-31T21:00:00Z,2,0.961625,hgb-jan-eval-train-before-20260101,false
1,2025-12-31T19:00:00Z,2025-12-31T12:00:00Z,2025-12-31T22:00:00Z,3,0.943237,hgb-jan-eval-train-before-20260101,false
1,2025-12-31T19:00:00Z,2025-12-31T12:00:00Z,2025-12-31T23:00:00Z,4,0.955561,hgb-jan-eval-train-before-20260101,false
1,2025-12-31T19:00:00Z,2025-12-31T12:00:00Z,2026-01-01T00:00:00Z,5,0.943348,hgb-jan-eval-train-before-20260101,false
1,2025-12-31T19:00:00Z,2025-12-31T12:00:00Z,2026-01-01T01:00:00Z,6,0.901407,hgb-jan-eval-train-before-20260101,false
1,2025-12-31T19:00:00Z,2025-12-31T12:00:00Z,2026-01-01T02:00:00Z,7,0.817799,hgb-jan-eval-train-before-20260101,false
1,2025-12-31T19:00:00Z,2025-12-31T12:00:00Z,2026-01-01T03:00:00Z,8,0.730296,hgb-jan-eval-train-before-20260101,false
1,2025-12-31T19:00:00Z,2025-12-31T12:00:00Z,2026-01-01T04:00:00Z,9,0.596611,hgb-jan-eval-train-before-20260101,false
1,2025-12-31T19:00:00Z,2025-12-31T12:00:00Z,2026-01-01T05:00:00Z,10,0.376687,hgb-jan-eval-train-before-20260101,false
1,2025-12-31T19:00:00Z,2025-12-31T12:00:00Z,2026-01-01T06:00:00Z,11,0.257326,hgb-jan-eval-train-before-20260101,false
1,2025-12-31T19:00:00Z,2025-12-31T12:00:00Z,2026-01-01T07:00:00Z,12,0.135325,hgb-jan-eval-train-before-20260101,false
1,2025-12-31T19:00:00Z,2025-12-31T12:00:00Z,2026-01-01T08:00:00Z,13,0.092409,hgb-jan-eval-train-before-20260101,false
1,2025-12-31T19:00:00Z,2025-12-31T12:00:00Z,2026-01-01T09:00:00Z,14,0.066486,hgb-jan-eval-train-before-20260101,false
1,2025-12-31T19:00:00Z,2025-12-31T12:00:00Z,2026-01-01T10:00:00Z,15,0.064394,hgb-jan-eval-train-before-20260101,false
1,2025-12-31T19:00:00Z,2025-12-31T12:00:00Z,2026-01-01T11:00:00Z,16,0.093005,hgb-jan-eval-train-before-20260101,false
1,2025-12-31T19:00:00Z,2025-12-31T12:00:00Z,2026-01-01T12:00:00Z,17,0.150593,hgb-jan-eval-train-before-20260101,false
1,2025-12-31T19:00:00Z,2025-12-31T12:00:00Z,2026-01-01T13:00:00Z,18,0.116604,hgb-jan-eval-train-before-20260101,false
1,2025-12-31T19:00:00Z,2025-12-31T12:00:00Z,2026-01-01T14:00:00Z,19,0.111152,hgb-jan-eval-train-before-20260101,false
1,2025-12-31T19:00:00Z,2025-12-31T12:00:00Z,2026-01-01T15:00:00Z,20,0.082925,hgb-jan-eval-train-before-20260101,false
1,2025-12-31T19:00:00Z,2025-12-31T12:00:00Z,2026-01-01T16:00:00Z,21,0.066805,hgb-jan-eval-train-before-20260101,false
1,2025-12-31T19:00:00Z,2025-12-31T12:00:00Z,2026-01-01T17:00:00Z,22,0.092099,hgb-jan-eval-train-before-20260101,false
1,2025-12-31T19:00:00Z,2025-12-31T12:00:00Z,2026-01-01T18:00:00Z,23,0.059153,hgb-jan-eval-train-before-20260101,false
1,2025-12-31T19:00:00Z,2025-12-31T12:00:00Z,2026-01-01T19:00:00Z,24,0.057518,hgb-jan-eval-train-before-20260101,false
1,2025-12-31T19:00:00Z,2025-12-31T12:00:00Z,2026-01-01T20:00:00Z,25,0.087902,hgb-jan-eval-train-before-20260101,false
1,2025-12-31T19:00:00Z,2025-12-31T12:00:00Z,2026-01-01T21:00:00Z,26,0.064393,hgb-jan-eval-train-before-20260101,false
1,2025-12-31T19:00:00Z,2025-12-31T12:00:00Z,2026-01-01T22:00:00Z,27,0.042917,hgb-jan-eval-train-before-20260101,false
1,2025-12-31T19:00:00Z,2025-12-31T12:00:00Z,2026-01-01T23:00:00Z,28,0.053237,hgb-jan-eval-train-before-20260101,false
1,2025-12-31T19:00:00Z,2025-12-31T12:00:00Z,2026-01-02T00:00:00Z,29,0.058698,hgb-jan-eval-train-before-20260101,false
1,2025-12-31T19:00:00Z,2025-12-31T12:00:00Z,2026-01-02T01:00:00Z,30,0.059118,hgb-jan-eval-train-before-20260101,false
1,2025-12-31T19:00:00Z,2025-12-31T12:00:00Z,2026-01-02T02:00:00Z,31,0.072767,hgb-jan-eval-train-before-20260101,false
1,2025-12-31T19:00:00Z,2025-12-31T12:00:00Z,2026-01-02T03:00:00Z,32,0.079663,hgb-jan-eval-train-before-20260101,false
1,2025-12-31T19:00:00Z,2025-12-31T12:00:00Z,2026-01-02T04:00:00Z,33,0.148292,hgb-jan-eval-train-before-20260101,false
1,2025-12-31T19:00:00Z,2025-12-31T12:00:00Z,2026-01-02T05:00:00Z,34,0.095988,hgb-jan-eval-train-before-20260101,false
1,2025-12-31T19:00:00Z,2025-12-31T12:00:00Z,2026-01-02T06:00:00Z,35,0.164803,hgb-jan-eval-train-before-20260101,false
1,2025-12-31T19:00:00Z,2025-12-31T12:00:00Z,2026-01-02T07:00:00Z,36,0.206667,hgb-jan-eval-train-before-20260101,false
1,2025-12-31T19:00:00Z,2025-12-31T12:00:00Z,2026-01-02T08:00:00Z,37,0.225054,hgb-jan-eval-train-before-20260101,false
1,2025-12-31T19:00:00Z,2025-12-31T12:00:00Z,2026-01-02T09:00:00Z,38,0.173750,hgb-jan-eval-train-before-20260101,false
1,2025-12-31T19:00:00Z,2025-12-31T12:00:00Z,2026-01-02T10:00:00Z,39,0.166797,hgb-jan-eval-train-before-20260101,false
1,2025-12-31T19:00:00Z,2025-12-31T12:00:00Z,2026-01-02T11:00:00Z,40,0.212022,hgb-jan-eval-train-before-20260101,false
1,2025-12-31T19:00:00Z,2025-12-31T12:00:00Z,2026-01-02T12:00:00Z,41,0.218834,hgb-jan-eval-train-before-20260101,false
1,2025-12-31T19:00:00Z,2025-12-31T12:00:00Z,2026-01-02T13:00:00Z,42,0.216010,hgb-jan-eval-train-before-20260101,false
1,2025-12-31T19:00:00Z,2025-12-31T12:00:00Z,2026-01-02T14:00:00Z,43,0.337735,hgb-jan-eval-train-before-20260101,false
1,2025-12-31T19:00:00Z,2025-12-31T12:00:00Z,2026-01-02T15:00:00Z,44,0.385590,hgb-jan-eval-train-before-20260101,false
1,2025-12-31T19:00:00Z,2025-12-31T12:00:00Z,2026-01-02T16:00:00Z,45,0.497808,hgb-jan-eval-train-before-20260101,false
1,2025-12-31T19:00:00Z,2025-12-31T12:00:00Z,2026-01-02T17:00:00Z,46,0.552395,hgb-jan-eval-train-before-20260101,false
1,2025-12-31T19:00:00Z,2025-12-31T12:00:00Z,2026-01-02T18:00:00Z,47,0.511617,hgb-jan-eval-train-before-20260101,false
1,2025-12-31T19:00:00Z,2025-12-31T12:00:00Z,2026-01-02T19:00:00Z,48,0.463884,hgb-jan-eval-train-before-20260101,false
2,2025-12-31T19:00:00Z,2025-12-31T12:00:00Z,2025-12-31T20:00:00Z,1,0.839600,hgb-jan-eval-train-before-20260101,false
2,2025-12-31T19:00:00Z,2025-12-31T12:00:00Z,2025-12-31T21:00:00Z,2,0.961127,hgb-jan-eval-train-before-20260101,false
2,2025-12-31T19:00:00Z,2025-12-31T12:00:00Z,2025-12-31T22:00:00Z,3,0.942739,hgb-jan-eval-train-before-20260101,false
2,2025-12-31T19:00:00Z,2025-12-31T12:00:00Z,2025-12-31T23:00:00Z,4,0.955063,hgb-jan-eval-train-before-20260101,false
2,2025-12-31T19:00:00Z,2025-12-31T12:00:00Z,2026-01-01T00:00:00Z,5,0.942850,hgb-jan-eval-train-before-20260101,false
2,2025-12-31T19:00:00Z,2025-12-31T12:00:00Z,2026-01-01T01:00:00Z,6,0.900909,hgb-jan-eval-train-before-20260101,false
2,2025-12-31T19:00:00Z,2025-12-31T12:00:00Z,2026-01-01T02:00:00Z,7,0.817799,hgb-jan-eval-train-before-20260101,false
2,2025-12-31T19:00:00Z,2025-12-31T12:00:00Z,2026-01-01T03:00:00Z,8,0.730296,hgb-jan-eval-train-before-20260101,false
2,2025-12-31T19:00:00Z,2025-12-31T12:00:00Z,2026-01-01T04:00:00Z,9,0.596611,hgb-jan-eval-train-before-20260101,false
2,2025-12-31T19:00:00Z,2025-12-31T12:00:00Z,2026-01-01T05:00:00Z,10,0.376687,hgb-jan-eval-train-before-20260101,false
2,2025-12-31T19:00:00Z,2025-12-31T12:00:00Z,2026-01-01T06:00:00Z,11,0.257326,hgb-jan-eval-train-before-20260101,false
2,2025-12-31T19:00:00Z,2025-12-31T12:00:00Z,2026-01-01T07:00:00Z,12,0.135325,hgb-jan-eval-train-before-20260101,false
2,2025-12-31T19:00:00Z,2025-12-31T12:00:00Z,2026-01-01T08:00:00Z,13,0.092409,hgb-jan-eval-train-before-20260101,false
2,2025-12-31T19:00:00Z,2025-12-31T12:00:00Z,2026-01-01T09:00:00Z,14,0.066486,hgb-jan-eval-train-before-20260101,false
2,2025-12-31T19:00:00Z,2025-12-31T12:00:00Z,2026-01-01T10:00:00Z,15,0.064394,hgb-jan-eval-train-before-20260101,false
2,2025-12-31T19:00:00Z,2025-12-31T12:00:00Z,2026-01-01T11:00:00Z,16,0.093005,hgb-jan-eval-train-before-20260101,false
2,2025-12-31T19:00:00Z,2025-12-31T12:00:00Z,2026-01-01T12:00:00Z,17,0.150593,hgb-jan-eval-train-before-20260101,false
2,2025-12-31T19:00:00Z,2025-12-31T12:00:00Z,2026-01-01T13:00:00Z,18,0.116604,hgb-jan-eval-train-before-20260101,false
2,2025-12-31T19:00:00Z,2025-12-31T12:00:00Z,2026-01-01T14:00:00Z,19,0.111152,hgb-jan-eval-train-before-20260101,false
2,2025-12-31T19:00:00Z,2025-12-31T12:00:00Z,2026-01-01T15:00:00Z,20,0.082925,hgb-jan-eval-train-before-20260101,false
2,2025-12-31T19:00:00Z,2025-12-31T12:00:00Z,2026-01-01T16:00:00Z,21,0.066805,hgb-jan-eval-train-before-20260101,false
2,2025-12-31T19:00:00Z,2025-12-31T12:00:00Z,2026-01-01T17:00:00Z,22,0.092099,hgb-jan-eval-train-before-20260101,false
2,2025-12-31T19:00:00Z,2025-12-31T12:00:00Z,2026-01-01T18:00:00Z,23,0.059153,hgb-jan-eval-train-before-20260101,false
2,2025-12-31T19:00:00Z,2025-12-31T12:00:00Z,2026-01-01T19:00:00Z,24,0.057518,hgb-jan-eval-train-before-20260101,false
2,2025-12-31T19:00:00Z,2025-12-31T12:00:00Z,2026-01-01T20:00:00Z,25,0.087902,hgb-jan-eval-train-before-20260101,false
2,2025-12-31T19:00:00Z,2025-12-31T12:00:00Z,2026-01-01T21:00:00Z,26,0.064393,hgb-jan-eval-train-before-20260101,false
2,2025-12-31T19:00:00Z,2025-12-31T12:00:00Z,2026-01-01T22:00:00Z,27,0.042917,hgb-jan-eval-train-before-20260101,false
2,2025-12-31T19:00:00Z,2025-12-31T12:00:00Z,2026-01-01T23:00:00Z,28,0.053237,hgb-jan-eval-train-before-20260101,false
2,2025-12-31T19:00:00Z,2025-12-31T12:00:00Z,2026-01-02T00:00:00Z,29,0.058698,hgb-jan-eval-train-before-20260101,false
2,2025-12-31T19:00:00Z,2025-12-31T12:00:00Z,2026-01-02T01:00:00Z,30,0.059118,hgb-jan-eval-train-before-20260101,false
2,2025-12-31T19:00:00Z,2025-12-31T12:00:00Z,2026-01-02T02:00:00Z,31,0.072767,hgb-jan-eval-train-before-20260101,false
2,2025-12-31T19:00:00Z,2025-12-31T12:00:00Z,2026-01-02T03:00:00Z,32,0.079663,hgb-jan-eval-train-before-20260101,false
2,2025-12-31T19:00:00Z,2025-12-31T12:00:00Z,2026-01-02T04:00:00Z,33,0.148292,hgb-jan-eval-train-before-20260101,false
2,2025-12-31T19:00:00Z,2025-12-31T12:00:00Z,2026-01-02T05:00:00Z,34,0.095988,hgb-jan-eval-train-before-20260101,false
2,2025-12-31T19:00:00Z,2025-12-31T12:00:00Z,2026-01-02T06:00:00Z,35,0.164803,hgb-jan-eval-train-before-20260101,false
2,2025-12-31T19:00:00Z,2025-12-31T12:00:00Z,2026-01-02T07:00:00Z,36,0.206667,hgb-jan-eval-train-before-20260101,false
2,2025-12-31T19:00:00Z,2025-12-31T12:00:00Z,2026-01-02T08:00:00Z,37,0.225054,hgb-jan-eval-train-before-20260101,false
2,2025-12-31T19:00:00Z,2025-12-31T12:00:00Z,2026-01-02T09:00:00Z,38,0.173750,hgb-jan-eval-train-before-20260101,false
2,2025-12-31T19:00:00Z,2025-12-31T12:00:00Z,2026-01-02T10:00:00Z,39,0.166797,hgb-jan-eval-train-before-20260101,false
2,2025-12-31T19:00:00Z,2025-12-31T12:00:00Z,2026-01-02T11:00:00Z,40,0.212022,hgb-jan-eval-train-before-20260101,false
2,2025-12-31T19:00:00Z,2025-12-31T12:00:00Z,2026-01-02T12:00:00Z,41,0.218834,hgb-jan-eval-train-before-20260101,false
2,2025-12-31T19:00:00Z,2025-12-31T12:00:00Z,2026-01-02T13:00:00Z,42,0.216010,hgb-jan-eval-train-before-20260101,false
2,2025-12-31T19:00:00Z,2025-12-31T12:00:00Z,2026-01-02T14:00:00Z,43,0.337735,hgb-jan-eval-train-before-20260101,false
2,2025-12-31T19:00:00Z,2025-12-31T12:00:00Z,2026-01-02T15:00:00Z,44,0.385590,hgb-jan-eval-train-before-20260101,false
2,2025-12-31T19:00:00Z,2025-12-31T12:00:00Z,2026-01-02T16:00:00Z,45,0.497808,hgb-jan-eval-train-before-20260101,false
2,2025-12-31T19:00:00Z,2025-12-31T12:00:00Z,2026-01-02T17:00:00Z,46,0.552395,hgb-jan-eval-train-before-20260101,false
2,2025-12-31T19:00:00Z,2025-12-31T12:00:00Z,2026-01-02T18:00:00Z,47,0.511617,hgb-jan-eval-train-before-20260101,false
2,2025-12-31T19:00:00Z,2025-12-31T12:00:00Z,2026-01-02T19:00:00Z,48,0.463884,hgb-jan-eval-train-before-20260101,false
1,2026-01-01T19:00:00Z,2026-01-01T12:00:00Z,2026-01-01T20:00:00Z,1,0.053035,hgb-jan-eval-train-before-20260101,false
1,2026-01-01T19:00:00Z,2026-01-01T12:00:00Z,2026-01-01T21:00:00Z,2,0.053237,hgb-jan-eval-train-before-20260101,false
1,2026-01-01T19:00:00Z,2026-01-01T12:00:00Z,2026-01-01T22:00:00Z,3,0.051450,hgb-jan-eval-train-before-20260101,false
1,2026-01-01T19:00:00Z,2026-01-01T12:00:00Z,2026-01-01T23:00:00Z,4,0.054599,hgb-jan-eval-train-before-20260101,false
1,2026-01-01T19:00:00Z,2026-01-01T12:00:00Z,2026-01-02T00:00:00Z,5,0.080513,hgb-jan-eval-train-before-20260101,false
1,2026-01-01T19:00:00Z,2026-01-01T12:00:00Z,2026-01-02T01:00:00Z,6,0.078868,hgb-jan-eval-train-before-20260101,false
1,2026-01-01T19:00:00Z,2026-01-01T12:00:00Z,2026-01-02T02:00:00Z,7,0.064956,hgb-jan-eval-train-before-20260101,false
1,2026-01-01T19:00:00Z,2026-01-01T12:00:00Z,2026-01-02T03:00:00Z,8,0.042489,hgb-jan-eval-train-before-20260101,false
1,2026-01-01T19:00:00Z,2026-01-01T12:00:00Z,2026-01-02T04:00:00Z,9,0.048300,hgb-jan-eval-train-before-20260101,false
1,2026-01-01T19:00:00Z,2026-01-01T12:00:00Z,2026-01-02T05:00:00Z,10,0.103640,hgb-jan-eval-train-before-20260101,false
1,2026-01-01T19:00:00Z,2026-01-01T12:00:00Z,2026-01-02T06:00:00Z,11,0.203036,hgb-jan-eval-train-before-20260101,false
1,2026-01-01T19:00:00Z,2026-01-01T12:00:00Z,2026-01-02T07:00:00Z,12,0.303590,hgb-jan-eval-train-before-20260101,false
1,2026-01-01T19:00:00Z,2026-01-01T12:00:00Z,2026-01-02T08:00:00Z,13,0.192628,hgb-jan-eval-train-before-20260101,false
1,2026-01-01T19:00:00Z,2026-01-01T12:00:00Z,2026-01-02T09:00:00Z,14,0.151991,hgb-jan-eval-train-before-20260101,false
1,2026-01-01T19:00:00Z,2026-01-01T12:00:00Z,2026-01-02T10:00:00Z,15,0.161553,hgb-jan-eval-train-before-20260101,false
1,2026-01-01T19:00:00Z,2026-01-01T12:00:00Z,2026-01-02T11:00:00Z,16,0.227215,hgb-jan-eval-train-before-20260101,false
1,2026-01-01T19:00:00Z,2026-01-01T12:00:00Z,2026-01-02T12:00:00Z,17,0.294237,hgb-jan-eval-train-before-20260101,false
1,2026-01-01T19:00:00Z,2026-01-01T12:00:00Z,2026-01-02T13:00:00Z,18,0.240376,hgb-jan-eval-train-before-20260101,false
1,2026-01-01T19:00:00Z,2026-01-01T12:00:00Z,2026-01-02T14:00:00Z,19,0.337735,hgb-jan-eval-train-before-20260101,false
1,2026-01-01T19:00:00Z,2026-01-01T12:00:00Z,2026-01-02T15:00:00Z,20,0.384741,hgb-jan-eval-train-before-20260101,false
1,2026-01-01T19:00:00Z,2026-01-01T12:00:00Z,2026-01-02T16:00:00Z,21,0.411600,hgb-jan-eval-train-before-20260101,false
1,2026-01-01T19:00:00Z,2026-01-01T12:00:00Z,2026-01-02T17:00:00Z,22,0.559480,hgb-jan-eval-train-before-20260101,false
1,2026-01-01T19:00:00Z,2026-01-01T12:00:00Z,2026-01-02T18:00:00Z,23,0.538749,hgb-jan-eval-train-before-20260101,false
1,2026-01-01T19:00:00Z,2026-01-01T12:00:00Z,2026-01-02T19:00:00Z,24,0.471529,hgb-jan-eval-train-before-20260101,false
1,2026-01-01T19:00:00Z,2026-01-01T12:00:00Z,2026-01-02T20:00:00Z,25,0.379094,hgb-jan-eval-train-before-20260101,false
1,2026-01-01T19:00:00Z,2026-01-01T12:00:00Z,2026-01-02T21:00:00Z,26,0.227346,hgb-jan-eval-train-before-20260101,false
1,2026-01-01T19:00:00Z,2026-01-01T12:00:00Z,2026-01-02T22:00:00Z,27,0.146113,hgb-jan-eval-train-before-20260101,false
1,2026-01-01T19:00:00Z,2026-01-01T12:00:00Z,2026-01-02T23:00:00Z,28,0.205982,hgb-jan-eval-train-before-20260101,false
1,2026-01-01T19:00:00Z,2026-01-01T12:00:00Z,2026-01-03T00:00:00Z,29,0.227683,hgb-jan-eval-train-before-20260101,false
1,2026-01-01T19:00:00Z,2026-01-01T12:00:00Z,2026-01-03T01:00:00Z,30,0.209681,hgb-jan-eval-train-before-20260101,false
1,2026-01-01T19:00:00Z,2026-01-01T12:00:00Z,2026-01-03T02:00:00Z,31,0.229123,hgb-jan-eval-train-before-20260101,false
1,2026-01-01T19:00:00Z,2026-01-01T12:00:00Z,2026-01-03T03:00:00Z,32,0.294343,hgb-jan-eval-train-before-20260101,false
1,2026-01-01T19:00:00Z,2026-01-01T12:00:00Z,2026-01-03T04:00:00Z,33,0.443751,hgb-jan-eval-train-before-20260101,false
1,2026-01-01T19:00:00Z,2026-01-01T12:00:00Z,2026-01-03T05:00:00Z,34,0.273721,hgb-jan-eval-train-before-20260101,false
1,2026-01-01T19:00:00Z,2026-01-01T12:00:00Z,2026-01-03T06:00:00Z,35,0.288273,hgb-jan-eval-train-before-20260101,false
1,2026-01-01T19:00:00Z,2026-01-01T12:00:00Z,2026-01-03T07:00:00Z,36,0.370776,hgb-jan-eval-train-before-20260101,false
1,2026-01-01T19:00:00Z,2026-01-01T12:00:00Z,2026-01-03T08:00:00Z,37,0.332990,hgb-jan-eval-train-before-20260101,false
1,2026-01-01T19:00:00Z,2026-01-01T12:00:00Z,2026-01-03T09:00:00Z,38,0.417867,hgb-jan-eval-train-before-20260101,false
1,2026-01-01T19:00:00Z,2026-01-01T12:00:00Z,2026-01-03T10:00:00Z,39,0.465346,hgb-jan-eval-train-before-20260101,false
1,2026-01-01T19:00:00Z,2026-01-01T12:00:00Z,2026-01-03T11:00:00Z,40,0.445877,hgb-jan-eval-train-before-20260101,false
1,2026-01-01T19:00:00Z,2026-01-01T12:00:00Z,2026-01-03T12:00:00Z,41,0.423409,hgb-jan-eval-train-before-20260101,false
1,2026-01-01T19:00:00Z,2026-01-01T12:00:00Z,2026-01-03T13:00:00Z,42,0.463087,hgb-jan-eval-train-before-20260101,false
1,2026-01-01T19:00:00Z,2026-01-01T12:00:00Z,2026-01-03T14:00:00Z,43,0.443805,hgb-jan-eval-train-before-20260101,false
1,2026-01-01T19:00:00Z,2026-01-01T12:00:00Z,2026-01-03T15:00:00Z,44,0.390737,hgb-jan-eval-train-before-20260101,false
1,2026-01-01T19:00:00Z,2026-01-01T12:00:00Z,2026-01-03T16:00:00Z,45,0.330616,hgb-jan-eval-train-before-20260101,false
1,2026-01-01T19:00:00Z,2026-01-01T12:00:00Z,2026-01-03T17:00:00Z,46,0.318487,hgb-jan-eval-train-before-20260101,false
1,2026-01-01T19:00:00Z,2026-01-01T12:00:00Z,2026-01-03T18:00:00Z,47,0.347938,hgb-jan-eval-train-before-20260101,false
1,2026-01-01T19:00:00Z,2026-01-01T12:00:00Z,2026-01-03T19:00:00Z,48,0.311908,hgb-jan-eval-train-before-20260101,false
2,2026-01-01T19:00:00Z,2026-01-01T12:00:00Z,2026-01-01T20:00:00Z,1,0.053035,hgb-jan-eval-train-before-20260101,false
2,2026-01-01T19:00:00Z,2026-01-01T12:00:00Z,2026-01-01T21:00:00Z,2,0.053237,hgb-jan-eval-train-before-20260101,false
2,2026-01-01T19:00:00Z,2026-01-01T12:00:00Z,2026-01-01T22:00:00Z,3,0.051450,hgb-jan-eval-train-before-20260101,false
2,2026-01-01T19:00:00Z,2026-01-01T12:00:00Z,2026-01-01T23:00:00Z,4,0.054599,hgb-jan-eval-train-before-20260101,false
2,2026-01-01T19:00:00Z,2026-01-01T12:00:00Z,2026-01-02T00:00:00Z,5,0.080513,hgb-jan-eval-train-before-20260101,false
2,2026-01-01T19:00:00Z,2026-01-01T12:00:00Z,2026-01-02T01:00:00Z,6,0.078868,hgb-jan-eval-train-before-20260101,false
2,2026-01-01T19:00:00Z,2026-01-01T12:00:00Z,2026-01-02T02:00:00Z,7,0.064956,hgb-jan-eval-train-before-20260101,false
2,2026-01-01T19:00:00Z,2026-01-01T12:00:00Z,2026-01-02T03:00:00Z,8,0.042489,hgb-jan-eval-train-before-20260101,false
2,2026-01-01T19:00:00Z,2026-01-01T12:00:00Z,2026-01-02T04:00:00Z,9,0.048300,hgb-jan-eval-train-before-20260101,false
2,2026-01-01T19:00:00Z,2026-01-01T12:00:00Z,2026-01-02T05:00:00Z,10,0.103640,hgb-jan-eval-train-before-20260101,false
2,2026-01-01T19:00:00Z,2026-01-01T12:00:00Z,2026-01-02T06:00:00Z,11,0.203036,hgb-jan-eval-train-before-20260101,false
2,2026-01-01T19:00:00Z,2026-01-01T12:00:00Z,2026-01-02T07:00:00Z,12,0.303590,hgb-jan-eval-train-before-20260101,false
2,2026-01-01T19:00:00Z,2026-01-01T12:00:00Z,2026-01-02T08:00:00Z,13,0.192628,hgb-jan-eval-train-before-20260101,false
2,2026-01-01T19:00:00Z,2026-01-01T12:00:00Z,2026-01-02T09:00:00Z,14,0.151991,hgb-jan-eval-train-before-20260101,false
2,2026-01-01T19:00:00Z,2026-01-01T12:00:00Z,2026-01-02T10:00:00Z,15,0.161553,hgb-jan-eval-train-before-20260101,false
2,2026-01-01T19:00:00Z,2026-01-01T12:00:00Z,2026-01-02T11:00:00Z,16,0.227215,hgb-jan-eval-train-before-20260101,false
2,2026-01-01T19:00:00Z,2026-01-01T12:00:00Z,2026-01-02T12:00:00Z,17,0.294237,hgb-jan-eval-train-before-20260101,false
2,2026-01-01T19:00:00Z,2026-01-01T12:00:00Z,2026-01-02T13:00:00Z,18,0.240376,hgb-jan-eval-train-before-20260101,false
2,2026-01-01T19:00:00Z,2026-01-01T12:00:00Z,2026-01-02T14:00:00Z,19,0.337735,hgb-jan-eval-train-before-20260101,false
2,2026-01-01T19:00:00Z,2026-01-01T12:00:00Z,2026-01-02T15:00:00Z,20,0.384741,hgb-jan-eval-train-before-20260101,false
2,2026-01-01T19:00:00Z,2026-01-01T12:00:00Z,2026-01-02T16:00:00Z,21,0.411600,hgb-jan-eval-train-before-20260101,false
2,2026-01-01T19:00:00Z,2026-01-01T12:00:00Z,2026-01-02T17:00:00Z,22,0.559480,hgb-jan-eval-train-before-20260101,false
2,2026-01-01T19:00:00Z,2026-01-01T12:00:00Z,2026-01-02T18:00:00Z,23,0.538749,hgb-jan-eval-train-before-20260101,false
2,2026-01-01T19:00:00Z,2026-01-01T12:00:00Z,2026-01-02T19:00:00Z,24,0.471529,hgb-jan-eval-train-before-20260101,false
2,2026-01-01T19:00:00Z,2026-01-01T12:00:00Z,2026-01-02T20:00:00Z,25,0.379094,hgb-jan-eval-train-before-20260101,false
2,2026-01-01T19:00:00Z,2026-01-01T12:00:00Z,2026-01-02T21:00:00Z,26,0.227346,hgb-jan-eval-train-before-20260101,false
2,2026-01-01T19:00:00Z,2026-01-01T12:00:00Z,2026-01-02T22:00:00Z,27,0.146113,hgb-jan-eval-train-before-20260101,false
2,2026-01-01T19:00:00Z,2026-01-01T12:00:00Z,2026-01-02T23:00:00Z,28,0.205982,hgb-jan-eval-train-before-20260101,false
2,2026-01-01T19:00:00Z,2026-01-01T12:00:00Z,2026-01-03T00:00:00Z,29,0.227683,hgb-jan-eval-train-before-20260101,false
2,2026-01-01T19:00:00Z,2026-01-01T12:00:00Z,2026-01-03T01:00:00Z,30,0.209681,hgb-jan-eval-train-before-20260101,false
2,2026-01-01T19:00:00Z,2026-01-01T12:00:00Z,2026-01-03T02:00:00Z,31,0.229123,hgb-jan-eval-train-before-20260101,false
2,2026-01-01T19:00:00Z,2026-01-01T12:00:00Z,2026-01-03T03:00:00Z,32,0.294343,hgb-jan-eval-train-before-20260101,false
2,2026-01-01T19:00:00Z,2026-01-01T12:00:00Z,2026-01-03T04:00:00Z,33,0.443751,hgb-jan-eval-train-before-20260101,false
2,2026-01-01T19:00:00Z,2026-01-01T12:00:00Z,2026-01-03T05:00:00Z,34,0.273721,hgb-jan-eval-train-before-20260101,false
2,2026-01-01T19:00:00Z,2026-01-01T12:00:00Z,2026-01-03T06:00:00Z,35,0.288273,hgb-jan-eval-train-before-20260101,false
2,2026-01-01T19:00:00Z,2026-01-01T12:00:00Z,2026-01-03T07:00:00Z,36,0.370776,hgb-jan-eval-train-before-20260101,false
2,2026-01-01T19:00:00Z,2026-01-01T12:00:00Z,2026-01-03T08:00:00Z,37,0.332990,hgb-jan-eval-train-before-20260101,false
2,2026-01-01T19:00:00Z,2026-01-01T12:00:00Z,2026-01-03T09:00:00Z,38,0.417867,hgb-jan-eval-train-before-20260101,false
2,2026-01-01T19:00:00Z,2026-01-01T12:00:00Z,2026-01-03T10:00:00Z,39,0.465346,hgb-jan-eval-train-before-20260101,false
2,2026-01-01T19:00:00Z,2026-01-01T12:00:00Z,2026-01-03T11:00:00Z,40,0.445877,hgb-jan-eval-train-before-20260101,false
2,2026-01-01T19:00:00Z,2026-01-01T12:00:00Z,2026-01-03T12:00:00Z,41,0.423409,hgb-jan-eval-train-before-20260101,false
2,2026-01-01T19:00:00Z,2026-01-01T12:00:00Z,2026-01-03T13:00:00Z,42,0.463087,hgb-jan-eval-train-before-20260101,false
2,2026-01-01T19:00:00Z,2026-01-01T12:00:00Z,2026-01-03T14:00:00Z,43,0.443805,hgb-jan-eval-train-before-20260101,false
2,2026-01-01T19:00:00Z,2026-01-01T12:00:00Z,2026-01-03T15:00:00Z,44,0.390737,hgb-jan-eval-train-before-20260101,false
2,2026-01-01T19:00:00Z,2026-01-01T12:00:00Z,2026-01-03T16:00:00Z,45,0.330616,hgb-jan-eval-train-before-20260101,false
2,2026-01-01T19:00:00Z,2026-01-01T12:00:00Z,2026-01-03T17:00:00Z,46,0.318487,hgb-jan-eval-train-before-20260101,false
2,2026-01-01T19:00:00Z,2026-01-01T12:00:00Z,2026-01-03T18:00:00Z,47,0.347938,hgb-jan-eval-train-before-20260101,false
2,2026-01-01T19:00:00Z,2026-01-01T12:00:00Z,2026-01-03T19:00:00Z,48,0.311908,hgb-jan-eval-train-before-20260101,false
1,2026-01-02T19:00:00Z,2026-01-02T12:00:00Z,2026-01-02T20:00:00Z,1,0.194857,hgb-jan-eval-train-before-20260101,false
1,2026-01-02T19:00:00Z,2026-01-02T12:00:00Z,2026-01-02T21:00:00Z,2,0.177032,hgb-jan-eval-train-before-20260101,false
1,2026-01-02T19:00:00Z,2026-01-02T12:00:00Z,2026-01-02T22:00:00Z,3,0.237247,hgb-jan-eval-train-before-20260101,false
1,2026-01-02T19:00:00Z,2026-01-02T12:00:00Z,2026-01-02T23:00:00Z,4,0.218897,hgb-jan-eval-train-before-20260101,false
1,2026-01-02T19:00:00Z,2026-01-02T12:00:00Z,2026-01-03T00:00:00Z,5,0.343124,hgb-jan-eval-train-before-20260101,false
1,2026-01-02T19:00:00Z,2026-01-02T12:00:00Z,2026-01-03T01:00:00Z,6,0.378685,hgb-jan-eval-train-before-20260101,false
1,2026-01-02T19:00:00Z,2026-01-02T12:00:00Z,2026-01-03T02:00:00Z,7,0.378521,hgb-jan-eval-train-before-20260101,false
1,2026-01-02T19:00:00Z,2026-01-02T12:00:00Z,2026-01-03T03:00:00Z,8,0.375972,hgb-jan-eval-train-before-20260101,false
1,2026-01-02T19:00:00Z,2026-01-02T12:00:00Z,2026-01-03T04:00:00Z,9,0.519888,hgb-jan-eval-train-before-20260101,false
1,2026-01-02T19:00:00Z,2026-01-02T12:00:00Z,2026-01-03T05:00:00Z,10,0.325227,hgb-jan-eval-train-before-20260101,false
1,2026-01-02T19:00:00Z,2026-01-02T12:00:00Z,2026-01-03T06:00:00Z,11,0.375237,hgb-jan-eval-train-before-20260101,false
1,2026-01-02T19:00:00Z,2026-01-02T12:00:00Z,2026-01-03T07:00:00Z,12,0.329493,hgb-jan-eval-train-before-20260101,false
1,2026-01-02T19:00:00Z,2026-01-02T12:00:00Z,2026-01-03T08:00:00Z,13,0.269760,hgb-jan-eval-train-before-20260101,false
1,2026-01-02T19:00:00Z,2026-01-02T12:00:00Z,2026-01-03T09:00:00Z,14,0.334599,hgb-jan-eval-train-before-20260101,false
1,2026-01-02T19:00:00Z,2026-01-02T12:00:00Z,2026-01-03T10:00:00Z,15,0.388277,hgb-jan-eval-train-before-20260101,false
1,2026-01-02T19:00:00Z,2026-01-02T12:00:00Z,2026-01-03T11:00:00Z,16,0.543837,hgb-jan-eval-train-before-20260101,false
1,2026-01-02T19:00:00Z,2026-01-02T12:00:00Z,2026-01-03T12:00:00Z,17,0.455386,hgb-jan-eval-train-before-20260101,false
1,2026-01-02T19:00:00Z,2026-01-02T12:00:00Z,2026-01-03T13:00:00Z,18,0.453314,hgb-jan-eval-train-before-20260101,false
1,2026-01-02T19:00:00Z,2026-01-02T12:00:00Z,2026-01-03T14:00:00Z,19,0.401676,hgb-jan-eval-train-before-20260101,false
1,2026-01-02T19:00:00Z,2026-01-02T12:00:00Z,2026-01-03T15:00:00Z,20,0.369437,hgb-jan-eval-train-before-20260101,false
1,2026-01-02T19:00:00Z,2026-01-02T12:00:00Z,2026-01-03T16:00:00Z,21,0.343104,hgb-jan-eval-train-before-20260101,false
1,2026-01-02T19:00:00Z,2026-01-02T12:00:00Z,2026-01-03T17:00:00Z,22,0.231315,hgb-jan-eval-train-before-20260101,false
1,2026-01-02T19:00:00Z,2026-01-02T12:00:00Z,2026-01-03T18:00:00Z,23,0.216609,hgb-jan-eval-train-before-20260101,false
1,2026-01-02T19:00:00Z,2026-01-02T12:00:00Z,2026-01-03T19:00:00Z,24,0.224923,hgb-jan-eval-train-before-20260101,false
1,2026-01-02T19:00:00Z,2026-01-02T12:00:00Z,2026-01-03T20:00:00Z,25,0.215789,hgb-jan-eval-train-before-20260101,false
1,2026-01-02T19:00:00Z,2026-01-02T12:00:00Z,2026-01-03T21:00:00Z,26,0.306380,hgb-jan-eval-train-before-20260101,false
1,2026-01-02T19:00:00Z,2026-01-02T12:00:00Z,2026-01-03T22:00:00Z,27,0.325586,hgb-jan-eval-train-before-20260101,false
1,2026-01-02T19:00:00Z,2026-01-02T12:00:00Z,2026-01-03T23:00:00Z,28,0.351740,hgb-jan-eval-train-before-20260101,false
1,2026-01-02T19:00:00Z,2026-01-02T12:00:00Z,2026-01-04T00:00:00Z,29,0.368257,hgb-jan-eval-train-before-20260101,false
1,2026-01-02T19:00:00Z,2026-01-02T12:00:00Z,2026-01-04T01:00:00Z,30,0.437995,hgb-jan-eval-train-before-20260101,false
1,2026-01-02T19:00:00Z,2026-01-02T12:00:00Z,2026-01-04T02:00:00Z,31,0.439683,hgb-jan-eval-train-before-20260101,false
1,2026-01-02T19:00:00Z,2026-01-02T12:00:00Z,2026-01-04T03:00:00Z,32,0.487145,hgb-jan-eval-train-before-20260101,false
1,2026-01-02T19:00:00Z,2026-01-02T12:00:00Z,2026-01-04T04:00:00Z,33,0.053002,hgb-jan-eval-train-before-20260101,false
1,2026-01-02T19:00:00Z,2026-01-02T12:00:00Z,2026-01-04T05:00:00Z,34,0.123608,hgb-jan-eval-train-before-20260101,false
1,2026-01-02T19:00:00Z,2026-01-02T12:00:00Z,2026-01-04T06:00:00Z,35,0.125881,hgb-jan-eval-train-before-20260101,false
1,2026-01-02T19:00:00Z,2026-01-02T12:00:00Z,2026-01-04T07:00:00Z,36,0.219118,hgb-jan-eval-train-before-20260101,false
1,2026-01-02T19:00:00Z,2026-01-02T12:00:00Z,2026-01-04T08:00:00Z,37,0.278794,hgb-jan-eval-train-before-20260101,false
1,2026-01-02T19:00:00Z,2026-01-02T12:00:00Z,2026-01-04T09:00:00Z,38,0.344128,hgb-jan-eval-train-before-20260101,false
1,2026-01-02T19:00:00Z,2026-01-02T12:00:00Z,2026-01-04T10:00:00Z,39,0.349985,hgb-jan-eval-train-before-20260101,false
1,2026-01-02T19:00:00Z,2026-01-02T12:00:00Z,2026-01-04T11:00:00Z,40,0.483426,hgb-jan-eval-train-before-20260101,false
1,2026-01-02T19:00:00Z,2026-01-02T12:00:00Z,2026-01-04T12:00:00Z,41,0.528417,hgb-jan-eval-train-before-20260101,false
1,2026-01-02T19:00:00Z,2026-01-02T12:00:00Z,2026-01-04T13:00:00Z,42,0.659202,hgb-jan-eval-train-before-20260101,false
1,2026-01-02T19:00:00Z,2026-01-02T12:00:00Z,2026-01-04T14:00:00Z,43,0.744161,hgb-jan-eval-train-before-20260101,false
1,2026-01-02T19:00:00Z,2026-01-02T12:00:00Z,2026-01-04T15:00:00Z,44,0.814593,hgb-jan-eval-train-before-20260101,false
1,2026-01-02T19:00:00Z,2026-01-02T12:00:00Z,2026-01-04T16:00:00Z,45,0.788847,hgb-jan-eval-train-before-20260101,false
1,2026-01-02T19:00:00Z,2026-01-02T12:00:00Z,2026-01-04T17:00:00Z,46,0.756668,hgb-jan-eval-train-before-20260101,false
1,2026-01-02T19:00:00Z,2026-01-02T12:00:00Z,2026-01-04T18:00:00Z,47,0.743795,hgb-jan-eval-train-before-20260101,false
1,2026-01-02T19:00:00Z,2026-01-02T12:00:00Z,2026-01-04T19:00:00Z,48,0.754417,hgb-jan-eval-train-before-20260101,false
2,2026-01-02T19:00:00Z,2026-01-02T12:00:00Z,2026-01-02T20:00:00Z,1,0.194857,hgb-jan-eval-train-before-20260101,false
2,2026-01-02T19:00:00Z,2026-01-02T12:00:00Z,2026-01-02T21:00:00Z,2,0.177032,hgb-jan-eval-train-before-20260101,false
2,2026-01-02T19:00:00Z,2026-01-02T12:00:00Z,2026-01-02T22:00:00Z,3,0.237247,hgb-jan-eval-train-before-20260101,false
2,2026-01-02T19:00:00Z,2026-01-02T12:00:00Z,2026-01-02T23:00:00Z,4,0.218897,hgb-jan-eval-train-before-20260101,false
2,2026-01-02T19:00:00Z,2026-01-02T12:00:00Z,2026-01-03T00:00:00Z,5,0.343124,hgb-jan-eval-train-before-20260101,false
2,2026-01-02T19:00:00Z,2026-01-02T12:00:00Z,2026-01-03T01:00:00Z,6,0.378685,hgb-jan-eval-train-before-20260101,false
2,2026-01-02T19:00:00Z,2026-01-02T12:00:00Z,2026-01-03T02:00:00Z,7,0.378521,hgb-jan-eval-train-before-20260101,false
2,2026-01-02T19:00:00Z,2026-01-02T12:00:00Z,2026-01-03T03:00:00Z,8,0.375972,hgb-jan-eval-train-before-20260101,false
2,2026-01-02T19:00:00Z,2026-01-02T12:00:00Z,2026-01-03T04:00:00Z,9,0.519888,hgb-jan-eval-train-before-20260101,false
2,2026-01-02T19:00:00Z,2026-01-02T12:00:00Z,2026-01-03T05:00:00Z,10,0.325227,hgb-jan-eval-train-before-20260101,false
2,2026-01-02T19:00:00Z,2026-01-02T12:00:00Z,2026-01-03T06:00:00Z,11,0.375237,hgb-jan-eval-train-before-20260101,false
2,2026-01-02T19:00:00Z,2026-01-02T12:00:00Z,2026-01-03T07:00:00Z,12,0.329493,hgb-jan-eval-train-before-20260101,false
2,2026-01-02T19:00:00Z,2026-01-02T12:00:00Z,2026-01-03T08:00:00Z,13,0.269760,hgb-jan-eval-train-before-20260101,false
2,2026-01-02T19:00:00Z,2026-01-02T12:00:00Z,2026-01-03T09:00:00Z,14,0.334599,hgb-jan-eval-train-before-20260101,false
2,2026-01-02T19:00:00Z,2026-01-02T12:00:00Z,2026-01-03T10:00:00Z,15,0.388277,hgb-jan-eval-train-before-20260101,false
2,2026-01-02T19:00:00Z,2026-01-02T12:00:00Z,2026-01-03T11:00:00Z,16,0.543837,hgb-jan-eval-train-before-20260101,false
2,2026-01-02T19:00:00Z,2026-01-02T12:00:00Z,2026-01-03T12:00:00Z,17,0.455386,hgb-jan-eval-train-before-20260101,false
2,2026-01-02T19:00:00Z,2026-01-02T12:00:00Z,2026-01-03T13:00:00Z,18,0.453314,hgb-jan-eval-train-before-20260101,false
2,2026-01-02T19:00:00Z,2026-01-02T12:00:00Z,2026-01-03T14:00:00Z,19,0.401676,hgb-jan-eval-train-before-20260101,false
2,2026-01-02T19:00:00Z,2026-01-02T12:00:00Z,2026-01-03T15:00:00Z,20,0.369437,hgb-jan-eval-train-before-20260101,false
2,2026-01-02T19:00:00Z,2026-01-02T12:00:00Z,2026-01-03T16:00:00Z,21,0.343104,hgb-jan-eval-train-before-20260101,false
2,2026-01-02T19:00:00Z,2026-01-02T12:00:00Z,2026-01-03T17:00:00Z,22,0.231315,hgb-jan-eval-train-before-20260101,false
2,2026-01-02T19:00:00Z,2026-01-02T12:00:00Z,2026-01-03T18:00:00Z,23,0.216609,hgb-jan-eval-train-before-20260101,false
2,2026-01-02T19:00:00Z,2026-01-02T12:00:00Z,2026-01-03T19:00:00Z,24,0.224923,hgb-jan-eval-train-before-20260101,false
2,2026-01-02T19:00:00Z,2026-01-02T12:00:00Z,2026-01-03T20:00:00Z,25,0.215789,hgb-jan-eval-train-before-20260101,false
2,2026-01-02T19:00:00Z,2026-01-02T12:00:00Z,2026-01-03T21:00:00Z,26,0.306380,hgb-jan-eval-train-before-20260101,false
2,2026-01-02T19:00:00Z,2026-01-02T12:00:00Z,2026-01-03T22:00:00Z,27,0.325586,hgb-jan-eval-train-before-20260101,false
2,2026-01-02T19:00:00Z,2026-01-02T12:00:00Z,2026-01-03T23:00:00Z,28,0.351740,hgb-jan-eval-train-before-20260101,false
2,2026-01-02T19:00:00Z,2026-01-02T12:00:00Z,2026-01-04T00:00:00Z,29,0.368257,hgb-jan-eval-train-before-20260101,false
2,2026-01-02T19:00:00Z,2026-01-02T12:00:00Z,2026-01-04T01:00:00Z,30,0.437995,hgb-jan-eval-train-before-20260101,false
2,2026-01-02T19:00:00Z,2026-01-02T12:00:00Z,2026-01-04T02:00:00Z,31,0.439683,hgb-jan-eval-train-before-20260101,false
2,2026-01-02T19:00:00Z,2026-01-02T12:00:00Z,2026-01-04T03:00:00Z,32,0.487145,hgb-jan-eval-train-before-20260101,false
2,2026-01-02T19:00:00Z,2026-01-02T12:00:00Z,2026-01-04T04:00:00Z,33,0.053002,hgb-jan-eval-train-before-20260101,false
2,2026-01-02T19:00:00Z,2026-01-02T12:00:00Z,2026-01-04T05:00:00Z,34,0.123608,hgb-jan-eval-train-before-20260101,false
2,2026-01-02T19:00:00Z,2026-01-02T12:00:00Z,2026-01-04T06:00:00Z,35,0.125881,hgb-jan-eval-train-before-20260101,false
2,2026-01-02T19:00:00Z,2026-01-02T12:00:00Z,2026-01-04T07:00:00Z,36,0.219118,hgb-jan-eval-train-before-20260101,false
2,2026-01-02T19:00:00Z,2026-01-02T12:00:00Z,2026-01-04T08:00:00Z,37,0.278794,hgb-jan-eval-train-before-20260101,false
2,2026-01-02T19:00:00Z,2026-01-02T12:00:00Z,2026-01-04T09:00:00Z,38,0.344128,hgb-jan-eval-train-before-20260101,false
2,2026-01-02T19:00:00Z,2026-01-02T12:00:00Z,2026-01-04T10:00:00Z,39,0.349985,hgb-jan-eval-train-before-20260101,false
2,2026-01-02T19:00:00Z,2026-01-02T12:00:00Z,2026-01-04T11:00:00Z,40,0.483426,hgb-jan-eval-train-before-20260101,false
2,2026-01-02T19:00:00Z,2026-01-02T12:00:00Z,2026-01-04T12:00:00Z,41,0.528417,hgb-jan-eval-train-before-20260101,false
2,2026-01-02T19:00:00Z,2026-01-02T12:00:00Z,2026-01-04T13:00:00Z,42,0.659202,hgb-jan-eval-train-before-20260101,false
2,2026-01-02T19:00:00Z,2026-01-02T12:00:00Z,2026-01-04T14:00:00Z,43,0.744161,hgb-jan-eval-train-before-20260101,false
2,2026-01-02T19:00:00Z,2026-01-02T12:00:00Z,2026-01-04T15:00:00Z,44,0.814593,hgb-jan-eval-train-before-20260101,false
2,2026-01-02T19:00:00Z,2026-01-02T12:00:00Z,2026-01-04T16:00:00Z,45,0.788847,hgb-jan-eval-train-before-20260101,false
2,2026-01-02T19:00:00Z,2026-01-02T12:00:00Z,2026-01-04T17:00:00Z,46,0.756668,hgb-jan-eval-train-before-20260101,false
2,2026-01-02T19:00:00Z,2026-01-02T12:00:00Z,2026-01-04T18:00:00Z,47,0.743795,hgb-jan-eval-train-before-20260101,false
2,2026-01-02T19:00:00Z,2026-01-02T12:00:00Z,2026-01-04T19:00:00Z,48,0.754417,hgb-jan-eval-train-before-20260101,false
1,2026-01-03T19:00:00Z,2026-01-03T12:00:00Z,2026-01-03T20:00:00Z,1,0.450733,hgb-jan-eval-train-before-20260101,false
1,2026-01-03T19:00:00Z,2026-01-03T12:00:00Z,2026-01-03T21:00:00Z,2,0.398270,hgb-jan-eval-train-before-20260101,false
1,2026-01-03T19:00:00Z,2026-01-03T12:00:00Z,2026-01-03T22:00:00Z,3,0.330597,hgb-jan-eval-train-before-20260101,false
1,2026-01-03T19:00:00Z,2026-01-03T12:00:00Z,2026-01-03T23:00:00Z,4,0.349446,hgb-jan-eval-train-before-20260101,false
1,2026-01-03T19:00:00Z,2026-01-03T12:00:00Z,2026-01-04T00:00:00Z,5,0.339663,hgb-jan-eval-train-before-20260101,false
1,2026-01-03T19:00:00Z,2026-01-03T12:00:00Z,2026-01-04T01:00:00Z,6,0.459271,hgb-jan-eval-train-before-20260101,false
1,2026-01-03T19:00:00Z,2026-01-03T12:00:00Z,2026-01-04T02:00:00Z,7,0.470229,hgb-jan-eval-train-before-20260101,false
1,2026-01-03T19:00:00Z,2026-01-03T12:00:00Z,2026-01-04T03:00:00Z,8,0.274434,hgb-jan-eval-train-before-20260101,false
1,2026-01-03T19:00:00Z,2026-01-03T12:00:00Z,2026-01-04T04:00:00Z,9,0.074372,hgb-jan-eval-train-before-20260101,false
1,2026-01-03T19:00:00Z,2026-01-03T12:00:00Z,2026-01-04T05:00:00Z,10,0.063576,hgb-jan-eval-train-before-20260101,false
1,2026-01-03T19:00:00Z,2026-01-03T12:00:00Z,2026-01-04T06:00:00Z,11,0.086135,hgb-jan-eval-train-before-20260101,false
1,2026-01-03T19:00:00Z,2026-01-03T12:00:00Z,2026-01-04T07:00:00Z,12,0.165521,hgb-jan-eval-train-before-20260101,false
1,2026-01-03T19:00:00Z,2026-01-03T12:00:00Z,2026-01-04T08:00:00Z,13,0.256835,hgb-jan-eval-train-before-20260101,false
1,2026-01-03T19:00:00Z,2026-01-03T12:00:00Z,2026-01-04T09:00:00Z,14,0.253200,hgb-jan-eval-train-before-20260101,false
1,2026-01-03T19:00:00Z,2026-01-03T12:00:00Z,2026-01-04T10:00:00Z,15,0.196240,hgb-jan-eval-train-before-20260101,false
1,2026-01-03T19:00:00Z,2026-01-03T12:00:00Z,2026-01-04T11:00:00Z,16,0.220988,hgb-jan-eval-train-before-20260101,false
1,2026-01-03T19:00:00Z,2026-01-03T12:00:00Z,2026-01-04T12:00:00Z,17,0.298958,hgb-jan-eval-train-before-20260101,false
1,2026-01-03T19:00:00Z,2026-01-03T12:00:00Z,2026-01-04T13:00:00Z,18,0.469782,hgb-jan-eval-train-before-20260101,false
1,2026-01-03T19:00:00Z,2026-01-03T12:00:00Z,2026-01-04T14:00:00Z,19,0.595820,hgb-jan-eval-train-before-20260101,false
1,2026-01-03T19:00:00Z,2026-01-03T12:00:00Z,2026-01-04T15:00:00Z,20,0.596007,hgb-jan-eval-train-before-20260101,false
1,2026-01-03T19:00:00Z,2026-01-03T12:00:00Z,2026-01-04T16:00:00Z,21,0.533743,hgb-jan-eval-train-before-20260101,false
1,2026-01-03T19:00:00Z,2026-01-03T12:00:00Z,2026-01-04T17:00:00Z,22,0.571468,hgb-jan-eval-train-before-20260101,false
1,2026-01-03T19:00:00Z,2026-01-03T12:00:00Z,2026-01-04T18:00:00Z,23,0.608082,hgb-jan-eval-train-before-20260101,false
1,2026-01-03T19:00:00Z,2026-01-03T12:00:00Z,2026-01-04T19:00:00Z,24,0.612031,hgb-jan-eval-train-before-20260101,false
1,2026-01-03T19:00:00Z,2026-01-03T12:00:00Z,2026-01-04T20:00:00Z,25,0.558788,hgb-jan-eval-train-before-20260101,false
1,2026-01-03T19:00:00Z,2026-01-03T12:00:00Z,2026-01-04T21:00:00Z,26,0.507149,hgb-jan-eval-train-before-20260101,false
1,2026-01-03T19:00:00Z,2026-01-03T12:00:00Z,2026-01-04T22:00:00Z,27,0.411740,hgb-jan-eval-train-before-20260101,false
1,2026-01-03T19:00:00Z,2026-01-03T12:00:00Z,2026-01-04T23:00:00Z,28,0.527903,hgb-jan-eval-train-before-20260101,false
1,2026-01-03T19:00:00Z,2026-01-03T12:00:00Z,2026-01-05T00:00:00Z,29,0.564526,hgb-jan-eval-train-before-20260101,false
1,2026-01-03T19:00:00Z,2026-01-03T12:00:00Z,2026-01-05T01:00:00Z,30,0.534248,hgb-jan-eval-train-before-20260101,false
1,2026-01-03T19:00:00Z,2026-01-03T12:00:00Z,2026-01-05T02:00:00Z,31,0.419472,hgb-jan-eval-train-before-20260101,false
1,2026-01-03T19:00:00Z,2026-01-03T12:00:00Z,2026-01-05T03:00:00Z,32,0.211990,hgb-jan-eval-train-before-20260101,false
1,2026-01-03T19:00:00Z,2026-01-03T12:00:00Z,2026-01-05T04:00:00Z,33,0.084795,hgb-jan-eval-train-before-20260101,false
1,2026-01-03T19:00:00Z,2026-01-03T12:00:00Z,2026-01-05T05:00:00Z,34,0.063458,hgb-jan-eval-train-before-20260101,false
1,2026-01-03T19:00:00Z,2026-01-03T12:00:00Z,2026-01-05T06:00:00Z,35,0.073545,hgb-jan-eval-train-before-20260101,false
1,2026-01-03T19:00:00Z,2026-01-03T12:00:00Z,2026-01-05T07:00:00Z,36,0.053855,hgb-jan-eval-train-before-20260101,false
1,2026-01-03T19:00:00Z,2026-01-03T12:00:00Z,2026-01-05T08:00:00Z,37,0.047976,hgb-jan-eval-train-before-20260101,false
1,2026-01-03T19:00:00Z,2026-01-03T12:00:00Z,2026-01-05T09:00:00Z,38,0.058392,hgb-jan-eval-train-before-20260101,false
1,2026-01-03T19:00:00Z,2026-01-03T12:00:00Z,2026-01-05T10:00:00Z,39,0.058095,hgb-jan-eval-train-before-20260101,false
1,2026-01-03T19:00:00Z,2026-01-03T12:00:00Z,2026-01-05T11:00:00Z,40,0.056722,hgb-jan-eval-train-before-20260101,false
1,2026-01-03T19:00:00Z,2026-01-03T12:00:00Z,2026-01-05T12:00:00Z,41,0.064099,hgb-jan-eval-train-before-20260101,false
1,2026-01-03T19:00:00Z,2026-01-03T12:00:00Z,2026-01-05T13:00:00Z,42,0.131820,hgb-jan-eval-train-before-20260101,false
1,2026-01-03T19:00:00Z,2026-01-03T12:00:00Z,2026-01-05T14:00:00Z,43,0.304699,hgb-jan-eval-train-before-20260101,false
1,2026-01-03T19:00:00Z,2026-01-03T12:00:00Z,2026-01-05T15:00:00Z,44,0.410330,hgb-jan-eval-train-before-20260101,false
1,2026-01-03T19:00:00Z,2026-01-03T12:00:00Z,2026-01-05T16:00:00Z,45,0.419154,hgb-jan-eval-train-before-20260101,false
1,2026-01-03T19:00:00Z,2026-01-03T12:00:00Z,2026-01-05T17:00:00Z,46,0.322262,hgb-jan-eval-train-before-20260101,false
1,2026-01-03T19:00:00Z,2026-01-03T12:00:00Z,2026-01-05T18:00:00Z,47,0.250404,hgb-jan-eval-train-before-20260101,false
1,2026-01-03T19:00:00Z,2026-01-03T12:00:00Z,2026-01-05T19:00:00Z,48,0.284799,hgb-jan-eval-train-before-20260101,false
2,2026-01-03T19:00:00Z,2026-01-03T12:00:00Z,2026-01-03T20:00:00Z,1,0.450733,hgb-jan-eval-train-before-20260101,false
2,2026-01-03T19:00:00Z,2026-01-03T12:00:00Z,2026-01-03T21:00:00Z,2,0.398270,hgb-jan-eval-train-before-20260101,false
2,2026-01-03T19:00:00Z,2026-01-03T12:00:00Z,2026-01-03T22:00:00Z,3,0.330597,hgb-jan-eval-train-before-20260101,false
2,2026-01-03T19:00:00Z,2026-01-03T12:00:00Z,2026-01-03T23:00:00Z,4,0.349446,hgb-jan-eval-train-before-20260101,false
2,2026-01-03T19:00:00Z,2026-01-03T12:00:00Z,2026-01-04T00:00:00Z,5,0.339663,hgb-jan-eval-train-before-20260101,false
2,2026-01-03T19:00:00Z,2026-01-03T12:00:00Z,2026-01-04T01:00:00Z,6,0.459271,hgb-jan-eval-train-before-20260101,false
2,2026-01-03T19:00:00Z,2026-01-03T12:00:00Z,2026-01-04T02:00:00Z,7,0.470229,hgb-jan-eval-train-before-20260101,false
2,2026-01-03T19:00:00Z,2026-01-03T12:00:00Z,2026-01-04T03:00:00Z,8,0.274434,hgb-jan-eval-train-before-20260101,false
2,2026-01-03T19:00:00Z,2026-01-03T12:00:00Z,2026-01-04T04:00:00Z,9,0.074372,hgb-jan-eval-train-before-20260101,false
2,2026-01-03T19:00:00Z,2026-01-03T12:00:00Z,2026-01-04T05:00:00Z,10,0.063576,hgb-jan-eval-train-before-20260101,false
2,2026-01-03T19:00:00Z,2026-01-03T12:00:00Z,2026-01-04T06:00:00Z,11,0.086135,hgb-jan-eval-train-before-20260101,false
2,2026-01-03T19:00:00Z,2026-01-03T12:00:00Z,2026-01-04T07:00:00Z,12,0.165521,hgb-jan-eval-train-before-20260101,false
2,2026-01-03T19:00:00Z,2026-01-03T12:00:00Z,2026-01-04T08:00:00Z,13,0.256835,hgb-jan-eval-train-before-20260101,false
2,2026-01-03T19:00:00Z,2026-01-03T12:00:00Z,2026-01-04T09:00:00Z,14,0.253200,hgb-jan-eval-train-before-20260101,false
2,2026-01-03T19:00:00Z,2026-01-03T12:00:00Z,2026-01-04T10:00:00Z,15,0.196240,hgb-jan-eval-train-before-20260101,false
2,2026-01-03T19:00:00Z,2026-01-03T12:00:00Z,2026-01-04T11:00:00Z,16,0.220988,hgb-jan-eval-train-before-20260101,false
2,2026-01-03T19:00:00Z,2026-01-03T12:00:00Z,2026-01-04T12:00:00Z,17,0.298958,hgb-jan-eval-train-before-20260101,false
2,2026-01-03T19:00:00Z,2026-01-03T12:00:00Z,2026-01-04T13:00:00Z,18,0.469782,hgb-jan-eval-train-before-20260101,false
2,2026-01-03T19:00:00Z,2026-01-03T12:00:00Z,2026-01-04T14:00:00Z,19,0.595820,hgb-jan-eval-train-before-20260101,false
2,2026-01-03T19:00:00Z,2026-01-03T12:00:00Z,2026-01-04T15:00:00Z,20,0.596007,hgb-jan-eval-train-before-20260101,false
2,2026-01-03T19:00:00Z,2026-01-03T12:00:00Z,2026-01-04T16:00:00Z,21,0.533743,hgb-jan-eval-train-before-20260101,false
2,2026-01-03T19:00:00Z,2026-01-03T12:00:00Z,2026-01-04T17:00:00Z,22,0.571468,hgb-jan-eval-train-before-20260101,false
2,2026-01-03T19:00:00Z,2026-01-03T12:00:00Z,2026-01-04T18:00:00Z,23,0.608082,hgb-jan-eval-train-before-20260101,false
2,2026-01-03T19:00:00Z,2026-01-03T12:00:00Z,2026-01-04T19:00:00Z,24,0.612031,hgb-jan-eval-train-before-20260101,false
2,2026-01-03T19:00:00Z,2026-01-03T12:00:00Z,2026-01-04T20:00:00Z,25,0.558788,hgb-jan-eval-train-before-20260101,false
2,2026-01-03T19:00:00Z,2026-01-03T12:00:00Z,2026-01-04T21:00:00Z,26,0.507149,hgb-jan-eval-train-before-20260101,false
2,2026-01-03T19:00:00Z,2026-01-03T12:00:00Z,2026-01-04T22:00:00Z,27,0.411740,hgb-jan-eval-train-before-20260101,false
2,2026-01-03T19:00:00Z,2026-01-03T12:00:00Z,2026-01-04T23:00:00Z,28,0.527903,hgb-jan-eval-train-before-20260101,false
2,2026-01-03T19:00:00Z,2026-01-03T12:00:00Z,2026-01-05T00:00:00Z,29,0.564526,hgb-jan-eval-train-before-20260101,false
2,2026-01-03T19:00:00Z,2026-01-03T12:00:00Z,2026-01-05T01:00:00Z,30,0.534248,hgb-jan-eval-train-before-20260101,false
2,2026-01-03T19:00:00Z,2026-01-03T12:00:00Z,2026-01-05T02:00:00Z,31,0.419472,hgb-jan-eval-train-before-20260101,false
2,2026-01-03T19:00:00Z,2026-01-03T12:00:00Z,2026-01-05T03:00:00Z,32,0.211990,hgb-jan-eval-train-before-20260101,false
2,2026-01-03T19:00:00Z,2026-01-03T12:00:00Z,2026-01-05T04:00:00Z,33,0.084795,hgb-jan-eval-train-before-20260101,false
2,2026-01-03T19:00:00Z,2026-01-03T12:00:00Z,2026-01-05T05:00:00Z,34,0.063458,hgb-jan-eval-train-before-20260101,false
2,2026-01-03T19:00:00Z,2026-01-03T12:00:00Z,2026-01-05T06:00:00Z,35,0.073545,hgb-jan-eval-train-before-20260101,false
2,2026-01-03T19:00:00Z,2026-01-03T12:00:00Z,2026-01-05T07:00:00Z,36,0.053855,hgb-jan-eval-train-before-20260101,false
2,2026-01-03T19:00:00Z,2026-01-03T12:00:00Z,2026-01-05T08:00:00Z,37,0.047976,hgb-jan-eval-train-before-20260101,false
2,2026-01-03T19:00:00Z,2026-01-03T12:00:00Z,2026-01-05T09:00:00Z,38,0.058392,hgb-jan-eval-train-before-20260101,false
2,2026-01-03T19:00:00Z,2026-01-03T12:00:00Z,2026-01-05T10:00:00Z,39,0.058095,hgb-jan-eval-train-before-20260101,false
2,2026-01-03T19:00:00Z,2026-01-03T12:00:00Z,2026-01-05T11:00:00Z,40,0.056722,hgb-jan-eval-train-before-20260101,false
2,2026-01-03T19:00:00Z,2026-01-03T12:00:00Z,2026-01-05T12:00:00Z,41,0.064099,hgb-jan-eval-train-before-20260101,false
2,2026-01-03T19:00:00Z,2026-01-03T12:00:00Z,2026-01-05T13:00:00Z,42,0.131820,hgb-jan-eval-train-before-20260101,false
2,2026-01-03T19:00:00Z,2026-01-03T12:00:00Z,2026-01-05T14:00:00Z,43,0.304699,hgb-jan-eval-train-before-20260101,false
2,2026-01-03T19:00:00Z,2026-01-03T12:00:00Z,2026-01-05T15:00:00Z,44,0.410330,hgb-jan-eval-train-before-20260101,false
2,2026-01-03T19:00:00Z,2026-01-03T12:00:00Z,2026-01-05T16:00:00Z,45,0.419154,hgb-jan-eval-train-before-20260101,false
2,2026-01-03T19:00:00Z,2026-01-03T12:00:00Z,2026-01-05T17:00:00Z,46,0.322262,hgb-jan-eval-train-before-20260101,false
2,2026-01-03T19:00:00Z,2026-01-03T12:00:00Z,2026-01-05T18:00:00Z,47,0.250404,hgb-jan-eval-train-before-20260101,false
2,2026-01-03T19:00:00Z,2026-01-03T12:00:00Z,2026-01-05T19:00:00Z,48,0.284799,hgb-jan-eval-train-before-20260101,false
1,2026-01-04T19:00:00Z,2026-01-04T12:00:00Z,2026-01-04T20:00:00Z,1,0.311777,hgb-jan-eval-train-before-20260101,false
1,2026-01-04T19:00:00Z,2026-01-04T12:00:00Z,2026-01-04T21:00:00Z,2,0.291116,hgb-jan-eval-train-before-20260101,false
1,2026-01-04T19:00:00Z,2026-01-04T12:00:00Z,2026-01-04T22:00:00Z,3,0.333854,hgb-jan-eval-train-before-20260101,false
1,2026-01-04T19:00:00Z,2026-01-04T12:00:00Z,2026-01-04T23:00:00Z,4,0.328393,hgb-jan-eval-train-before-20260101,false
1,2026-01-04T19:00:00Z,2026-01-04T12:00:00Z,2026-01-05T00:00:00Z,5,0.283014,hgb-jan-eval-train-before-20260101,false
1,2026-01-04T19:00:00Z,2026-01-04T12:00:00Z,2026-01-05T01:00:00Z,6,0.201771,hgb-jan-eval-train-before-20260101,false
1,2026-01-04T19:00:00Z,2026-01-04T12:00:00Z,2026-01-05T02:00:00Z,7,0.129385,hgb-jan-eval-train-before-20260101,false
1,2026-01-04T19:00:00Z,2026-01-04T12:00:00Z,2026-01-05T03:00:00Z,8,0.093999,hgb-jan-eval-train-before-20260101,false
1,2026-01-04T19:00:00Z,2026-01-04T12:00:00Z,2026-01-05T04:00:00Z,9,0.049464,hgb-jan-eval-train-before-20260101,false
1,2026-01-04T19:00:00Z,2026-01-04T12:00:00Z,2026-01-05T05:00:00Z,10,0.046450,hgb-jan-eval-train-before-20260101,false
1,2026-01-04T19:00:00Z,2026-01-04T12:00:00Z,2026-01-05T06:00:00Z,11,0.054274,hgb-jan-eval-train-before-20260101,false
1,2026-01-04T19:00:00Z,2026-01-04T12:00:00Z,2026-01-05T07:00:00Z,12,0.054534,hgb-jan-eval-train-before-20260101,false
1,2026-01-04T19:00:00Z,2026-01-04T12:00:00Z,2026-01-05T08:00:00Z,13,0.070664,hgb-jan-eval-train-before-20260101,false
1,2026-01-04T19:00:00Z,2026-01-04T12:00:00Z,2026-01-05T09:00:00Z,14,0.062727,hgb-jan-eval-train-before-20260101,false
1,2026-01-04T19:00:00Z,2026-01-04T12:00:00Z,2026-01-05T10:00:00Z,15,0.064298,hgb-jan-eval-train-before-20260101,false
1,2026-01-04T19:00:00Z,2026-01-04T12:00:00Z,2026-01-05T11:00:00Z,16,0.053587,hgb-jan-eval-train-before-20260101,false
1,2026-01-04T19:00:00Z,2026-01-04T12:00:00Z,2026-01-05T12:00:00Z,17,0.057362,hgb-jan-eval-train-before-20260101,false
1,2026-01-04T19:00:00Z,2026-01-04T12:00:00Z,2026-01-05T13:00:00Z,18,0.104374,hgb-jan-eval-train-before-20260101,false
1,2026-01-04T19:00:00Z,2026-01-04T12:00:00Z,2026-01-05T14:00:00Z,19,0.280197,hgb-jan-eval-train-before-20260101,false
1,2026-01-04T19:00:00Z,2026-01-04T12:00:00Z,2026-01-05T15:00:00Z,20,0.416432,hgb-jan-eval-train-before-20260101,false
1,2026-01-04T19:00:00Z,2026-01-04T12:00:00Z,2026-01-05T16:00:00Z,21,0.414537,hgb-jan-eval-train-before-20260101,false
1,2026-01-04T19:00:00Z,2026-01-04T12:00:00Z,2026-01-05T17:00:00Z,22,0.298038,hgb-jan-eval-train-before-20260101,false
1,2026-01-04T19:00:00Z,2026-01-04T12:00:00Z,2026-01-05T18:00:00Z,23,0.257011,hgb-jan-eval-train-before-20260101,false
1,2026-01-04T19:00:00Z,2026-01-04T12:00:00Z,2026-01-05T19:00:00Z,24,0.261357,hgb-jan-eval-train-before-20260101,false
1,2026-01-04T19:00:00Z,2026-01-04T12:00:00Z,2026-01-05T20:00:00Z,25,0.294445,hgb-jan-eval-train-before-20260101,false
1,2026-01-04T19:00:00Z,2026-01-04T12:00:00Z,2026-01-05T21:00:00Z,26,0.533024,hgb-jan-eval-train-before-20260101,false
1,2026-01-04T19:00:00Z,2026-01-04T12:00:00Z,2026-01-05T22:00:00Z,27,0.631306,hgb-jan-eval-train-before-20260101,false
1,2026-01-04T19:00:00Z,2026-01-04T12:00:00Z,2026-01-05T23:00:00Z,28,0.719387,hgb-jan-eval-train-before-20260101,false
1,2026-01-04T19:00:00Z,2026-01-04T12:00:00Z,2026-01-06T00:00:00Z,29,0.848531,hgb-jan-eval-train-before-20260101,false
1,2026-01-04T19:00:00Z,2026-01-04T12:00:00Z,2026-01-06T01:00:00Z,30,0.920938,hgb-jan-eval-train-before-20260101,false
1,2026-01-04T19:00:00Z,2026-01-04T12:00:00Z,2026-01-06T02:00:00Z,31,0.900372,hgb-jan-eval-train-before-20260101,false
1,2026-01-04T19:00:00Z,2026-01-04T12:00:00Z,2026-01-06T03:00:00Z,32,0.961940,hgb-jan-eval-train-before-20260101,false
1,2026-01-04T19:00:00Z,2026-01-04T12:00:00Z,2026-01-06T04:00:00Z,33,0.969909,hgb-jan-eval-train-before-20260101,false
1,2026-01-04T19:00:00Z,2026-01-04T12:00:00Z,2026-01-06T05:00:00Z,34,0.920940,hgb-jan-eval-train-before-20260101,false
1,2026-01-04T19:00:00Z,2026-01-04T12:00:00Z,2026-01-06T06:00:00Z,35,0.949231,hgb-jan-eval-train-before-20260101,false
1,2026-01-04T19:00:00Z,2026-01-04T12:00:00Z,2026-01-06T07:00:00Z,36,0.967282,hgb-jan-eval-train-before-20260101,false
1,2026-01-04T19:00:00Z,2026-01-04T12:00:00Z,2026-01-06T08:00:00Z,37,0.989509,hgb-jan-eval-train-before-20260101,false
1,2026-01-04T19:00:00Z,2026-01-04T12:00:00Z,2026-01-06T09:00:00Z,38,0.978322,hgb-jan-eval-train-before-20260101,false
1,2026-01-04T19:00:00Z,2026-01-04T12:00:00Z,2026-01-06T10:00:00Z,39,0.940431,hgb-jan-eval-train-before-20260101,false
1,2026-01-04T19:00:00Z,2026-01-04T12:00:00Z,2026-01-06T11:00:00Z,40,0.809175,hgb-jan-eval-train-before-20260101,false
1,2026-01-04T19:00:00Z,2026-01-04T12:00:00Z,2026-01-06T12:00:00Z,41,0.819370,hgb-jan-eval-train-before-20260101,false
1,2026-01-04T19:00:00Z,2026-01-04T12:00:00Z,2026-01-06T13:00:00Z,42,0.820327,hgb-jan-eval-train-before-20260101,false
1,2026-01-04T19:00:00Z,2026-01-04T12:00:00Z,2026-01-06T14:00:00Z,43,0.735458,hgb-jan-eval-train-before-20260101,false
1,2026-01-04T19:00:00Z,2026-01-04T12:00:00Z,2026-01-06T15:00:00Z,44,0.617415,hgb-jan-eval-train-before-20260101,false
1,2026-01-04T19:00:00Z,2026-01-04T12:00:00Z,2026-01-06T16:00:00Z,45,0.387417,hgb-jan-eval-train-before-20260101,false
1,2026-01-04T19:00:00Z,2026-01-04T12:00:00Z,2026-01-06T17:00:00Z,46,0.092451,hgb-jan-eval-train-before-20260101,false
1,2026-01-04T19:00:00Z,2026-01-04T12:00:00Z,2026-01-06T18:00:00Z,47,0.071967,hgb-jan-eval-train-before-20260101,false
1,2026-01-04T19:00:00Z,2026-01-04T12:00:00Z,2026-01-06T19:00:00Z,48,0.134868,hgb-jan-eval-train-before-20260101,false
2,2026-01-04T19:00:00Z,2026-01-04T12:00:00Z,2026-01-04T20:00:00Z,1,0.311777,hgb-jan-eval-train-before-20260101,false
2,2026-01-04T19:00:00Z,2026-01-04T12:00:00Z,2026-01-04T21:00:00Z,2,0.291116,hgb-jan-eval-train-before-20260101,false
2,2026-01-04T19:00:00Z,2026-01-04T12:00:00Z,2026-01-04T22:00:00Z,3,0.333854,hgb-jan-eval-train-before-20260101,false
2,2026-01-04T19:00:00Z,2026-01-04T12:00:00Z,2026-01-04T23:00:00Z,4,0.328393,hgb-jan-eval-train-before-20260101,false
2,2026-01-04T19:00:00Z,2026-01-04T12:00:00Z,2026-01-05T00:00:00Z,5,0.283014,hgb-jan-eval-train-before-20260101,false
2,2026-01-04T19:00:00Z,2026-01-04T12:00:00Z,2026-01-05T01:00:00Z,6,0.201771,hgb-jan-eval-train-before-20260101,false
2,2026-01-04T19:00:00Z,2026-01-04T12:00:00Z,2026-01-05T02:00:00Z,7,0.129385,hgb-jan-eval-train-before-20260101,false
2,2026-01-04T19:00:00Z,2026-01-04T12:00:00Z,2026-01-05T03:00:00Z,8,0.093999,hgb-jan-eval-train-before-20260101,false
2,2026-01-04T19:00:00Z,2026-01-04T12:00:00Z,2026-01-05T04:00:00Z,9,0.049464,hgb-jan-eval-train-before-20260101,false
2,2026-01-04T19:00:00Z,2026-01-04T12:00:00Z,2026-01-05T05:00:00Z,10,0.046450,hgb-jan-eval-train-before-20260101,false
2,2026-01-04T19:00:00Z,2026-01-04T12:00:00Z,2026-01-05T06:00:00Z,11,0.054274,hgb-jan-eval-train-before-20260101,false
2,2026-01-04T19:00:00Z,2026-01-04T12:00:00Z,2026-01-05T07:00:00Z,12,0.054534,hgb-jan-eval-train-before-20260101,false
2,2026-01-04T19:00:00Z,2026-01-04T12:00:00Z,2026-01-05T08:00:00Z,13,0.070664,hgb-jan-eval-train-before-20260101,false
2,2026-01-04T19:00:00Z,2026-01-04T12:00:00Z,2026-01-05T09:00:00Z,14,0.062727,hgb-jan-eval-train-before-20260101,false
2,2026-01-04T19:00:00Z,2026-01-04T12:00:00Z,2026-01-05T10:00:00Z,15,0.064298,hgb-jan-eval-train-before-20260101,false
2,2026-01-04T19:00:00Z,2026-01-04T12:00:00Z,2026-01-05T11:00:00Z,16,0.053587,hgb-jan-eval-train-before-20260101,false
2,2026-01-04T19:00:00Z,2026-01-04T12:00:00Z,2026-01-05T12:00:00Z,17,0.057362,hgb-jan-eval-train-before-20260101,false
2,2026-01-04T19:00:00Z,2026-01-04T12:00:00Z,2026-01-05T13:00:00Z,18,0.104374,hgb-jan-eval-train-before-20260101,false
2,2026-01-04T19:00:00Z,2026-01-04T12:00:00Z,2026-01-05T14:00:00Z,19,0.280197,hgb-jan-eval-train-before-20260101,false
2,2026-01-04T19:00:00Z,2026-01-04T12:00:00Z,2026-01-05T15:00:00Z,20,0.416432,hgb-jan-eval-train-before-20260101,false
2,2026-01-04T19:00:00Z,2026-01-04T12:00:00Z,2026-01-05T16:00:00Z,21,0.414537,hgb-jan-eval-train-before-20260101,false
2,2026-01-04T19:00:00Z,2026-01-04T12:00:00Z,2026-01-05T17:00:00Z,22,0.298038,hgb-jan-eval-train-before-20260101,false
2,2026-01-04T19:00:00Z,2026-01-04T12:00:00Z,2026-01-05T18:00:00Z,23,0.257011,hgb-jan-eval-train-before-20260101,false
2,2026-01-04T19:00:00Z,2026-01-04T12:00:00Z,2026-01-05T19:00:00Z,24,0.261357,hgb-jan-eval-train-before-20260101,false
2,2026-01-04T19:00:00Z,2026-01-04T12:00:00Z,2026-01-05T20:00:00Z,25,0.294445,hgb-jan-eval-train-before-20260101,false
2,2026-01-04T19:00:00Z,2026-01-04T12:00:00Z,2026-01-05T21:00:00Z,26,0.533024,hgb-jan-eval-train-before-20260101,false
2,2026-01-04T19:00:00Z,2026-01-04T12:00:00Z,2026-01-05T22:00:00Z,27,0.631306,hgb-jan-eval-train-before-20260101,false
2,2026-01-04T19:00:00Z,2026-01-04T12:00:00Z,2026-01-05T23:00:00Z,28,0.719387,hgb-jan-eval-train-before-20260101,false
2,2026-01-04T19:00:00Z,2026-01-04T12:00:00Z,2026-01-06T00:00:00Z,29,0.848531,hgb-jan-eval-train-before-20260101,false
2,2026-01-04T19:00:00Z,2026-01-04T12:00:00Z,2026-01-06T01:00:00Z,30,0.920938,hgb-jan-eval-train-before-20260101,false
2,2026-01-04T19:00:00Z,2026-01-04T12:00:00Z,2026-01-06T02:00:00Z,31,0.900372,hgb-jan-eval-train-before-20260101,false
2,2026-01-04T19:00:00Z,2026-01-04T12:00:00Z,2026-01-06T03:00:00Z,32,0.961940,hgb-jan-eval-train-before-20260101,false
2,2026-01-04T19:00:00Z,2026-01-04T12:00:00Z,2026-01-06T04:00:00Z,33,0.969909,hgb-jan-eval-train-before-20260101,false
2,2026-01-04T19:00:00Z,2026-01-04T12:00:00Z,2026-01-06T05:00:00Z,34,0.920940,hgb-jan-eval-train-before-20260101,false
2,2026-01-04T19:00:00Z,2026-01-04T12:00:00Z,2026-01-06T06:00:00Z,35,0.948733,hgb-jan-eval-train-before-20260101,false
2,2026-01-04T19:00:00Z,2026-01-04T12:00:00Z,2026-01-06T07:00:00Z,36,0.966784,hgb-jan-eval-train-before-20260101,false
2,2026-01-04T19:00:00Z,2026-01-04T12:00:00Z,2026-01-06T08:00:00Z,37,0.989011,hgb-jan-eval-train-before-20260101,false
2,2026-01-04T19:00:00Z,2026-01-04T12:00:00Z,2026-01-06T09:00:00Z,38,0.977824,hgb-jan-eval-train-before-20260101,false
2,2026-01-04T19:00:00Z,2026-01-04T12:00:00Z,2026-01-06T10:00:00Z,39,0.939933,hgb-jan-eval-train-before-20260101,false
2,2026-01-04T19:00:00Z,2026-01-04T12:00:00Z,2026-01-06T11:00:00Z,40,0.809175,hgb-jan-eval-train-before-20260101,false
2,2026-01-04T19:00:00Z,2026-01-04T12:00:00Z,2026-01-06T12:00:00Z,41,0.819370,hgb-jan-eval-train-before-20260101,false
2,2026-01-04T19:00:00Z,2026-01-04T12:00:00Z,2026-01-06T13:00:00Z,42,0.820327,hgb-jan-eval-train-before-20260101,false
2,2026-01-04T19:00:00Z,2026-01-04T12:00:00Z,2026-01-06T14:00:00Z,43,0.735458,hgb-jan-eval-train-before-20260101,false
2,2026-01-04T19:00:00Z,2026-01-04T12:00:00Z,2026-01-06T15:00:00Z,44,0.617415,hgb-jan-eval-train-before-20260101,false
2,2026-01-04T19:00:00Z,2026-01-04T12:00:00Z,2026-01-06T16:00:00Z,45,0.387417,hgb-jan-eval-train-before-20260101,false
2,2026-01-04T19:00:00Z,2026-01-04T12:00:00Z,2026-01-06T17:00:00Z,46,0.092451,hgb-jan-eval-train-before-20260101,false
2,2026-01-04T19:00:00Z,2026-01-04T12:00:00Z,2026-01-06T18:00:00Z,47,0.071967,hgb-jan-eval-train-before-20260101,false
2,2026-01-04T19:00:00Z,2026-01-04T12:00:00Z,2026-01-06T19:00:00Z,48,0.134868,hgb-jan-eval-train-before-20260101,false
1,2026-01-05T19:00:00Z,2026-01-05T12:00:00Z,2026-01-05T20:00:00Z,1,0.330625,hgb-jan-eval-train-before-20260101,false
1,2026-01-05T19:00:00Z,2026-01-05T12:00:00Z,2026-01-05T21:00:00Z,2,0.643137,hgb-jan-eval-train-before-20260101,false
1,2026-01-05T19:00:00Z,2026-01-05T12:00:00Z,2026-01-05T22:00:00Z,3,0.707143,hgb-jan-eval-train-before-20260101,false
1,2026-01-05T19:00:00Z,2026-01-05T12:00:00Z,2026-01-05T23:00:00Z,4,0.792708,hgb-jan-eval-train-before-20260101,false
1,2026-01-05T19:00:00Z,2026-01-05T12:00:00Z,2026-01-06T00:00:00Z,5,0.872223,hgb-jan-eval-train-before-20260101,false
1,2026-01-05T19:00:00Z,2026-01-05T12:00:00Z,2026-01-06T01:00:00Z,6,0.837357,hgb-jan-eval-train-before-20260101,false
1,2026-01-05T19:00:00Z,2026-01-05T12:00:00Z,2026-01-06T02:00:00Z,7,0.892066,hgb-jan-eval-train-before-20260101,false
1,2026-01-05T19:00:00Z,2026-01-05T12:00:00Z,2026-01-06T03:00:00Z,8,0.974276,hgb-jan-eval-train-before-20260101,false
1,2026-01-05T19:00:00Z,2026-01-05T12:00:00Z,2026-01-06T04:00:00Z,9,0.877460,hgb-jan-eval-train-before-20260101,false
1,2026-01-05T19:00:00Z,2026-01-05T12:00:00Z,2026-01-06T05:00:00Z,10,0.927052,hgb-jan-eval-train-before-20260101,false
1,2026-01-05T19:00:00Z,2026-01-05T12:00:00Z,2026-01-06T06:00:00Z,11,0.964413,hgb-jan-eval-train-before-20260101,false
1,2026-01-05T19:00:00Z,2026-01-05T12:00:00Z,2026-01-06T07:00:00Z,12,0.967282,hgb-jan-eval-train-before-20260101,false
1,2026-01-05T19:00:00Z,2026-01-05T12:00:00Z,2026-01-06T08:00:00Z,13,0.989509,hgb-jan-eval-train-before-20260101,false
1,2026-01-05T19:00:00Z,2026-01-05T12:00:00Z,2026-01-06T09:00:00Z,14,0.956678,hgb-jan-eval-train-before-20260101,false
1,2026-01-05T19:00:00Z,2026-01-05T12:00:00Z,2026-01-06T10:00:00Z,15,0.874099,hgb-jan-eval-train-before-20260101,false
1,2026-01-05T19:00:00Z,2026-01-05T12:00:00Z,2026-01-06T11:00:00Z,16,0.818662,hgb-jan-eval-train-before-20260101,false
1,2026-01-05T19:00:00Z,2026-01-05T12:00:00Z,2026-01-06T12:00:00Z,17,0.841311,hgb-jan-eval-train-before-20260101,false
1,2026-01-05T19:00:00Z,2026-01-05T12:00:00Z,2026-01-06T13:00:00Z,18,0.745026,hgb-jan-eval-train-before-20260101,false
1,2026-01-05T19:00:00Z,2026-01-05T12:00:00Z,2026-01-06T14:00:00Z,19,0.658289,hgb-jan-eval-train-before-20260101,false
1,2026-01-05T19:00:00Z,2026-01-05T12:00:00Z,2026-01-06T15:00:00Z,20,0.630945,hgb-jan-eval-train-before-20260101,false
1,2026-01-05T19:00:00Z,2026-01-05T12:00:00Z,2026-01-06T16:00:00Z,21,0.483519,hgb-jan-eval-train-before-20260101,false
1,2026-01-05T19:00:00Z,2026-01-05T12:00:00Z,2026-01-06T17:00:00Z,22,0.092451,hgb-jan-eval-train-before-20260101,false
1,2026-01-05T19:00:00Z,2026-01-05T12:00:00Z,2026-01-06T18:00:00Z,23,0.077808,hgb-jan-eval-train-before-20260101,false
1,2026-01-05T19:00:00Z,2026-01-05T12:00:00Z,2026-01-06T19:00:00Z,24,0.110702,hgb-jan-eval-train-before-20260101,false
1,2026-01-05T19:00:00Z,2026-01-05T12:00:00Z,2026-01-06T20:00:00Z,25,0.103316,hgb-jan-eval-train-before-20260101,false
1,2026-01-05T19:00:00Z,2026-01-05T12:00:00Z,2026-01-06T21:00:00Z,26,0.104614,hgb-jan-eval-train-before-20260101,false
1,2026-01-05T19:00:00Z,2026-01-05T12:00:00Z,2026-01-06T22:00:00Z,27,0.107599,hgb-jan-eval-train-before-20260101,false
1,2026-01-05T19:00:00Z,2026-01-05T12:00:00Z,2026-01-06T23:00:00Z,28,0.165994,hgb-jan-eval-train-before-20260101,false
1,2026-01-05T19:00:00Z,2026-01-05T12:00:00Z,2026-01-07T00:00:00Z,29,0.203412,hgb-jan-eval-train-before-20260101,false
1,2026-01-05T19:00:00Z,2026-01-05T12:00:00Z,2026-01-07T01:00:00Z,30,0.206435,hgb-jan-eval-train-before-20260101,false
1,2026-01-05T19:00:00Z,2026-01-05T12:00:00Z,2026-01-07T02:00:00Z,31,0.265839,hgb-jan-eval-train-before-20260101,false
1,2026-01-05T19:00:00Z,2026-01-05T12:00:00Z,2026-01-07T03:00:00Z,32,0.157394,hgb-jan-eval-train-before-20260101,false
1,2026-01-05T19:00:00Z,2026-01-05T12:00:00Z,2026-01-07T04:00:00Z,33,0.091749,hgb-jan-eval-train-before-20260101,false
1,2026-01-05T19:00:00Z,2026-01-05T12:00:00Z,2026-01-07T05:00:00Z,34,0.061899,hgb-jan-eval-train-before-20260101,false
1,2026-01-05T19:00:00Z,2026-01-05T12:00:00Z,2026-01-07T06:00:00Z,35,0.060093,hgb-jan-eval-train-before-20260101,false
1,2026-01-05T19:00:00Z,2026-01-05T12:00:00Z,2026-01-07T07:00:00Z,36,0.071259,hgb-jan-eval-train-before-20260101,false
1,2026-01-05T19:00:00Z,2026-01-05T12:00:00Z,2026-01-07T08:00:00Z,37,0.074622,hgb-jan-eval-train-before-20260101,false
1,2026-01-05T19:00:00Z,2026-01-05T12:00:00Z,2026-01-07T09:00:00Z,38,0.092192,hgb-jan-eval-train-before-20260101,false
1,2026-01-05T19:00:00Z,2026-01-05T12:00:00Z,2026-01-07T10:00:00Z,39,0.074504,hgb-jan-eval-train-before-20260101,false
1,2026-01-05T19:00:00Z,2026-01-05T12:00:00Z,2026-01-07T11:00:00Z,40,0.097225,hgb-jan-eval-train-before-20260101,false
1,2026-01-05T19:00:00Z,2026-01-05T12:00:00Z,2026-01-07T12:00:00Z,41,0.104991,hgb-jan-eval-train-before-20260101,false
1,2026-01-05T19:00:00Z,2026-01-05T12:00:00Z,2026-01-07T13:00:00Z,42,0.123410,hgb-jan-eval-train-before-20260101,false
1,2026-01-05T19:00:00Z,2026-01-05T12:00:00Z,2026-01-07T14:00:00Z,43,0.147627,hgb-jan-eval-train-before-20260101,false
1,2026-01-05T19:00:00Z,2026-01-05T12:00:00Z,2026-01-07T15:00:00Z,44,0.255826,hgb-jan-eval-train-before-20260101,false
1,2026-01-05T19:00:00Z,2026-01-05T12:00:00Z,2026-01-07T16:00:00Z,45,0.213126,hgb-jan-eval-train-before-20260101,false
1,2026-01-05T19:00:00Z,2026-01-05T12:00:00Z,2026-01-07T17:00:00Z,46,0.191476,hgb-jan-eval-train-before-20260101,false
1,2026-01-05T19:00:00Z,2026-01-05T12:00:00Z,2026-01-07T18:00:00Z,47,0.202205,hgb-jan-eval-train-before-20260101,false
1,2026-01-05T19:00:00Z,2026-01-05T12:00:00Z,2026-01-07T19:00:00Z,48,0.188407,hgb-jan-eval-train-before-20260101,false
2,2026-01-05T19:00:00Z,2026-01-05T12:00:00Z,2026-01-05T20:00:00Z,1,0.330625,hgb-jan-eval-train-before-20260101,false
2,2026-01-05T19:00:00Z,2026-01-05T12:00:00Z,2026-01-05T21:00:00Z,2,0.643137,hgb-jan-eval-train-before-20260101,false
2,2026-01-05T19:00:00Z,2026-01-05T12:00:00Z,2026-01-05T22:00:00Z,3,0.707143,hgb-jan-eval-train-before-20260101,false
2,2026-01-05T19:00:00Z,2026-01-05T12:00:00Z,2026-01-05T23:00:00Z,4,0.792708,hgb-jan-eval-train-before-20260101,false
2,2026-01-05T19:00:00Z,2026-01-05T12:00:00Z,2026-01-06T00:00:00Z,5,0.872223,hgb-jan-eval-train-before-20260101,false
2,2026-01-05T19:00:00Z,2026-01-05T12:00:00Z,2026-01-06T01:00:00Z,6,0.837357,hgb-jan-eval-train-before-20260101,false
2,2026-01-05T19:00:00Z,2026-01-05T12:00:00Z,2026-01-06T02:00:00Z,7,0.892066,hgb-jan-eval-train-before-20260101,false
2,2026-01-05T19:00:00Z,2026-01-05T12:00:00Z,2026-01-06T03:00:00Z,8,0.974276,hgb-jan-eval-train-before-20260101,false
2,2026-01-05T19:00:00Z,2026-01-05T12:00:00Z,2026-01-06T04:00:00Z,9,0.877460,hgb-jan-eval-train-before-20260101,false
2,2026-01-05T19:00:00Z,2026-01-05T12:00:00Z,2026-01-06T05:00:00Z,10,0.926554,hgb-jan-eval-train-before-20260101,false
2,2026-01-05T19:00:00Z,2026-01-05T12:00:00Z,2026-01-06T06:00:00Z,11,0.963915,hgb-jan-eval-train-before-20260101,false
2,2026-01-05T19:00:00Z,2026-01-05T12:00:00Z,2026-01-06T07:00:00Z,12,0.966784,hgb-jan-eval-train-before-20260101,false
2,2026-01-05T19:00:00Z,2026-01-05T12:00:00Z,2026-01-06T08:00:00Z,13,0.989011,hgb-jan-eval-train-before-20260101,false
2,2026-01-05T19:00:00Z,2026-01-05T12:00:00Z,2026-01-06T09:00:00Z,14,0.956179,hgb-jan-eval-train-before-20260101,false
2,2026-01-05T19:00:00Z,2026-01-05T12:00:00Z,2026-01-06T10:00:00Z,15,0.873601,hgb-jan-eval-train-before-20260101,false
2,2026-01-05T19:00:00Z,2026-01-05T12:00:00Z,2026-01-06T11:00:00Z,16,0.818662,hgb-jan-eval-train-before-20260101,false
2,2026-01-05T19:00:00Z,2026-01-05T12:00:00Z,2026-01-06T12:00:00Z,17,0.841311,hgb-jan-eval-train-before-20260101,false
2,2026-01-05T19:00:00Z,2026-01-05T12:00:00Z,2026-01-06T13:00:00Z,18,0.745026,hgb-jan-eval-train-before-20260101,false
2,2026-01-05T19:00:00Z,2026-01-05T12:00:00Z,2026-01-06T14:00:00Z,19,0.658289,hgb-jan-eval-train-before-20260101,false
2,2026-01-05T19:00:00Z,2026-01-05T12:00:00Z,2026-01-06T15:00:00Z,20,0.630945,hgb-jan-eval-train-before-20260101,false
2,2026-01-05T19:00:00Z,2026-01-05T12:00:00Z,2026-01-06T16:00:00Z,21,0.483519,hgb-jan-eval-train-before-20260101,false
2,2026-01-05T19:00:00Z,2026-01-05T12:00:00Z,2026-01-06T17:00:00Z,22,0.092451,hgb-jan-eval-train-before-20260101,false
2,2026-01-05T19:00:00Z,2026-01-05T12:00:00Z,2026-01-06T18:00:00Z,23,0.077808,hgb-jan-eval-train-before-20260101,false
2,2026-01-05T19:00:00Z,2026-01-05T12:00:00Z,2026-01-06T19:00:00Z,24,0.110702,hgb-jan-eval-train-before-20260101,false
2,2026-01-05T19:00:00Z,2026-01-05T12:00:00Z,2026-01-06T20:00:00Z,25,0.103316,hgb-jan-eval-train-before-20260101,false
2,2026-01-05T19:00:00Z,2026-01-05T12:00:00Z,2026-01-06T21:00:00Z,26,0.104614,hgb-jan-eval-train-before-20260101,false
2,2026-01-05T19:00:00Z,2026-01-05T12:00:00Z,2026-01-06T22:00:00Z,27,0.107599,hgb-jan-eval-train-before-20260101,false
2,2026-01-05T19:00:00Z,2026-01-05T12:00:00Z,2026-01-06T23:00:00Z,28,0.165994,hgb-jan-eval-train-before-20260101,false
2,2026-01-05T19:00:00Z,2026-01-05T12:00:00Z,2026-01-07T00:00:00Z,29,0.203412,hgb-jan-eval-train-before-20260101,false
2,2026-01-05T19:00:00Z,2026-01-05T12:00:00Z,2026-01-07T01:00:00Z,30,0.206435,hgb-jan-eval-train-before-20260101,false
2,2026-01-05T19:00:00Z,2026-01-05T12:00:00Z,2026-01-07T02:00:00Z,31,0.265839,hgb-jan-eval-train-before-20260101,false
2,2026-01-05T19:00:00Z,2026-01-05T12:00:00Z,2026-01-07T03:00:00Z,32,0.157394,hgb-jan-eval-train-before-20260101,false
2,2026-01-05T19:00:00Z,2026-01-05T12:00:00Z,2026-01-07T04:00:00Z,33,0.091749,hgb-jan-eval-train-before-20260101,false
2,2026-01-05T19:00:00Z,2026-01-05T12:00:00Z,2026-01-07T05:00:00Z,34,0.061899,hgb-jan-eval-train-before-20260101,false
2,2026-01-05T19:00:00Z,2026-01-05T12:00:00Z,2026-01-07T06:00:00Z,35,0.060093,hgb-jan-eval-train-before-20260101,false
2,2026-01-05T19:00:00Z,2026-01-05T12:00:00Z,2026-01-07T07:00:00Z,36,0.071259,hgb-jan-eval-train-before-20260101,false
2,2026-01-05T19:00:00Z,2026-01-05T12:00:00Z,2026-01-07T08:00:00Z,37,0.074622,hgb-jan-eval-train-before-20260101,false
2,2026-01-05T19:00:00Z,2026-01-05T12:00:00Z,2026-01-07T09:00:00Z,38,0.092192,hgb-jan-eval-train-before-20260101,false
2,2026-01-05T19:00:00Z,2026-01-05T12:00:00Z,2026-01-07T10:00:00Z,39,0.074504,hgb-jan-eval-train-before-20260101,false
2,2026-01-05T19:00:00Z,2026-01-05T12:00:00Z,2026-01-07T11:00:00Z,40,0.097225,hgb-jan-eval-train-before-20260101,false
2,2026-01-05T19:00:00Z,2026-01-05T12:00:00Z,2026-01-07T12:00:00Z,41,0.104991,hgb-jan-eval-train-before-20260101,false
2,2026-01-05T19:00:00Z,2026-01-05T12:00:00Z,2026-01-07T13:00:00Z,42,0.123410,hgb-jan-eval-train-before-20260101,false
2,2026-01-05T19:00:00Z,2026-01-05T12:00:00Z,2026-01-07T14:00:00Z,43,0.147627,hgb-jan-eval-train-before-20260101,false
2,2026-01-05T19:00:00Z,2026-01-05T12:00:00Z,2026-01-07T15:00:00Z,44,0.255826,hgb-jan-eval-train-before-20260101,false
2,2026-01-05T19:00:00Z,2026-01-05T12:00:00Z,2026-01-07T16:00:00Z,45,0.213126,hgb-jan-eval-train-before-20260101,false
2,2026-01-05T19:00:00Z,2026-01-05T12:00:00Z,2026-01-07T17:00:00Z,46,0.191476,hgb-jan-eval-train-before-20260101,false
2,2026-01-05T19:00:00Z,2026-01-05T12:00:00Z,2026-01-07T18:00:00Z,47,0.202205,hgb-jan-eval-train-before-20260101,false
2,2026-01-05T19:00:00Z,2026-01-05T12:00:00Z,2026-01-07T19:00:00Z,48,0.188407,hgb-jan-eval-train-before-20260101,false
1,2026-01-06T19:00:00Z,2026-01-06T12:00:00Z,2026-01-06T20:00:00Z,1,0.085868,hgb-jan-eval-train-before-20260101,false
1,2026-01-06T19:00:00Z,2026-01-06T12:00:00Z,2026-01-06T21:00:00Z,2,0.110595,hgb-jan-eval-train-before-20260101,false
1,2026-01-06T19:00:00Z,2026-01-06T12:00:00Z,2026-01-06T22:00:00Z,3,0.102096,hgb-jan-eval-train-before-20260101,false
1,2026-01-06T19:00:00Z,2026-01-06T12:00:00Z,2026-01-06T23:00:00Z,4,0.098551,hgb-jan-eval-train-before-20260101,false
1,2026-01-06T19:00:00Z,2026-01-06T12:00:00Z,2026-01-07T00:00:00Z,5,0.144185,hgb-jan-eval-train-before-20260101,false
1,2026-01-06T19:00:00Z,2026-01-06T12:00:00Z,2026-01-07T01:00:00Z,6,0.129532,hgb-jan-eval-train-before-20260101,false
1,2026-01-06T19:00:00Z,2026-01-06T12:00:00Z,2026-01-07T02:00:00Z,7,0.122968,hgb-jan-eval-train-before-20260101,false
1,2026-01-06T19:00:00Z,2026-01-06T12:00:00Z,2026-01-07T03:00:00Z,8,0.109622,hgb-jan-eval-train-before-20260101,false
1,2026-01-06T19:00:00Z,2026-01-06T12:00:00Z,2026-01-07T04:00:00Z,9,0.079334,hgb-jan-eval-train-before-20260101,false
1,2026-01-06T19:00:00Z,2026-01-06T12:00:00Z,2026-01-07T05:00:00Z,10,0.074374,hgb-jan-eval-train-before-20260101,false
1,2026-01-06T19:00:00Z,2026-01-06T12:00:00Z,2026-01-07T06:00:00Z,11,0.067026,hgb-jan-eval-train-before-20260101,false
1,2026-01-06T19:00:00Z,2026-01-06T12:00:00Z,2026-01-07T07:00:00Z,12,0.064876,hgb-jan-eval-train-before-20260101,false
1,2026-01-06T19:00:00Z,2026-01-06T12:00:00Z,2026-01-07T08:00:00Z,13,0.063625,hgb-jan-eval-train-before-20260101,false
1,2026-01-06T19:00:00Z,2026-01-06T12:00:00Z,2026-01-07T09:00:00Z,14,0.070697,hgb-jan-eval-train-before-20260101,false
1,2026-01-06T19:00:00Z,2026-01-06T12:00:00Z,2026-01-07T10:00:00Z,15,0.077562,hgb-jan-eval-train-before-20260101,false
1,2026-01-06T19:00:00Z,2026-01-06T12:00:00Z,2026-01-07T11:00:00Z,16,0.082079,hgb-jan-eval-train-before-20260101,false
1,2026-01-06T19:00:00Z,2026-01-06T12:00:00Z,2026-01-07T12:00:00Z,17,0.092094,hgb-jan-eval-train-before-20260101,false
1,2026-01-06T19:00:00Z,2026-01-06T12:00:00Z,2026-01-07T13:00:00Z,18,0.089573,hgb-jan-eval-train-before-20260101,false
1,2026-01-06T19:00:00Z,2026-01-06T12:00:00Z,2026-01-07T14:00:00Z,19,0.100561,hgb-jan-eval-train-before-20260101,false
1,2026-01-06T19:00:00Z,2026-01-06T12:00:00Z,2026-01-07T15:00:00Z,20,0.112926,hgb-jan-eval-train-before-20260101,false
1,2026-01-06T19:00:00Z,2026-01-06T12:00:00Z,2026-01-07T16:00:00Z,21,0.122506,hgb-jan-eval-train-before-20260101,false
1,2026-01-06T19:00:00Z,2026-01-06T12:00:00Z,2026-01-07T17:00:00Z,22,0.113598,hgb-jan-eval-train-before-20260101,false
1,2026-01-06T19:00:00Z,2026-01-06T12:00:00Z,2026-01-07T18:00:00Z,23,0.107599,hgb-jan-eval-train-before-20260101,false
1,2026-01-06T19:00:00Z,2026-01-06T12:00:00Z,2026-01-07T19:00:00Z,24,0.096472,hgb-jan-eval-train-before-20260101,false
1,2026-01-06T19:00:00Z,2026-01-06T12:00:00Z,2026-01-07T20:00:00Z,25,0.085073,hgb-jan-eval-train-before-20260101,false
1,2026-01-06T19:00:00Z,2026-01-06T12:00:00Z,2026-01-07T21:00:00Z,26,0.108529,hgb-jan-eval-train-before-20260101,false
1,2026-01-06T19:00:00Z,2026-01-06T12:00:00Z,2026-01-07T22:00:00Z,27,0.100482,hgb-jan-eval-train-before-20260101,false
1,2026-01-06T19:00:00Z,2026-01-06T12:00:00Z,2026-01-07T23:00:00Z,28,0.099618,hgb-jan-eval-train-before-20260101,false
1,2026-01-06T19:00:00Z,2026-01-06T12:00:00Z,2026-01-08T00:00:00Z,29,0.117214,hgb-jan-eval-train-before-20260101,false
1,2026-01-06T19:00:00Z,2026-01-06T12:00:00Z,2026-01-08T01:00:00Z,30,0.112002,hgb-jan-eval-train-before-20260101,false
1,2026-01-06T19:00:00Z,2026-01-06T12:00:00Z,2026-01-08T02:00:00Z,31,0.102616,hgb-jan-eval-train-before-20260101,false
1,2026-01-06T19:00:00Z,2026-01-06T12:00:00Z,2026-01-08T03:00:00Z,32,0.100718,hgb-jan-eval-train-before-20260101,false
1,2026-01-06T19:00:00Z,2026-01-06T12:00:00Z,2026-01-08T04:00:00Z,33,0.070276,hgb-jan-eval-train-before-20260101,false
1,2026-01-06T19:00:00Z,2026-01-06T12:00:00Z,2026-01-08T05:00:00Z,34,0.082314,hgb-jan-eval-train-before-20260101,false
1,2026-01-06T19:00:00Z,2026-01-06T12:00:00Z,2026-01-08T06:00:00Z,35,0.128317,hgb-jan-eval-train-before-20260101,false
1,2026-01-06T19:00:00Z,2026-01-06T12:00:00Z,2026-01-08T07:00:00Z,36,0.119313,hgb-jan-eval-train-before-20260101,false
1,2026-01-06T19:00:00Z,2026-01-06T12:00:00Z,2026-01-08T08:00:00Z,37,0.135536,hgb-jan-eval-train-before-20260101,false
1,2026-01-06T19:00:00Z,2026-01-06T12:00:00Z,2026-01-08T09:00:00Z,38,0.137550,hgb-jan-eval-train-before-20260101,false
1,2026-01-06T19:00:00Z,2026-01-06T12:00:00Z,2026-01-08T10:00:00Z,39,0.145660,hgb-jan-eval-train-before-20260101,false
1,2026-01-06T19:00:00Z,2026-01-06T12:00:00Z,2026-01-08T11:00:00Z,40,0.287000,hgb-jan-eval-train-before-20260101,false
1,2026-01-06T19:00:00Z,2026-01-06T12:00:00Z,2026-01-08T12:00:00Z,41,0.308079,hgb-jan-eval-train-before-20260101,false
1,2026-01-06T19:00:00Z,2026-01-06T12:00:00Z,2026-01-08T13:00:00Z,42,0.358258,hgb-jan-eval-train-before-20260101,false
1,2026-01-06T19:00:00Z,2026-01-06T12:00:00Z,2026-01-08T14:00:00Z,43,0.454287,hgb-jan-eval-train-before-20260101,false
1,2026-01-06T19:00:00Z,2026-01-06T12:00:00Z,2026-01-08T15:00:00Z,44,0.494767,hgb-jan-eval-train-before-20260101,false
1,2026-01-06T19:00:00Z,2026-01-06T12:00:00Z,2026-01-08T16:00:00Z,45,0.498008,hgb-jan-eval-train-before-20260101,false
1,2026-01-06T19:00:00Z,2026-01-06T12:00:00Z,2026-01-08T17:00:00Z,46,0.516056,hgb-jan-eval-train-before-20260101,false
1,2026-01-06T19:00:00Z,2026-01-06T12:00:00Z,2026-01-08T18:00:00Z,47,0.493558,hgb-jan-eval-train-before-20260101,false
1,2026-01-06T19:00:00Z,2026-01-06T12:00:00Z,2026-01-08T19:00:00Z,48,0.714874,hgb-jan-eval-train-before-20260101,false
2,2026-01-06T19:00:00Z,2026-01-06T12:00:00Z,2026-01-06T20:00:00Z,1,0.085868,hgb-jan-eval-train-before-20260101,false
2,2026-01-06T19:00:00Z,2026-01-06T12:00:00Z,2026-01-06T21:00:00Z,2,0.110595,hgb-jan-eval-train-before-20260101,false
2,2026-01-06T19:00:00Z,2026-01-06T12:00:00Z,2026-01-06T22:00:00Z,3,0.102096,hgb-jan-eval-train-before-20260101,false
2,2026-01-06T19:00:00Z,2026-01-06T12:00:00Z,2026-01-06T23:00:00Z,4,0.098551,hgb-jan-eval-train-before-20260101,false
2,2026-01-06T19:00:00Z,2026-01-06T12:00:00Z,2026-01-07T00:00:00Z,5,0.144185,hgb-jan-eval-train-before-20260101,false
2,2026-01-06T19:00:00Z,2026-01-06T12:00:00Z,2026-01-07T01:00:00Z,6,0.129532,hgb-jan-eval-train-before-20260101,false
2,2026-01-06T19:00:00Z,2026-01-06T12:00:00Z,2026-01-07T02:00:00Z,7,0.122968,hgb-jan-eval-train-before-20260101,false
2,2026-01-06T19:00:00Z,2026-01-06T12:00:00Z,2026-01-07T03:00:00Z,8,0.109622,hgb-jan-eval-train-before-20260101,false
2,2026-01-06T19:00:00Z,2026-01-06T12:00:00Z,2026-01-07T04:00:00Z,9,0.079334,hgb-jan-eval-train-before-20260101,false
2,2026-01-06T19:00:00Z,2026-01-06T12:00:00Z,2026-01-07T05:00:00Z,10,0.074374,hgb-jan-eval-train-before-20260101,false
2,2026-01-06T19:00:00Z,2026-01-06T12:00:00Z,2026-01-07T06:00:00Z,11,0.067026,hgb-jan-eval-train-before-20260101,false
2,2026-01-06T19:00:00Z,2026-01-06T12:00:00Z,2026-01-07T07:00:00Z,12,0.064876,hgb-jan-eval-train-before-20260101,false
2,2026-01-06T19:00:00Z,2026-01-06T12:00:00Z,2026-01-07T08:00:00Z,13,0.063625,hgb-jan-eval-train-before-20260101,false
2,2026-01-06T19:00:00Z,2026-01-06T12:00:00Z,2026-01-07T09:00:00Z,14,0.070697,hgb-jan-eval-train-before-20260101,false
2,2026-01-06T19:00:00Z,2026-01-06T12:00:00Z,2026-01-07T10:00:00Z,15,0.077562,hgb-jan-eval-train-before-20260101,false
2,2026-01-06T19:00:00Z,2026-01-06T12:00:00Z,2026-01-07T11:00:00Z,16,0.082079,hgb-jan-eval-train-before-20260101,false
2,2026-01-06T19:00:00Z,2026-01-06T12:00:00Z,2026-01-07T12:00:00Z,17,0.092094,hgb-jan-eval-train-before-20260101,false
2,2026-01-06T19:00:00Z,2026-01-06T12:00:00Z,2026-01-07T13:00:00Z,18,0.089573,hgb-jan-eval-train-before-20260101,false
2,2026-01-06T19:00:00Z,2026-01-06T12:00:00Z,2026-01-07T14:00:00Z,19,0.100561,hgb-jan-eval-train-before-20260101,false
2,2026-01-06T19:00:00Z,2026-01-06T12:00:00Z,2026-01-07T15:00:00Z,20,0.112926,hgb-jan-eval-train-before-20260101,false
2,2026-01-06T19:00:00Z,2026-01-06T12:00:00Z,2026-01-07T16:00:00Z,21,0.122506,hgb-jan-eval-train-before-20260101,false
2,2026-01-06T19:00:00Z,2026-01-06T12:00:00Z,2026-01-07T17:00:00Z,22,0.113598,hgb-jan-eval-train-before-20260101,false
2,2026-01-06T19:00:00Z,2026-01-06T12:00:00Z,2026-01-07T18:00:00Z,23,0.107599,hgb-jan-eval-train-before-20260101,false
2,2026-01-06T19:00:00Z,2026-01-06T12:00:00Z,2026-01-07T19:00:00Z,24,0.096472,hgb-jan-eval-train-before-20260101,false
2,2026-01-06T19:00:00Z,2026-01-06T12:00:00Z,2026-01-07T20:00:00Z,25,0.085073,hgb-jan-eval-train-before-20260101,false
2,2026-01-06T19:00:00Z,2026-01-06T12:00:00Z,2026-01-07T21:00:00Z,26,0.108529,hgb-jan-eval-train-before-20260101,false
2,2026-01-06T19:00:00Z,2026-01-06T12:00:00Z,2026-01-07T22:00:00Z,27,0.100482,hgb-jan-eval-train-before-20260101,false
2,2026-01-06T19:00:00Z,2026-01-06T12:00:00Z,2026-01-07T23:00:00Z,28,0.099618,hgb-jan-eval-train-before-20260101,false
2,2026-01-06T19:00:00Z,2026-01-06T12:00:00Z,2026-01-08T00:00:00Z,29,0.117214,hgb-jan-eval-train-before-20260101,false
2,2026-01-06T19:00:00Z,2026-01-06T12:00:00Z,2026-01-08T01:00:00Z,30,0.112002,hgb-jan-eval-train-before-20260101,false
2,2026-01-06T19:00:00Z,2026-01-06T12:00:00Z,2026-01-08T02:00:00Z,31,0.102616,hgb-jan-eval-train-before-20260101,false
2,2026-01-06T19:00:00Z,2026-01-06T12:00:00Z,2026-01-08T03:00:00Z,32,0.100718,hgb-jan-eval-train-before-20260101,false
2,2026-01-06T19:00:00Z,2026-01-06T12:00:00Z,2026-01-08T04:00:00Z,33,0.070276,hgb-jan-eval-train-before-20260101,false
2,2026-01-06T19:00:00Z,2026-01-06T12:00:00Z,2026-01-08T05:00:00Z,34,0.082314,hgb-jan-eval-train-before-20260101,false
2,2026-01-06T19:00:00Z,2026-01-06T12:00:00Z,2026-01-08T06:00:00Z,35,0.128317,hgb-jan-eval-train-before-20260101,false
2,2026-01-06T19:00:00Z,2026-01-06T12:00:00Z,2026-01-08T07:00:00Z,36,0.119313,hgb-jan-eval-train-before-20260101,false
2,2026-01-06T19:00:00Z,2026-01-06T12:00:00Z,2026-01-08T08:00:00Z,37,0.135536,hgb-jan-eval-train-before-20260101,false
2,2026-01-06T19:00:00Z,2026-01-06T12:00:00Z,2026-01-08T09:00:00Z,38,0.137550,hgb-jan-eval-train-before-20260101,false
2,2026-01-06T19:00:00Z,2026-01-06T12:00:00Z,2026-01-08T10:00:00Z,39,0.145660,hgb-jan-eval-train-before-20260101,false
2,2026-01-06T19:00:00Z,2026-01-06T12:00:00Z,2026-01-08T11:00:00Z,40,0.287000,hgb-jan-eval-train-before-20260101,false
2,2026-01-06T19:00:00Z,2026-01-06T12:00:00Z,2026-01-08T12:00:00Z,41,0.308079,hgb-jan-eval-train-before-20260101,false
2,2026-01-06T19:00:00Z,2026-01-06T12:00:00Z,2026-01-08T13:00:00Z,42,0.358258,hgb-jan-eval-train-before-20260101,false
2,2026-01-06T19:00:00Z,2026-01-06T12:00:00Z,2026-01-08T14:00:00Z,43,0.454287,hgb-jan-eval-train-before-20260101,false
2,2026-01-06T19:00:00Z,2026-01-06T12:00:00Z,2026-01-08T15:00:00Z,44,0.494767,hgb-jan-eval-train-before-20260101,false
2,2026-01-06T19:00:00Z,2026-01-06T12:00:00Z,2026-01-08T16:00:00Z,45,0.498008,hgb-jan-eval-train-before-20260101,false
2,2026-01-06T19:00:00Z,2026-01-06T12:00:00Z,2026-01-08T17:00:00Z,46,0.516056,hgb-jan-eval-train-before-20260101,false
2,2026-01-06T19:00:00Z,2026-01-06T12:00:00Z,2026-01-08T18:00:00Z,47,0.493558,hgb-jan-eval-train-before-20260101,false
2,2026-01-06T19:00:00Z,2026-01-06T12:00:00Z,2026-01-08T19:00:00Z,48,0.714874,hgb-jan-eval-train-before-20260101,false
1,2026-01-07T19:00:00Z,2026-01-07T12:00:00Z,2026-01-07T20:00:00Z,1,0.130778,hgb-jan-eval-train-before-20260101,false
1,2026-01-07T19:00:00Z,2026-01-07T12:00:00Z,2026-01-07T21:00:00Z,2,0.132607,hgb-jan-eval-train-before-20260101,false
1,2026-01-07T19:00:00Z,2026-01-07T12:00:00Z,2026-01-07T22:00:00Z,3,0.282895,hgb-jan-eval-train-before-20260101,false
1,2026-01-07T19:00:00Z,2026-01-07T12:00:00Z,2026-01-07T23:00:00Z,4,0.272631,hgb-jan-eval-train-before-20260101,false
1,2026-01-07T19:00:00Z,2026-01-07T12:00:00Z,2026-01-08T00:00:00Z,5,0.167560,hgb-jan-eval-train-before-20260101,false
1,2026-01-07T19:00:00Z,2026-01-07T12:00:00Z,2026-01-08T01:00:00Z,6,0.113916,hgb-jan-eval-train-before-20260101,false
1,2026-01-07T19:00:00Z,2026-01-07T12:00:00Z,2026-01-08T02:00:00Z,7,0.099472,hgb-jan-eval-train-before-20260101,false
1,2026-01-07T19:00:00Z,2026-01-07T12:00:00Z,2026-01-08T03:00:00Z,8,0.106547,hgb-jan-eval-train-before-20260101,false
1,2026-01-07T19:00:00Z,2026-01-07T12:00:00Z,2026-01-08T04:00:00Z,9,0.182826,hgb-jan-eval-train-before-20260101,false
1,2026-01-07T19:00:00Z,2026-01-07T12:00:00Z,2026-01-08T05:00:00Z,10,0.196015,hgb-jan-eval-train-before-20260101,false
1,2026-01-07T19:00:00Z,2026-01-07T12:00:00Z,2026-01-08T06:00:00Z,11,0.102491,hgb-jan-eval-train-before-20260101,false
1,2026-01-07T19:00:00Z,2026-01-07T12:00:00Z,2026-01-08T07:00:00Z,12,0.079476,hgb-jan-eval-train-before-20260101,false
1,2026-01-07T19:00:00Z,2026-01-07T12:00:00Z,2026-01-08T08:00:00Z,13,0.111957,hgb-jan-eval-train-before-20260101,false
1,2026-01-07T19:00:00Z,2026-01-07T12:00:00Z,2026-01-08T09:00:00Z,14,0.173803,hgb-jan-eval-train-before-20260101,false
1,2026-01-07T19:00:00Z,2026-01-07T12:00:00Z,2026-01-08T10:00:00Z,15,0.169240,hgb-jan-eval-train-before-20260101,false
1,2026-01-07T19:00:00Z,2026-01-07T12:00:00Z,2026-01-08T11:00:00Z,16,0.174962,hgb-jan-eval-train-before-20260101,false
1,2026-01-07T19:00:00Z,2026-01-07T12:00:00Z,2026-01-08T12:00:00Z,17,0.202673,hgb-jan-eval-train-before-20260101,false
1,2026-01-07T19:00:00Z,2026-01-07T12:00:00Z,2026-01-08T13:00:00Z,18,0.198359,hgb-jan-eval-train-before-20260101,false
1,2026-01-07T19:00:00Z,2026-01-07T12:00:00Z,2026-01-08T14:00:00Z,19,0.265150,hgb-jan-eval-train-before-20260101,false
1,2026-01-07T19:00:00Z,2026-01-07T12:00:00Z,2026-01-08T15:00:00Z,20,0.265721,hgb-jan-eval-train-before-20260101,false
1,2026-01-07T19:00:00Z,2026-01-07T12:00:00Z,2026-01-08T16:00:00Z,21,0.202983,hgb-jan-eval-train-before-20260101,false
1,2026-01-07T19:00:00Z,2026-01-07T12:00:00Z,2026-01-08T17:00:00Z,22,0.238938,hgb-jan-eval-train-before-20260101,false
1,2026-01-07T19:00:00Z,2026-01-07T12:00:00Z,2026-01-08T18:00:00Z,23,0.258674,hgb-jan-eval-train-before-20260101,false
1,2026-01-07T19:00:00Z,2026-01-07T12:00:00Z,2026-01-08T19:00:00Z,24,0.262214,hgb-jan-eval-train-before-20260101,false
1,2026-01-07T19:00:00Z,2026-01-07T12:00:00Z,2026-01-08T20:00:00Z,25,0.211149,hgb-jan-eval-train-before-20260101,false
1,2026-01-07T19:00:00Z,2026-01-07T12:00:00Z,2026-01-08T21:00:00Z,26,0.211149,hgb-jan-eval-train-before-20260101,false
1,2026-01-07T19:00:00Z,2026-01-07T12:00:00Z,2026-01-08T22:00:00Z,27,0.211815,hgb-jan-eval-train-before-20260101,false
1,2026-01-07T19:00:00Z,2026-01-07T12:00:00Z,2026-01-08T23:00:00Z,28,0.182411,hgb-jan-eval-train-before-20260101,false
1,2026-01-07T19:00:00Z,2026-01-07T12:00:00Z,2026-01-09T00:00:00Z,29,0.224206,hgb-jan-eval-train-before-20260101,false
1,2026-01-07T19:00:00Z,2026-01-07T12:00:00Z,2026-01-09T01:00:00Z,30,0.261745,hgb-jan-eval-train-before-20260101,false
1,2026-01-07T19:00:00Z,2026-01-07T12:00:00Z,2026-01-09T02:00:00Z,31,0.432241,hgb-jan-eval-train-before-20260101,false
1,2026-01-07T19:00:00Z,2026-01-07T12:00:00Z,2026-01-09T03:00:00Z,32,0.397863,hgb-jan-eval-train-before-20260101,false
1,2026-01-07T19:00:00Z,2026-01-07T12:00:00Z,2026-01-09T04:00:00Z,33,0.435069,hgb-jan-eval-train-before-20260101,false
1,2026-01-07T19:00:00Z,2026-01-07T12:00:00Z,2026-01-09T05:00:00Z,34,0.278049,hgb-jan-eval-train-before-20260101,false
1,2026-01-07T19:00:00Z,2026-01-07T12:00:00Z,2026-01-09T06:00:00Z,35,0.406104,hgb-jan-eval-train-before-20260101,false
1,2026-01-07T19:00:00Z,2026-01-07T12:00:00Z,2026-01-09T07:00:00Z,36,0.502751,hgb-jan-eval-train-before-20260101,false
1,2026-01-07T19:00:00Z,2026-01-07T12:00:00Z,2026-01-09T08:00:00Z,37,0.535860,hgb-jan-eval-train-before-20260101,false
1,2026-01-07T19:00:00Z,2026-01-07T12:00:00Z,2026-01-09T09:00:00Z,38,0.432219,hgb-jan-eval-train-before-20260101,false
1,2026-01-07T19:00:00Z,2026-01-07T12:00:00Z,2026-01-09T10:00:00Z,39,0.284850,hgb-jan-eval-train-before-20260101,false
1,2026-01-07T19:00:00Z,2026-01-07T12:00:00Z,2026-01-09T11:00:00Z,40,0.245896,hgb-jan-eval-train-before-20260101,false
1,2026-01-07T19:00:00Z,2026-01-07T12:00:00Z,2026-01-09T12:00:00Z,41,0.102714,hgb-jan-eval-train-before-20260101,false
1,2026-01-07T19:00:00Z,2026-01-07T12:00:00Z,2026-01-09T13:00:00Z,42,0.103537,hgb-jan-eval-train-before-20260101,false
1,2026-01-07T19:00:00Z,2026-01-07T12:00:00Z,2026-01-09T14:00:00Z,43,0.150088,hgb-jan-eval-train-before-20260101,false
1,2026-01-07T19:00:00Z,2026-01-07T12:00:00Z,2026-01-09T15:00:00Z,44,0.159412,hgb-jan-eval-train-before-20260101,false
1,2026-01-07T19:00:00Z,2026-01-07T12:00:00Z,2026-01-09T16:00:00Z,45,0.187269,hgb-jan-eval-train-before-20260101,false
1,2026-01-07T19:00:00Z,2026-01-07T12:00:00Z,2026-01-09T17:00:00Z,46,0.180399,hgb-jan-eval-train-before-20260101,false
1,2026-01-07T19:00:00Z,2026-01-07T12:00:00Z,2026-01-09T18:00:00Z,47,0.145113,hgb-jan-eval-train-before-20260101,false
1,2026-01-07T19:00:00Z,2026-01-07T12:00:00Z,2026-01-09T19:00:00Z,48,0.166363,hgb-jan-eval-train-before-20260101,false
2,2026-01-07T19:00:00Z,2026-01-07T12:00:00Z,2026-01-07T20:00:00Z,1,0.130778,hgb-jan-eval-train-before-20260101,false
2,2026-01-07T19:00:00Z,2026-01-07T12:00:00Z,2026-01-07T21:00:00Z,2,0.132607,hgb-jan-eval-train-before-20260101,false
2,2026-01-07T19:00:00Z,2026-01-07T12:00:00Z,2026-01-07T22:00:00Z,3,0.282895,hgb-jan-eval-train-before-20260101,false
2,2026-01-07T19:00:00Z,2026-01-07T12:00:00Z,2026-01-07T23:00:00Z,4,0.272631,hgb-jan-eval-train-before-20260101,false
2,2026-01-07T19:00:00Z,2026-01-07T12:00:00Z,2026-01-08T00:00:00Z,5,0.167560,hgb-jan-eval-train-before-20260101,false
2,2026-01-07T19:00:00Z,2026-01-07T12:00:00Z,2026-01-08T01:00:00Z,6,0.113916,hgb-jan-eval-train-before-20260101,false
2,2026-01-07T19:00:00Z,2026-01-07T12:00:00Z,2026-01-08T02:00:00Z,7,0.099472,hgb-jan-eval-train-before-20260101,false
2,2026-01-07T19:00:00Z,2026-01-07T12:00:00Z,2026-01-08T03:00:00Z,8,0.106547,hgb-jan-eval-train-before-20260101,false
2,2026-01-07T19:00:00Z,2026-01-07T12:00:00Z,2026-01-08T04:00:00Z,9,0.182826,hgb-jan-eval-train-before-20260101,false
2,2026-01-07T19:00:00Z,2026-01-07T12:00:00Z,2026-01-08T05:00:00Z,10,0.196015,hgb-jan-eval-train-before-20260101,false
2,2026-01-07T19:00:00Z,2026-01-07T12:00:00Z,2026-01-08T06:00:00Z,11,0.102491,hgb-jan-eval-train-before-20260101,false
2,2026-01-07T19:00:00Z,2026-01-07T12:00:00Z,2026-01-08T07:00:00Z,12,0.079476,hgb-jan-eval-train-before-20260101,false
2,2026-01-07T19:00:00Z,2026-01-07T12:00:00Z,2026-01-08T08:00:00Z,13,0.111957,hgb-jan-eval-train-before-20260101,false
2,2026-01-07T19:00:00Z,2026-01-07T12:00:00Z,2026-01-08T09:00:00Z,14,0.173803,hgb-jan-eval-train-before-20260101,false
2,2026-01-07T19:00:00Z,2026-01-07T12:00:00Z,2026-01-08T10:00:00Z,15,0.169240,hgb-jan-eval-train-before-20260101,false
2,2026-01-07T19:00:00Z,2026-01-07T12:00:00Z,2026-01-08T11:00:00Z,16,0.174962,hgb-jan-eval-train-before-20260101,false
2,2026-01-07T19:00:00Z,2026-01-07T12:00:00Z,2026-01-08T12:00:00Z,17,0.202673,hgb-jan-eval-train-before-20260101,false
2,2026-01-07T19:00:00Z,2026-01-07T12:00:00Z,2026-01-08T13:00:00Z,18,0.198359,hgb-jan-eval-train-before-20260101,false
2,2026-01-07T19:00:00Z,2026-01-07T12:00:00Z,2026-01-08T14:00:00Z,19,0.265150,hgb-jan-eval-train-before-20260101,false
2,2026-01-07T19:00:00Z,2026-01-07T12:00:00Z,2026-01-08T15:00:00Z,20,0.265721,hgb-jan-eval-train-before-20260101,false
2,2026-01-07T19:00:00Z,2026-01-07T12:00:00Z,2026-01-08T16:00:00Z,21,0.202983,hgb-jan-eval-train-before-20260101,false
2,2026-01-07T19:00:00Z,2026-01-07T12:00:00Z,2026-01-08T17:00:00Z,22,0.238938,hgb-jan-eval-train-before-20260101,false
2,2026-01-07T19:00:00Z,2026-01-07T12:00:00Z,2026-01-08T18:00:00Z,23,0.258674,hgb-jan-eval-train-before-20260101,false
2,2026-01-07T19:00:00Z,2026-01-07T12:00:00Z,2026-01-08T19:00:00Z,24,0.262214,hgb-jan-eval-train-before-20260101,false
2,2026-01-07T19:00:00Z,2026-01-07T12:00:00Z,2026-01-08T20:00:00Z,25,0.211149,hgb-jan-eval-train-before-20260101,false
2,2026-01-07T19:00:00Z,2026-01-07T12:00:00Z,2026-01-08T21:00:00Z,26,0.211149,hgb-jan-eval-train-before-20260101,false
2,2026-01-07T19:00:00Z,2026-01-07T12:00:00Z,2026-01-08T22:00:00Z,27,0.211815,hgb-jan-eval-train-before-20260101,false
2,2026-01-07T19:00:00Z,2026-01-07T12:00:00Z,2026-01-08T23:00:00Z,28,0.182411,hgb-jan-eval-train-before-20260101,false
2,2026-01-07T19:00:00Z,2026-01-07T12:00:00Z,2026-01-09T00:00:00Z,29,0.224206,hgb-jan-eval-train-before-20260101,false
2,2026-01-07T19:00:00Z,2026-01-07T12:00:00Z,2026-01-09T01:00:00Z,30,0.261745,hgb-jan-eval-train-before-20260101,false
2,2026-01-07T19:00:00Z,2026-01-07T12:00:00Z,2026-01-09T02:00:00Z,31,0.432241,hgb-jan-eval-train-before-20260101,false
2,2026-01-07T19:00:00Z,2026-01-07T12:00:00Z,2026-01-09T03:00:00Z,32,0.397863,hgb-jan-eval-train-before-20260101,false
2,2026-01-07T19:00:00Z,2026-01-07T12:00:00Z,2026-01-09T04:00:00Z,33,0.435069,hgb-jan-eval-train-before-20260101,false
2,2026-01-07T19:00:00Z,2026-01-07T12:00:00Z,2026-01-09T05:00:00Z,34,0.278049,hgb-jan-eval-train-before-20260101,false
2,2026-01-07T19:00:00Z,2026-01-07T12:00:00Z,2026-01-09T06:00:00Z,35,0.406104,hgb-jan-eval-train-before-20260101,false
2,2026-01-07T19:00:00Z,2026-01-07T12:00:00Z,2026-01-09T07:00:00Z,36,0.502751,hgb-jan-eval-train-before-20260101,false
2,2026-01-07T19:00:00Z,2026-01-07T12:00:00Z,2026-01-09T08:00:00Z,37,0.535860,hgb-jan-eval-train-before-20260101,false
2,2026-01-07T19:00:00Z,2026-01-07T12:00:00Z,2026-01-09T09:00:00Z,38,0.432219,hgb-jan-eval-train-before-20260101,false
2,2026-01-07T19:00:00Z,2026-01-07T12:00:00Z,2026-01-09T10:00:00Z,39,0.284850,hgb-jan-eval-train-before-20260101,false
2,2026-01-07T19:00:00Z,2026-01-07T12:00:00Z,2026-01-09T11:00:00Z,40,0.245896,hgb-jan-eval-train-before-20260101,false
2,2026-01-07T19:00:00Z,2026-01-07T12:00:00Z,2026-01-09T12:00:00Z,41,0.102714,hgb-jan-eval-train-before-20260101,false
2,2026-01-07T19:00:00Z,2026-01-07T12:00:00Z,2026-01-09T13:00:00Z,42,0.103537,hgb-jan-eval-train-before-20260101,false
2,2026-01-07T19:00:00Z,2026-01-07T12:00:00Z,2026-01-09T14:00:00Z,43,0.150088,hgb-jan-eval-train-before-20260101,false
2,2026-01-07T19:00:00Z,2026-01-07T12:00:00Z,2026-01-09T15:00:00Z,44,0.159412,hgb-jan-eval-train-before-20260101,false
2,2026-01-07T19:00:00Z,2026-01-07T12:00:00Z,2026-01-09T16:00:00Z,45,0.187269,hgb-jan-eval-train-before-20260101,false
2,2026-01-07T19:00:00Z,2026-01-07T12:00:00Z,2026-01-09T17:00:00Z,46,0.180399,hgb-jan-eval-train-before-20260101,false
2,2026-01-07T19:00:00Z,2026-01-07T12:00:00Z,2026-01-09T18:00:00Z,47,0.145113,hgb-jan-eval-train-before-20260101,false
2,2026-01-07T19:00:00Z,2026-01-07T12:00:00Z,2026-01-09T19:00:00Z,48,0.166363,hgb-jan-eval-train-before-20260101,false
1,2026-01-08T19:00:00Z,2026-01-08T12:00:00Z,2026-01-08T20:00:00Z,1,0.211149,hgb-jan-eval-train-before-20260101,false
1,2026-01-08T19:00:00Z,2026-01-08T12:00:00Z,2026-01-08T21:00:00Z,2,0.211149,hgb-jan-eval-train-before-20260101,false
1,2026-01-08T19:00:00Z,2026-01-08T12:00:00Z,2026-01-08T22:00:00Z,3,0.207020,hgb-jan-eval-train-before-20260101,false
1,2026-01-08T19:00:00Z,2026-01-08T12:00:00Z,2026-01-08T23:00:00Z,4,0.161641,hgb-jan-eval-train-before-20260101,false
1,2026-01-08T19:00:00Z,2026-01-08T12:00:00Z,2026-01-09T00:00:00Z,5,0.147679,hgb-jan-eval-train-before-20260101,false
1,2026-01-08T19:00:00Z,2026-01-08T12:00:00Z,2026-01-09T01:00:00Z,6,0.131278,hgb-jan-eval-train-before-20260101,false
1,2026-01-08T19:00:00Z,2026-01-08T12:00:00Z,2026-01-09T02:00:00Z,7,0.111235,hgb-jan-eval-train-before-20260101,false
1,2026-01-08T19:00:00Z,2026-01-08T12:00:00Z,2026-01-09T03:00:00Z,8,0.078285,hgb-jan-eval-train-before-20260101,false
1,2026-01-08T19:00:00Z,2026-01-08T12:00:00Z,2026-01-09T04:00:00Z,9,0.077266,hgb-jan-eval-train-before-20260101,false
1,2026-01-08T19:00:00Z,2026-01-08T12:00:00Z,2026-01-09T05:00:00Z,10,0.078676,hgb-jan-eval-train-before-20260101,false
1,2026-01-08T19:00:00Z,2026-01-08T12:00:00Z,2026-01-09T06:00:00Z,11,0.089281,hgb-jan-eval-train-before-20260101,false
1,2026-01-08T19:00:00Z,2026-01-08T12:00:00Z,2026-01-09T07:00:00Z,12,0.195192,hgb-jan-eval-train-before-20260101,false
1,2026-01-08T19:00:00Z,2026-01-08T12:00:00Z,2026-01-09T08:00:00Z,13,0.255361,hgb-jan-eval-train-before-20260101,false
1,2026-01-08T19:00:00Z,2026-01-08T12:00:00Z,2026-01-09T09:00:00Z,14,0.237637,hgb-jan-eval-train-before-20260101,false
1,2026-01-08T19:00:00Z,2026-01-08T12:00:00Z,2026-01-09T10:00:00Z,15,0.190392,hgb-jan-eval-train-before-20260101,false
1,2026-01-08T19:00:00Z,2026-01-08T12:00:00Z,2026-01-09T11:00:00Z,16,0.091105,hgb-jan-eval-train-before-20260101,false
1,2026-01-08T19:00:00Z,2026-01-08T12:00:00Z,2026-01-09T12:00:00Z,17,0.074699,hgb-jan-eval-train-before-20260101,false
1,2026-01-08T19:00:00Z,2026-01-08T12:00:00Z,2026-01-09T13:00:00Z,18,0.083197,hgb-jan-eval-train-before-20260101,false
1,2026-01-08T19:00:00Z,2026-01-08T12:00:00Z,2026-01-09T14:00:00Z,19,0.118661,hgb-jan-eval-train-before-20260101,false
1,2026-01-08T19:00:00Z,2026-01-08T12:00:00Z,2026-01-09T15:00:00Z,20,0.133258,hgb-jan-eval-train-before-20260101,false
1,2026-01-08T19:00:00Z,2026-01-08T12:00:00Z,2026-01-09T16:00:00Z,21,0.162443,hgb-jan-eval-train-before-20260101,false
1,2026-01-08T19:00:00Z,2026-01-08T12:00:00Z,2026-01-09T17:00:00Z,22,0.151009,hgb-jan-eval-train-before-20260101,false
1,2026-01-08T19:00:00Z,2026-01-08T12:00:00Z,2026-01-09T18:00:00Z,23,0.134872,hgb-jan-eval-train-before-20260101,false
1,2026-01-08T19:00:00Z,2026-01-08T12:00:00Z,2026-01-09T19:00:00Z,24,0.137067,hgb-jan-eval-train-before-20260101,false
1,2026-01-08T19:00:00Z,2026-01-08T12:00:00Z,2026-01-09T20:00:00Z,25,0.141198,hgb-jan-eval-train-before-20260101,false
1,2026-01-08T19:00:00Z,2026-01-08T12:00:00Z,2026-01-09T21:00:00Z,26,0.170172,hgb-jan-eval-train-before-20260101,false
1,2026-01-08T19:00:00Z,2026-01-08T12:00:00Z,2026-01-09T22:00:00Z,27,0.155994,hgb-jan-eval-train-before-20260101,false
1,2026-01-08T19:00:00Z,2026-01-08T12:00:00Z,2026-01-09T23:00:00Z,28,0.193989,hgb-jan-eval-train-before-20260101,false
1,2026-01-08T19:00:00Z,2026-01-08T12:00:00Z,2026-01-10T00:00:00Z,29,0.199740,hgb-jan-eval-train-before-20260101,false
1,2026-01-08T19:00:00Z,2026-01-08T12:00:00Z,2026-01-10T01:00:00Z,30,0.197236,hgb-jan-eval-train-before-20260101,false
1,2026-01-08T19:00:00Z,2026-01-08T12:00:00Z,2026-01-10T02:00:00Z,31,0.187214,hgb-jan-eval-train-before-20260101,false
1,2026-01-08T19:00:00Z,2026-01-08T12:00:00Z,2026-01-10T03:00:00Z,32,0.185109,hgb-jan-eval-train-before-20260101,false
1,2026-01-08T19:00:00Z,2026-01-08T12:00:00Z,2026-01-10T04:00:00Z,33,0.246145,hgb-jan-eval-train-before-20260101,false
1,2026-01-08T19:00:00Z,2026-01-08T12:00:00Z,2026-01-10T05:00:00Z,34,0.240251,hgb-jan-eval-train-before-20260101,false
1,2026-01-08T19:00:00Z,2026-01-08T12:00:00Z,2026-01-10T06:00:00Z,35,0.217257,hgb-jan-eval-train-before-20260101,false
1,2026-01-08T19:00:00Z,2026-01-08T12:00:00Z,2026-01-10T07:00:00Z,36,0.200484,hgb-jan-eval-train-before-20260101,false
1,2026-01-08T19:00:00Z,2026-01-08T12:00:00Z,2026-01-10T08:00:00Z,37,0.244852,hgb-jan-eval-train-before-20260101,false
1,2026-01-08T19:00:00Z,2026-01-08T12:00:00Z,2026-01-10T09:00:00Z,38,0.257289,hgb-jan-eval-train-before-20260101,false
1,2026-01-08T19:00:00Z,2026-01-08T12:00:00Z,2026-01-10T10:00:00Z,39,0.220433,hgb-jan-eval-train-before-20260101,false
1,2026-01-08T19:00:00Z,2026-01-08T12:00:00Z,2026-01-10T11:00:00Z,40,0.309582,hgb-jan-eval-train-before-20260101,false
1,2026-01-08T19:00:00Z,2026-01-08T12:00:00Z,2026-01-10T12:00:00Z,41,0.403930,hgb-jan-eval-train-before-20260101,false
1,2026-01-08T19:00:00Z,2026-01-08T12:00:00Z,2026-01-10T13:00:00Z,42,0.490066,hgb-jan-eval-train-before-20260101,false
1,2026-01-08T19:00:00Z,2026-01-08T12:00:00Z,2026-01-10T14:00:00Z,43,0.498432,hgb-jan-eval-train-before-20260101,false
1,2026-01-08T19:00:00Z,2026-01-08T12:00:00Z,2026-01-10T15:00:00Z,44,0.474795,hgb-jan-eval-train-before-20260101,false
1,2026-01-08T19:00:00Z,2026-01-08T12:00:00Z,2026-01-10T16:00:00Z,45,0.436785,hgb-jan-eval-train-before-20260101,false
1,2026-01-08T19:00:00Z,2026-01-08T12:00:00Z,2026-01-10T17:00:00Z,46,0.422968,hgb-jan-eval-train-before-20260101,false
1,2026-01-08T19:00:00Z,2026-01-08T12:00:00Z,2026-01-10T18:00:00Z,47,0.318753,hgb-jan-eval-train-before-20260101,false
1,2026-01-08T19:00:00Z,2026-01-08T12:00:00Z,2026-01-10T19:00:00Z,48,0.287658,hgb-jan-eval-train-before-20260101,false
2,2026-01-08T19:00:00Z,2026-01-08T12:00:00Z,2026-01-08T20:00:00Z,1,0.211149,hgb-jan-eval-train-before-20260101,false
2,2026-01-08T19:00:00Z,2026-01-08T12:00:00Z,2026-01-08T21:00:00Z,2,0.211149,hgb-jan-eval-train-before-20260101,false
2,2026-01-08T19:00:00Z,2026-01-08T12:00:00Z,2026-01-08T22:00:00Z,3,0.207020,hgb-jan-eval-train-before-20260101,false
2,2026-01-08T19:00:00Z,2026-01-08T12:00:00Z,2026-01-08T23:00:00Z,4,0.161641,hgb-jan-eval-train-before-20260101,false
2,2026-01-08T19:00:00Z,2026-01-08T12:00:00Z,2026-01-09T00:00:00Z,5,0.147679,hgb-jan-eval-train-before-20260101,false
2,2026-01-08T19:00:00Z,2026-01-08T12:00:00Z,2026-01-09T01:00:00Z,6,0.131278,hgb-jan-eval-train-before-20260101,false
2,2026-01-08T19:00:00Z,2026-01-08T12:00:00Z,2026-01-09T02:00:00Z,7,0.111235,hgb-jan-eval-train-before-20260101,false
2,2026-01-08T19:00:00Z,2026-01-08T12:00:00Z,2026-01-09T03:00:00Z,8,0.078285,hgb-jan-eval-train-before-20260101,false
2,2026-01-08T19:00:00Z,2026-01-08T12:00:00Z,2026-01-09T04:00:00Z,9,0.077266,hgb-jan-eval-train-before-20260101,false
2,2026-01-08T19:00:00Z,2026-01-08T12:00:00Z,2026-01-09T05:00:00Z,10,0.078676,hgb-jan-eval-train-before-20260101,false
2,2026-01-08T19:00:00Z,2026-01-08T12:00:00Z,2026-01-09T06:00:00Z,11,0.089281,hgb-jan-eval-train-before-20260101,false
2,2026-01-08T19:00:00Z,2026-01-08T12:00:00Z,2026-01-09T07:00:00Z,12,0.195192,hgb-jan-eval-train-before-20260101,false
2,2026-01-08T19:00:00Z,2026-01-08T12:00:00Z,2026-01-09T08:00:00Z,13,0.255361,hgb-jan-eval-train-before-20260101,false
2,2026-01-08T19:00:00Z,2026-01-08T12:00:00Z,2026-01-09T09:00:00Z,14,0.237637,hgb-jan-eval-train-before-20260101,false
2,2026-01-08T19:00:00Z,2026-01-08T12:00:00Z,2026-01-09T10:00:00Z,15,0.190392,hgb-jan-eval-train-before-20260101,false
2,2026-01-08T19:00:00Z,2026-01-08T12:00:00Z,2026-01-09T11:00:00Z,16,0.091105,hgb-jan-eval-train-before-20260101,false
2,2026-01-08T19:00:00Z,2026-01-08T12:00:00Z,2026-01-09T12:00:00Z,17,0.074699,hgb-jan-eval-train-before-20260101,false
2,2026-01-08T19:00:00Z,2026-01-08T12:00:00Z,2026-01-09T13:00:00Z,18,0.083197,hgb-jan-eval-train-before-20260101,false
2,2026-01-08T19:00:00Z,2026-01-08T12:00:00Z,2026-01-09T14:00:00Z,19,0.118661,hgb-jan-eval-train-before-20260101,false
2,2026-01-08T19:00:00Z,2026-01-08T12:00:00Z,2026-01-09T15:00:00Z,20,0.133258,hgb-jan-eval-train-before-20260101,false
2,2026-01-08T19:00:00Z,2026-01-08T12:00:00Z,2026-01-09T16:00:00Z,21,0.162443,hgb-jan-eval-train-before-20260101,false
2,2026-01-08T19:00:00Z,2026-01-08T12:00:00Z,2026-01-09T17:00:00Z,22,0.151009,hgb-jan-eval-train-before-20260101,false
2,2026-01-08T19:00:00Z,2026-01-08T12:00:00Z,2026-01-09T18:00:00Z,23,0.134872,hgb-jan-eval-train-before-20260101,false
2,2026-01-08T19:00:00Z,2026-01-08T12:00:00Z,2026-01-09T19:00:00Z,24,0.137067,hgb-jan-eval-train-before-20260101,false
2,2026-01-08T19:00:00Z,2026-01-08T12:00:00Z,2026-01-09T20:00:00Z,25,0.141198,hgb-jan-eval-train-before-20260101,false
2,2026-01-08T19:00:00Z,2026-01-08T12:00:00Z,2026-01-09T21:00:00Z,26,0.170172,hgb-jan-eval-train-before-20260101,false
2,2026-01-08T19:00:00Z,2026-01-08T12:00:00Z,2026-01-09T22:00:00Z,27,0.155994,hgb-jan-eval-train-before-20260101,false
2,2026-01-08T19:00:00Z,2026-01-08T12:00:00Z,2026-01-09T23:00:00Z,28,0.193989,hgb-jan-eval-train-before-20260101,false
2,2026-01-08T19:00:00Z,2026-01-08T12:00:00Z,2026-01-10T00:00:00Z,29,0.199740,hgb-jan-eval-train-before-20260101,false
2,2026-01-08T19:00:00Z,2026-01-08T12:00:00Z,2026-01-10T01:00:00Z,30,0.197236,hgb-jan-eval-train-before-20260101,false
2,2026-01-08T19:00:00Z,2026-01-08T12:00:00Z,2026-01-10T02:00:00Z,31,0.187214,hgb-jan-eval-train-before-20260101,false
2,2026-01-08T19:00:00Z,2026-01-08T12:00:00Z,2026-01-10T03:00:00Z,32,0.185109,hgb-jan-eval-train-before-20260101,false
2,2026-01-08T19:00:00Z,2026-01-08T12:00:00Z,2026-01-10T04:00:00Z,33,0.246145,hgb-jan-eval-train-before-20260101,false
2,2026-01-08T19:00:00Z,2026-01-08T12:00:00Z,2026-01-10T05:00:00Z,34,0.240251,hgb-jan-eval-train-before-20260101,false
2,2026-01-08T19:00:00Z,2026-01-08T12:00:00Z,2026-01-10T06:00:00Z,35,0.217257,hgb-jan-eval-train-before-20260101,false
2,2026-01-08T19:00:00Z,2026-01-08T12:00:00Z,2026-01-10T07:00:00Z,36,0.200484,hgb-jan-eval-train-before-20260101,false
2,2026-01-08T19:00:00Z,2026-01-08T12:00:00Z,2026-01-10T08:00:00Z,37,0.244852,hgb-jan-eval-train-before-20260101,false
2,2026-01-08T19:00:00Z,2026-01-08T12:00:00Z,2026-01-10T09:00:00Z,38,0.257289,hgb-jan-eval-train-before-20260101,false
2,2026-01-08T19:00:00Z,2026-01-08T12:00:00Z,2026-01-10T10:00:00Z,39,0.220433,hgb-jan-eval-train-before-20260101,false
2,2026-01-08T19:00:00Z,2026-01-08T12:00:00Z,2026-01-10T11:00:00Z,40,0.309582,hgb-jan-eval-train-before-20260101,false
2,2026-01-08T19:00:00Z,2026-01-08T12:00:00Z,2026-01-10T12:00:00Z,41,0.403930,hgb-jan-eval-train-before-20260101,false
2,2026-01-08T19:00:00Z,2026-01-08T12:00:00Z,2026-01-10T13:00:00Z,42,0.490066,hgb-jan-eval-train-before-20260101,false
2,2026-01-08T19:00:00Z,2026-01-08T12:00:00Z,2026-01-10T14:00:00Z,43,0.498432,hgb-jan-eval-train-before-20260101,false
2,2026-01-08T19:00:00Z,2026-01-08T12:00:00Z,2026-01-10T15:00:00Z,44,0.474795,hgb-jan-eval-train-before-20260101,false
2,2026-01-08T19:00:00Z,2026-01-08T12:00:00Z,2026-01-10T16:00:00Z,45,0.436785,hgb-jan-eval-train-before-20260101,false
2,2026-01-08T19:00:00Z,2026-01-08T12:00:00Z,2026-01-10T17:00:00Z,46,0.422968,hgb-jan-eval-train-before-20260101,false
2,2026-01-08T19:00:00Z,2026-01-08T12:00:00Z,2026-01-10T18:00:00Z,47,0.318753,hgb-jan-eval-train-before-20260101,false
2,2026-01-08T19:00:00Z,2026-01-08T12:00:00Z,2026-01-10T19:00:00Z,48,0.287658,hgb-jan-eval-train-before-20260101,false
1,2026-01-09T19:00:00Z,2026-01-09T12:00:00Z,2026-01-09T20:00:00Z,1,0.137067,hgb-jan-eval-train-before-20260101,false
1,2026-01-09T19:00:00Z,2026-01-09T12:00:00Z,2026-01-09T21:00:00Z,2,0.166363,hgb-jan-eval-train-before-20260101,false
1,2026-01-09T19:00:00Z,2026-01-09T12:00:00Z,2026-01-09T22:00:00Z,3,0.197230,hgb-jan-eval-train-before-20260101,false
1,2026-01-09T19:00:00Z,2026-01-09T12:00:00Z,2026-01-09T23:00:00Z,4,0.216666,hgb-jan-eval-train-before-20260101,false
1,2026-01-09T19:00:00Z,2026-01-09T12:00:00Z,2026-01-10T00:00:00Z,5,0.209927,hgb-jan-eval-train-before-20260101,false
1,2026-01-09T19:00:00Z,2026-01-09T12:00:00Z,2026-01-10T01:00:00Z,6,0.213315,hgb-jan-eval-train-before-20260101,false
1,2026-01-09T19:00:00Z,2026-01-09T12:00:00Z,2026-01-10T02:00:00Z,7,0.190090,hgb-jan-eval-train-before-20260101,false
1,2026-01-09T19:00:00Z,2026-01-09T12:00:00Z,2026-01-10T03:00:00Z,8,0.185109,hgb-jan-eval-train-before-20260101,false
1,2026-01-09T19:00:00Z,2026-01-09T12:00:00Z,2026-01-10T04:00:00Z,9,0.267897,hgb-jan-eval-train-before-20260101,false
1,2026-01-09T19:00:00Z,2026-01-09T12:00:00Z,2026-01-10T05:00:00Z,10,0.238601,hgb-jan-eval-train-before-20260101,false
1,2026-01-09T19:00:00Z,2026-01-09T12:00:00Z,2026-01-10T06:00:00Z,11,0.214507,hgb-jan-eval-train-before-20260101,false
1,2026-01-09T19:00:00Z,2026-01-09T12:00:00Z,2026-01-10T07:00:00Z,12,0.221218,hgb-jan-eval-train-before-20260101,false
1,2026-01-09T19:00:00Z,2026-01-09T12:00:00Z,2026-01-10T08:00:00Z,13,0.249419,hgb-jan-eval-train-before-20260101,false
1,2026-01-09T19:00:00Z,2026-01-09T12:00:00Z,2026-01-10T09:00:00Z,14,0.317680,hgb-jan-eval-train-before-20260101,false
1,2026-01-09T19:00:00Z,2026-01-09T12:00:00Z,2026-01-10T10:00:00Z,15,0.348426,hgb-jan-eval-train-before-20260101,false
1,2026-01-09T19:00:00Z,2026-01-09T12:00:00Z,2026-01-10T11:00:00Z,16,0.410064,hgb-jan-eval-train-before-20260101,false
1,2026-01-09T19:00:00Z,2026-01-09T12:00:00Z,2026-01-10T12:00:00Z,17,0.356942,hgb-jan-eval-train-before-20260101,false
1,2026-01-09T19:00:00Z,2026-01-09T12:00:00Z,2026-01-10T13:00:00Z,18,0.490066,hgb-jan-eval-train-before-20260101,false
1,2026-01-09T19:00:00Z,2026-01-09T12:00:00Z,2026-01-10T14:00:00Z,19,0.498432,hgb-jan-eval-train-before-20260101,false
1,2026-01-09T19:00:00Z,2026-01-09T12:00:00Z,2026-01-10T15:00:00Z,20,0.498833,hgb-jan-eval-train-before-20260101,false
1,2026-01-09T19:00:00Z,2026-01-09T12:00:00Z,2026-01-10T16:00:00Z,21,0.463202,hgb-jan-eval-train-before-20260101,false
1,2026-01-09T19:00:00Z,2026-01-09T12:00:00Z,2026-01-10T17:00:00Z,22,0.459921,hgb-jan-eval-train-before-20260101,false
1,2026-01-09T19:00:00Z,2026-01-09T12:00:00Z,2026-01-10T18:00:00Z,23,0.481562,hgb-jan-eval-train-before-20260101,false
1,2026-01-09T19:00:00Z,2026-01-09T12:00:00Z,2026-01-10T19:00:00Z,24,0.572973,hgb-jan-eval-train-before-20260101,false
1,2026-01-09T19:00:00Z,2026-01-09T12:00:00Z,2026-01-10T20:00:00Z,25,0.550373,hgb-jan-eval-train-before-20260101,false
1,2026-01-09T19:00:00Z,2026-01-09T12:00:00Z,2026-01-10T21:00:00Z,26,0.503268,hgb-jan-eval-train-before-20260101,false
1,2026-01-09T19:00:00Z,2026-01-09T12:00:00Z,2026-01-10T22:00:00Z,27,0.430983,hgb-jan-eval-train-before-20260101,false
1,2026-01-09T19:00:00Z,2026-01-09T12:00:00Z,2026-01-10T23:00:00Z,28,0.479804,hgb-jan-eval-train-before-20260101,false
1,2026-01-09T19:00:00Z,2026-01-09T12:00:00Z,2026-01-11T00:00:00Z,29,0.453489,hgb-jan-eval-train-before-20260101,false
1,2026-01-09T19:00:00Z,2026-01-09T12:00:00Z,2026-01-11T01:00:00Z,30,0.459245,hgb-jan-eval-train-before-20260101,false
1,2026-01-09T19:00:00Z,2026-01-09T12:00:00Z,2026-01-11T02:00:00Z,31,0.405145,hgb-jan-eval-train-before-20260101,false
1,2026-01-09T19:00:00Z,2026-01-09T12:00:00Z,2026-01-11T03:00:00Z,32,0.370439,hgb-jan-eval-train-before-20260101,false
1,2026-01-09T19:00:00Z,2026-01-09T12:00:00Z,2026-01-11T04:00:00Z,33,0.389628,hgb-jan-eval-train-before-20260101,false
1,2026-01-09T19:00:00Z,2026-01-09T12:00:00Z,2026-01-11T05:00:00Z,34,0.459870,hgb-jan-eval-train-before-20260101,false
1,2026-01-09T19:00:00Z,2026-01-09T12:00:00Z,2026-01-11T06:00:00Z,35,0.555307,hgb-jan-eval-train-before-20260101,false
1,2026-01-09T19:00:00Z,2026-01-09T12:00:00Z,2026-01-11T07:00:00Z,36,0.701952,hgb-jan-eval-train-before-20260101,false
1,2026-01-09T19:00:00Z,2026-01-09T12:00:00Z,2026-01-11T08:00:00Z,37,0.750965,hgb-jan-eval-train-before-20260101,false
1,2026-01-09T19:00:00Z,2026-01-09T12:00:00Z,2026-01-11T09:00:00Z,38,0.825825,hgb-jan-eval-train-before-20260101,false
1,2026-01-09T19:00:00Z,2026-01-09T12:00:00Z,2026-01-11T10:00:00Z,39,0.681734,hgb-jan-eval-train-before-20260101,false
1,2026-01-09T19:00:00Z,2026-01-09T12:00:00Z,2026-01-11T11:00:00Z,40,0.583242,hgb-jan-eval-train-before-20260101,false
1,2026-01-09T19:00:00Z,2026-01-09T12:00:00Z,2026-01-11T12:00:00Z,41,0.350215,hgb-jan-eval-train-before-20260101,false
1,2026-01-09T19:00:00Z,2026-01-09T12:00:00Z,2026-01-11T13:00:00Z,42,0.286629,hgb-jan-eval-train-before-20260101,false
1,2026-01-09T19:00:00Z,2026-01-09T12:00:00Z,2026-01-11T14:00:00Z,43,0.288456,hgb-jan-eval-train-before-20260101,false
1,2026-01-09T19:00:00Z,2026-01-09T12:00:00Z,2026-01-11T15:00:00Z,44,0.196170,hgb-jan-eval-train-before-20260101,false
1,2026-01-09T19:00:00Z,2026-01-09T12:00:00Z,2026-01-11T16:00:00Z,45,0.226825,hgb-jan-eval-train-before-20260101,false
1,2026-01-09T19:00:00Z,2026-01-09T12:00:00Z,2026-01-11T17:00:00Z,46,0.372896,hgb-jan-eval-train-before-20260101,false
1,2026-01-09T19:00:00Z,2026-01-09T12:00:00Z,2026-01-11T18:00:00Z,47,0.400935,hgb-jan-eval-train-before-20260101,false
1,2026-01-09T19:00:00Z,2026-01-09T12:00:00Z,2026-01-11T19:00:00Z,48,0.443407,hgb-jan-eval-train-before-20260101,false
2,2026-01-09T19:00:00Z,2026-01-09T12:00:00Z,2026-01-09T20:00:00Z,1,0.137067,hgb-jan-eval-train-before-20260101,false
2,2026-01-09T19:00:00Z,2026-01-09T12:00:00Z,2026-01-09T21:00:00Z,2,0.166363,hgb-jan-eval-train-before-20260101,false
2,2026-01-09T19:00:00Z,2026-01-09T12:00:00Z,2026-01-09T22:00:00Z,3,0.197230,hgb-jan-eval-train-before-20260101,false
2,2026-01-09T19:00:00Z,2026-01-09T12:00:00Z,2026-01-09T23:00:00Z,4,0.216666,hgb-jan-eval-train-before-20260101,false
2,2026-01-09T19:00:00Z,2026-01-09T12:00:00Z,2026-01-10T00:00:00Z,5,0.209927,hgb-jan-eval-train-before-20260101,false
2,2026-01-09T19:00:00Z,2026-01-09T12:00:00Z,2026-01-10T01:00:00Z,6,0.213315,hgb-jan-eval-train-before-20260101,false
2,2026-01-09T19:00:00Z,2026-01-09T12:00:00Z,2026-01-10T02:00:00Z,7,0.190090,hgb-jan-eval-train-before-20260101,false
2,2026-01-09T19:00:00Z,2026-01-09T12:00:00Z,2026-01-10T03:00:00Z,8,0.185109,hgb-jan-eval-train-before-20260101,false
2,2026-01-09T19:00:00Z,2026-01-09T12:00:00Z,2026-01-10T04:00:00Z,9,0.267897,hgb-jan-eval-train-before-20260101,false
2,2026-01-09T19:00:00Z,2026-01-09T12:00:00Z,2026-01-10T05:00:00Z,10,0.238601,hgb-jan-eval-train-before-20260101,false
2,2026-01-09T19:00:00Z,2026-01-09T12:00:00Z,2026-01-10T06:00:00Z,11,0.214507,hgb-jan-eval-train-before-20260101,false
2,2026-01-09T19:00:00Z,2026-01-09T12:00:00Z,2026-01-10T07:00:00Z,12,0.221218,hgb-jan-eval-train-before-20260101,false
2,2026-01-09T19:00:00Z,2026-01-09T12:00:00Z,2026-01-10T08:00:00Z,13,0.249419,hgb-jan-eval-train-before-20260101,false
2,2026-01-09T19:00:00Z,2026-01-09T12:00:00Z,2026-01-10T09:00:00Z,14,0.317680,hgb-jan-eval-train-before-20260101,false
2,2026-01-09T19:00:00Z,2026-01-09T12:00:00Z,2026-01-10T10:00:00Z,15,0.348426,hgb-jan-eval-train-before-20260101,false
2,2026-01-09T19:00:00Z,2026-01-09T12:00:00Z,2026-01-10T11:00:00Z,16,0.410064,hgb-jan-eval-train-before-20260101,false
2,2026-01-09T19:00:00Z,2026-01-09T12:00:00Z,2026-01-10T12:00:00Z,17,0.356942,hgb-jan-eval-train-before-20260101,false
2,2026-01-09T19:00:00Z,2026-01-09T12:00:00Z,2026-01-10T13:00:00Z,18,0.490066,hgb-jan-eval-train-before-20260101,false
2,2026-01-09T19:00:00Z,2026-01-09T12:00:00Z,2026-01-10T14:00:00Z,19,0.498432,hgb-jan-eval-train-before-20260101,false
2,2026-01-09T19:00:00Z,2026-01-09T12:00:00Z,2026-01-10T15:00:00Z,20,0.498833,hgb-jan-eval-train-before-20260101,false
2,2026-01-09T19:00:00Z,2026-01-09T12:00:00Z,2026-01-10T16:00:00Z,21,0.463202,hgb-jan-eval-train-before-20260101,false
2,2026-01-09T19:00:00Z,2026-01-09T12:00:00Z,2026-01-10T17:00:00Z,22,0.459921,hgb-jan-eval-train-before-20260101,false
2,2026-01-09T19:00:00Z,2026-01-09T12:00:00Z,2026-01-10T18:00:00Z,23,0.481562,hgb-jan-eval-train-before-20260101,false
2,2026-01-09T19:00:00Z,2026-01-09T12:00:00Z,2026-01-10T19:00:00Z,24,0.572973,hgb-jan-eval-train-before-20260101,false
2,2026-01-09T19:00:00Z,2026-01-09T12:00:00Z,2026-01-10T20:00:00Z,25,0.550373,hgb-jan-eval-train-before-20260101,false
2,2026-01-09T19:00:00Z,2026-01-09T12:00:00Z,2026-01-10T21:00:00Z,26,0.503268,hgb-jan-eval-train-before-20260101,false
2,2026-01-09T19:00:00Z,2026-01-09T12:00:00Z,2026-01-10T22:00:00Z,27,0.430983,hgb-jan-eval-train-before-20260101,false
2,2026-01-09T19:00:00Z,2026-01-09T12:00:00Z,2026-01-10T23:00:00Z,28,0.479804,hgb-jan-eval-train-before-20260101,false
2,2026-01-09T19:00:00Z,2026-01-09T12:00:00Z,2026-01-11T00:00:00Z,29,0.453489,hgb-jan-eval-train-before-20260101,false
2,2026-01-09T19:00:00Z,2026-01-09T12:00:00Z,2026-01-11T01:00:00Z,30,0.459245,hgb-jan-eval-train-before-20260101,false
2,2026-01-09T19:00:00Z,2026-01-09T12:00:00Z,2026-01-11T02:00:00Z,31,0.405145,hgb-jan-eval-train-before-20260101,false
2,2026-01-09T19:00:00Z,2026-01-09T12:00:00Z,2026-01-11T03:00:00Z,32,0.370439,hgb-jan-eval-train-before-20260101,false
2,2026-01-09T19:00:00Z,2026-01-09T12:00:00Z,2026-01-11T04:00:00Z,33,0.389628,hgb-jan-eval-train-before-20260101,false
2,2026-01-09T19:00:00Z,2026-01-09T12:00:00Z,2026-01-11T05:00:00Z,34,0.459870,hgb-jan-eval-train-before-20260101,false
2,2026-01-09T19:00:00Z,2026-01-09T12:00:00Z,2026-01-11T06:00:00Z,35,0.555307,hgb-jan-eval-train-before-20260101,false
2,2026-01-09T19:00:00Z,2026-01-09T12:00:00Z,2026-01-11T07:00:00Z,36,0.701952,hgb-jan-eval-train-before-20260101,false
2,2026-01-09T19:00:00Z,2026-01-09T12:00:00Z,2026-01-11T08:00:00Z,37,0.750965,hgb-jan-eval-train-before-20260101,false
2,2026-01-09T19:00:00Z,2026-01-09T12:00:00Z,2026-01-11T09:00:00Z,38,0.825825,hgb-jan-eval-train-before-20260101,false
2,2026-01-09T19:00:00Z,2026-01-09T12:00:00Z,2026-01-11T10:00:00Z,39,0.681734,hgb-jan-eval-train-before-20260101,false
2,2026-01-09T19:00:00Z,2026-01-09T12:00:00Z,2026-01-11T11:00:00Z,40,0.583242,hgb-jan-eval-train-before-20260101,false
2,2026-01-09T19:00:00Z,2026-01-09T12:00:00Z,2026-01-11T12:00:00Z,41,0.350215,hgb-jan-eval-train-before-20260101,false
2,2026-01-09T19:00:00Z,2026-01-09T12:00:00Z,2026-01-11T13:00:00Z,42,0.286629,hgb-jan-eval-train-before-20260101,false
2,2026-01-09T19:00:00Z,2026-01-09T12:00:00Z,2026-01-11T14:00:00Z,43,0.288456,hgb-jan-eval-train-before-20260101,false
2,2026-01-09T19:00:00Z,2026-01-09T12:00:00Z,2026-01-11T15:00:00Z,44,0.196170,hgb-jan-eval-train-before-20260101,false
2,2026-01-09T19:00:00Z,2026-01-09T12:00:00Z,2026-01-11T16:00:00Z,45,0.226825,hgb-jan-eval-train-before-20260101,false
2,2026-01-09T19:00:00Z,2026-01-09T12:00:00Z,2026-01-11T17:00:00Z,46,0.372896,hgb-jan-eval-train-before-20260101,false
2,2026-01-09T19:00:00Z,2026-01-09T12:00:00Z,2026-01-11T18:00:00Z,47,0.400935,hgb-jan-eval-train-before-20260101,false
2,2026-01-09T19:00:00Z,2026-01-09T12:00:00Z,2026-01-11T19:00:00Z,48,0.443407,hgb-jan-eval-train-before-20260101,false
1,2026-01-10T19:00:00Z,2026-01-10T12:00:00Z,2026-01-10T20:00:00Z,1,0.533250,hgb-jan-eval-train-before-20260101,false
1,2026-01-10T19:00:00Z,2026-01-10T12:00:00Z,2026-01-10T21:00:00Z,2,0.485127,hgb-jan-eval-train-before-20260101,false
1,2026-01-10T19:00:00Z,2026-01-10T12:00:00Z,2026-01-10T22:00:00Z,3,0.546650,hgb-jan-eval-train-before-20260101,false
1,2026-01-10T19:00:00Z,2026-01-10T12:00:00Z,2026-01-10T23:00:00Z,4,0.593679,hgb-jan-eval-train-before-20260101,false
1,2026-01-10T19:00:00Z,2026-01-10T12:00:00Z,2026-01-11T00:00:00Z,5,0.601011,hgb-jan-eval-train-before-20260101,false
1,2026-01-10T19:00:00Z,2026-01-10T12:00:00Z,2026-01-11T01:00:00Z,6,0.512210,hgb-jan-eval-train-before-20260101,false
1,2026-01-10T19:00:00Z,2026-01-10T12:00:00Z,2026-01-11T02:00:00Z,7,0.387651,hgb-jan-eval-train-before-20260101,false
1,2026-01-10T19:00:00Z,2026-01-10T12:00:00Z,2026-01-11T03:00:00Z,8,0.332900,hgb-jan-eval-train-before-20260101,false
1,2026-01-10T19:00:00Z,2026-01-10T12:00:00Z,2026-01-11T04:00:00Z,9,0.408964,hgb-jan-eval-train-before-20260101,false
1,2026-01-10T19:00:00Z,2026-01-10T12:00:00Z,2026-01-11T05:00:00Z,10,0.497457,hgb-jan-eval-train-before-20260101,false
1,2026-01-10T19:00:00Z,2026-01-10T12:00:00Z,2026-01-11T06:00:00Z,11,0.551468,hgb-jan-eval-train-before-20260101,false
1,2026-01-10T19:00:00Z,2026-01-10T12:00:00Z,2026-01-11T07:00:00Z,12,0.727054,hgb-jan-eval-train-before-20260101,false
1,2026-01-10T19:00:00Z,2026-01-10T12:00:00Z,2026-01-11T08:00:00Z,13,0.775381,hgb-jan-eval-train-before-20260101,false
1,2026-01-10T19:00:00Z,2026-01-10T12:00:00Z,2026-01-11T09:00:00Z,14,0.822763,hgb-jan-eval-train-before-20260101,false
1,2026-01-10T19:00:00Z,2026-01-10T12:00:00Z,2026-01-11T10:00:00Z,15,0.632683,hgb-jan-eval-train-before-20260101,false
1,2026-01-10T19:00:00Z,2026-01-10T12:00:00Z,2026-01-11T11:00:00Z,16,0.549595,hgb-jan-eval-train-before-20260101,false
1,2026-01-10T19:00:00Z,2026-01-10T12:00:00Z,2026-01-11T12:00:00Z,17,0.359460,hgb-jan-eval-train-before-20260101,false
1,2026-01-10T19:00:00Z,2026-01-10T12:00:00Z,2026-01-11T13:00:00Z,18,0.294429,hgb-jan-eval-train-before-20260101,false
1,2026-01-10T19:00:00Z,2026-01-10T12:00:00Z,2026-01-11T14:00:00Z,19,0.277158,hgb-jan-eval-train-before-20260101,false
1,2026-01-10T19:00:00Z,2026-01-10T12:00:00Z,2026-01-11T15:00:00Z,20,0.199559,hgb-jan-eval-train-before-20260101,false
1,2026-01-10T19:00:00Z,2026-01-10T12:00:00Z,2026-01-11T16:00:00Z,21,0.219574,hgb-jan-eval-train-before-20260101,false
1,2026-01-10T19:00:00Z,2026-01-10T12:00:00Z,2026-01-11T17:00:00Z,22,0.379753,hgb-jan-eval-train-before-20260101,false
1,2026-01-10T19:00:00Z,2026-01-10T12:00:00Z,2026-01-11T18:00:00Z,23,0.473805,hgb-jan-eval-train-before-20260101,false
1,2026-01-10T19:00:00Z,2026-01-10T12:00:00Z,2026-01-11T19:00:00Z,24,0.495501,hgb-jan-eval-train-before-20260101,false
1,2026-01-10T19:00:00Z,2026-01-10T12:00:00Z,2026-01-11T20:00:00Z,25,0.471807,hgb-jan-eval-train-before-20260101,false
1,2026-01-10T19:00:00Z,2026-01-10T12:00:00Z,2026-01-11T21:00:00Z,26,0.452077,hgb-jan-eval-train-before-20260101,false
1,2026-01-10T19:00:00Z,2026-01-10T12:00:00Z,2026-01-11T22:00:00Z,27,0.207383,hgb-jan-eval-train-before-20260101,false
1,2026-01-10T19:00:00Z,2026-01-10T12:00:00Z,2026-01-11T23:00:00Z,28,0.060465,hgb-jan-eval-train-before-20260101,false
1,2026-01-10T19:00:00Z,2026-01-10T12:00:00Z,2026-01-12T00:00:00Z,29,0.071548,hgb-jan-eval-train-before-20260101,false
1,2026-01-10T19:00:00Z,2026-01-10T12:00:00Z,2026-01-12T01:00:00Z,30,0.085000,hgb-jan-eval-train-before-20260101,false
1,2026-01-10T19:00:00Z,2026-01-10T12:00:00Z,2026-01-12T02:00:00Z,31,0.328542,hgb-jan-eval-train-before-20260101,false
1,2026-01-10T19:00:00Z,2026-01-10T12:00:00Z,2026-01-12T03:00:00Z,32,0.357654,hgb-jan-eval-train-before-20260101,false
1,2026-01-10T19:00:00Z,2026-01-10T12:00:00Z,2026-01-12T04:00:00Z,33,0.265440,hgb-jan-eval-train-before-20260101,false
1,2026-01-10T19:00:00Z,2026-01-10T12:00:00Z,2026-01-12T05:00:00Z,34,0.234897,hgb-jan-eval-train-before-20260101,false
1,2026-01-10T19:00:00Z,2026-01-10T12:00:00Z,2026-01-12T06:00:00Z,35,0.279874,hgb-jan-eval-train-before-20260101,false
1,2026-01-10T19:00:00Z,2026-01-10T12:00:00Z,2026-01-12T07:00:00Z,36,0.360318,hgb-jan-eval-train-before-20260101,false
1,2026-01-10T19:00:00Z,2026-01-10T12:00:00Z,2026-01-12T08:00:00Z,37,0.492461,hgb-jan-eval-train-before-20260101,false
1,2026-01-10T19:00:00Z,2026-01-10T12:00:00Z,2026-01-12T09:00:00Z,38,0.558603,hgb-jan-eval-train-before-20260101,false
1,2026-01-10T19:00:00Z,2026-01-10T12:00:00Z,2026-01-12T10:00:00Z,39,0.610443,hgb-jan-eval-train-before-20260101,false
1,2026-01-10T19:00:00Z,2026-01-10T12:00:00Z,2026-01-12T11:00:00Z,40,0.616957,hgb-jan-eval-train-before-20260101,false
1,2026-01-10T19:00:00Z,2026-01-10T12:00:00Z,2026-01-12T12:00:00Z,41,0.564727,hgb-jan-eval-train-before-20260101,false
1,2026-01-10T19:00:00Z,2026-01-10T12:00:00Z,2026-01-12T13:00:00Z,42,0.552110,hgb-jan-eval-train-before-20260101,false
1,2026-01-10T19:00:00Z,2026-01-10T12:00:00Z,2026-01-12T14:00:00Z,43,0.575695,hgb-jan-eval-train-before-20260101,false
1,2026-01-10T19:00:00Z,2026-01-10T12:00:00Z,2026-01-12T15:00:00Z,44,0.625132,hgb-jan-eval-train-before-20260101,false
1,2026-01-10T19:00:00Z,2026-01-10T12:00:00Z,2026-01-12T16:00:00Z,45,0.574440,hgb-jan-eval-train-before-20260101,false
1,2026-01-10T19:00:00Z,2026-01-10T12:00:00Z,2026-01-12T17:00:00Z,46,0.480270,hgb-jan-eval-train-before-20260101,false
1,2026-01-10T19:00:00Z,2026-01-10T12:00:00Z,2026-01-12T18:00:00Z,47,0.650192,hgb-jan-eval-train-before-20260101,false
1,2026-01-10T19:00:00Z,2026-01-10T12:00:00Z,2026-01-12T19:00:00Z,48,0.721892,hgb-jan-eval-train-before-20260101,false
2,2026-01-10T19:00:00Z,2026-01-10T12:00:00Z,2026-01-10T20:00:00Z,1,0.533250,hgb-jan-eval-train-before-20260101,false
2,2026-01-10T19:00:00Z,2026-01-10T12:00:00Z,2026-01-10T21:00:00Z,2,0.485127,hgb-jan-eval-train-before-20260101,false
2,2026-01-10T19:00:00Z,2026-01-10T12:00:00Z,2026-01-10T22:00:00Z,3,0.546650,hgb-jan-eval-train-before-20260101,false
2,2026-01-10T19:00:00Z,2026-01-10T12:00:00Z,2026-01-10T23:00:00Z,4,0.593679,hgb-jan-eval-train-before-20260101,false
2,2026-01-10T19:00:00Z,2026-01-10T12:00:00Z,2026-01-11T00:00:00Z,5,0.601011,hgb-jan-eval-train-before-20260101,false
2,2026-01-10T19:00:00Z,2026-01-10T12:00:00Z,2026-01-11T01:00:00Z,6,0.512210,hgb-jan-eval-train-before-20260101,false
2,2026-01-10T19:00:00Z,2026-01-10T12:00:00Z,2026-01-11T02:00:00Z,7,0.387651,hgb-jan-eval-train-before-20260101,false
2,2026-01-10T19:00:00Z,2026-01-10T12:00:00Z,2026-01-11T03:00:00Z,8,0.332900,hgb-jan-eval-train-before-20260101,false
2,2026-01-10T19:00:00Z,2026-01-10T12:00:00Z,2026-01-11T04:00:00Z,9,0.408964,hgb-jan-eval-train-before-20260101,false
2,2026-01-10T19:00:00Z,2026-01-10T12:00:00Z,2026-01-11T05:00:00Z,10,0.497457,hgb-jan-eval-train-before-20260101,false
2,2026-01-10T19:00:00Z,2026-01-10T12:00:00Z,2026-01-11T06:00:00Z,11,0.551468,hgb-jan-eval-train-before-20260101,false
2,2026-01-10T19:00:00Z,2026-01-10T12:00:00Z,2026-01-11T07:00:00Z,12,0.727054,hgb-jan-eval-train-before-20260101,false
2,2026-01-10T19:00:00Z,2026-01-10T12:00:00Z,2026-01-11T08:00:00Z,13,0.775381,hgb-jan-eval-train-before-20260101,false
2,2026-01-10T19:00:00Z,2026-01-10T12:00:00Z,2026-01-11T09:00:00Z,14,0.822763,hgb-jan-eval-train-before-20260101,false
2,2026-01-10T19:00:00Z,2026-01-10T12:00:00Z,2026-01-11T10:00:00Z,15,0.632683,hgb-jan-eval-train-before-20260101,false
2,2026-01-10T19:00:00Z,2026-01-10T12:00:00Z,2026-01-11T11:00:00Z,16,0.549595,hgb-jan-eval-train-before-20260101,false
2,2026-01-10T19:00:00Z,2026-01-10T12:00:00Z,2026-01-11T12:00:00Z,17,0.359460,hgb-jan-eval-train-before-20260101,false
2,2026-01-10T19:00:00Z,2026-01-10T12:00:00Z,2026-01-11T13:00:00Z,18,0.294429,hgb-jan-eval-train-before-20260101,false
2,2026-01-10T19:00:00Z,2026-01-10T12:00:00Z,2026-01-11T14:00:00Z,19,0.277158,hgb-jan-eval-train-before-20260101,false
2,2026-01-10T19:00:00Z,2026-01-10T12:00:00Z,2026-01-11T15:00:00Z,20,0.199559,hgb-jan-eval-train-before-20260101,false
2,2026-01-10T19:00:00Z,2026-01-10T12:00:00Z,2026-01-11T16:00:00Z,21,0.219574,hgb-jan-eval-train-before-20260101,false
2,2026-01-10T19:00:00Z,2026-01-10T12:00:00Z,2026-01-11T17:00:00Z,22,0.379753,hgb-jan-eval-train-before-20260101,false
2,2026-01-10T19:00:00Z,2026-01-10T12:00:00Z,2026-01-11T18:00:00Z,23,0.473805,hgb-jan-eval-train-before-20260101,false
2,2026-01-10T19:00:00Z,2026-01-10T12:00:00Z,2026-01-11T19:00:00Z,24,0.495501,hgb-jan-eval-train-before-20260101,false
2,2026-01-10T19:00:00Z,2026-01-10T12:00:00Z,2026-01-11T20:00:00Z,25,0.471807,hgb-jan-eval-train-before-20260101,false
2,2026-01-10T19:00:00Z,2026-01-10T12:00:00Z,2026-01-11T21:00:00Z,26,0.452077,hgb-jan-eval-train-before-20260101,false
2,2026-01-10T19:00:00Z,2026-01-10T12:00:00Z,2026-01-11T22:00:00Z,27,0.207383,hgb-jan-eval-train-before-20260101,false
2,2026-01-10T19:00:00Z,2026-01-10T12:00:00Z,2026-01-11T23:00:00Z,28,0.060465,hgb-jan-eval-train-before-20260101,false
2,2026-01-10T19:00:00Z,2026-01-10T12:00:00Z,2026-01-12T00:00:00Z,29,0.071548,hgb-jan-eval-train-before-20260101,false
2,2026-01-10T19:00:00Z,2026-01-10T12:00:00Z,2026-01-12T01:00:00Z,30,0.085000,hgb-jan-eval-train-before-20260101,false
2,2026-01-10T19:00:00Z,2026-01-10T12:00:00Z,2026-01-12T02:00:00Z,31,0.328542,hgb-jan-eval-train-before-20260101,false
2,2026-01-10T19:00:00Z,2026-01-10T12:00:00Z,2026-01-12T03:00:00Z,32,0.357654,hgb-jan-eval-train-before-20260101,false
2,2026-01-10T19:00:00Z,2026-01-10T12:00:00Z,2026-01-12T04:00:00Z,33,0.265440,hgb-jan-eval-train-before-20260101,false
2,2026-01-10T19:00:00Z,2026-01-10T12:00:00Z,2026-01-12T05:00:00Z,34,0.234897,hgb-jan-eval-train-before-20260101,false
2,2026-01-10T19:00:00Z,2026-01-10T12:00:00Z,2026-01-12T06:00:00Z,35,0.279874,hgb-jan-eval-train-before-20260101,false
2,2026-01-10T19:00:00Z,2026-01-10T12:00:00Z,2026-01-12T07:00:00Z,36,0.360318,hgb-jan-eval-train-before-20260101,false
2,2026-01-10T19:00:00Z,2026-01-10T12:00:00Z,2026-01-12T08:00:00Z,37,0.492461,hgb-jan-eval-train-before-20260101,false
2,2026-01-10T19:00:00Z,2026-01-10T12:00:00Z,2026-01-12T09:00:00Z,38,0.558603,hgb-jan-eval-train-before-20260101,false
2,2026-01-10T19:00:00Z,2026-01-10T12:00:00Z,2026-01-12T10:00:00Z,39,0.610443,hgb-jan-eval-train-before-20260101,false
2,2026-01-10T19:00:00Z,2026-01-10T12:00:00Z,2026-01-12T11:00:00Z,40,0.616957,hgb-jan-eval-train-before-20260101,false
2,2026-01-10T19:00:00Z,2026-01-10T12:00:00Z,2026-01-12T12:00:00Z,41,0.564727,hgb-jan-eval-train-before-20260101,false
2,2026-01-10T19:00:00Z,2026-01-10T12:00:00Z,2026-01-12T13:00:00Z,42,0.552110,hgb-jan-eval-train-before-20260101,false
2,2026-01-10T19:00:00Z,2026-01-10T12:00:00Z,2026-01-12T14:00:00Z,43,0.575695,hgb-jan-eval-train-before-20260101,false
2,2026-01-10T19:00:00Z,2026-01-10T12:00:00Z,2026-01-12T15:00:00Z,44,0.625132,hgb-jan-eval-train-before-20260101,false
2,2026-01-10T19:00:00Z,2026-01-10T12:00:00Z,2026-01-12T16:00:00Z,45,0.574440,hgb-jan-eval-train-before-20260101,false
2,2026-01-10T19:00:00Z,2026-01-10T12:00:00Z,2026-01-12T17:00:00Z,46,0.480270,hgb-jan-eval-train-before-20260101,false
2,2026-01-10T19:00:00Z,2026-01-10T12:00:00Z,2026-01-12T18:00:00Z,47,0.650192,hgb-jan-eval-train-before-20260101,false
2,2026-01-10T19:00:00Z,2026-01-10T12:00:00Z,2026-01-12T19:00:00Z,48,0.721892,hgb-jan-eval-train-before-20260101,false
1,2026-01-11T19:00:00Z,2026-01-11T12:00:00Z,2026-01-11T20:00:00Z,1,0.384062,hgb-jan-eval-train-before-20260101,false
1,2026-01-11T19:00:00Z,2026-01-11T12:00:00Z,2026-01-11T21:00:00Z,2,0.221086,hgb-jan-eval-train-before-20260101,false
1,2026-01-11T19:00:00Z,2026-01-11T12:00:00Z,2026-01-11T22:00:00Z,3,0.352931,hgb-jan-eval-train-before-20260101,false
1,2026-01-11T19:00:00Z,2026-01-11T12:00:00Z,2026-01-11T23:00:00Z,4,0.376994,hgb-jan-eval-train-before-20260101,false
1,2026-01-11T19:00:00Z,2026-01-11T12:00:00Z,2026-01-12T00:00:00Z,5,0.415265,hgb-jan-eval-train-before-20260101,false
1,2026-01-11T19:00:00Z,2026-01-11T12:00:00Z,2026-01-12T01:00:00Z,6,0.090311,hgb-jan-eval-train-before-20260101,false
1,2026-01-11T19:00:00Z,2026-01-11T12:00:00Z,2026-01-12T02:00:00Z,7,0.044200,hgb-jan-eval-train-before-20260101,false
1,2026-01-11T19:00:00Z,2026-01-11T12:00:00Z,2026-01-12T03:00:00Z,8,0.063529,hgb-jan-eval-train-before-20260101,false
1,2026-01-11T19:00:00Z,2026-01-11T12:00:00Z,2026-01-12T04:00:00Z,9,0.132395,hgb-jan-eval-train-before-20260101,false
1,2026-01-11T19:00:00Z,2026-01-11T12:00:00Z,2026-01-12T05:00:00Z,10,0.241549,hgb-jan-eval-train-before-20260101,false
1,2026-01-11T19:00:00Z,2026-01-11T12:00:00Z,2026-01-12T06:00:00Z,11,0.281959,hgb-jan-eval-train-before-20260101,false
1,2026-01-11T19:00:00Z,2026-01-11T12:00:00Z,2026-01-12T07:00:00Z,12,0.250599,hgb-jan-eval-train-before-20260101,false
1,2026-01-11T19:00:00Z,2026-01-11T12:00:00Z,2026-01-12T08:00:00Z,13,0.415194,hgb-jan-eval-train-before-20260101,false
1,2026-01-11T19:00:00Z,2026-01-11T12:00:00Z,2026-01-12T09:00:00Z,14,0.530704,hgb-jan-eval-train-before-20260101,false
1,2026-01-11T19:00:00Z,2026-01-11T12:00:00Z,2026-01-12T10:00:00Z,15,0.597499,hgb-jan-eval-train-before-20260101,false
1,2026-01-11T19:00:00Z,2026-01-11T12:00:00Z,2026-01-12T11:00:00Z,16,0.689230,hgb-jan-eval-train-before-20260101,false
1,2026-01-11T19:00:00Z,2026-01-11T12:00:00Z,2026-01-12T12:00:00Z,17,0.606410,hgb-jan-eval-train-before-20260101,false
1,2026-01-11T19:00:00Z,2026-01-11T12:00:00Z,2026-01-12T13:00:00Z,18,0.444923,hgb-jan-eval-train-before-20260101,false
1,2026-01-11T19:00:00Z,2026-01-11T12:00:00Z,2026-01-12T14:00:00Z,19,0.396071,hgb-jan-eval-train-before-20260101,false
1,2026-01-11T19:00:00Z,2026-01-11T12:00:00Z,2026-01-12T15:00:00Z,20,0.298379,hgb-jan-eval-train-before-20260101,false
1,2026-01-11T19:00:00Z,2026-01-11T12:00:00Z,2026-01-12T16:00:00Z,21,0.648308,hgb-jan-eval-train-before-20260101,false
1,2026-01-11T19:00:00Z,2026-01-11T12:00:00Z,2026-01-12T17:00:00Z,22,0.776670,hgb-jan-eval-train-before-20260101,false
1,2026-01-11T19:00:00Z,2026-01-11T12:00:00Z,2026-01-12T18:00:00Z,23,0.545119,hgb-jan-eval-train-before-20260101,false
1,2026-01-11T19:00:00Z,2026-01-11T12:00:00Z,2026-01-12T19:00:00Z,24,0.163871,hgb-jan-eval-train-before-20260101,false
1,2026-01-11T19:00:00Z,2026-01-11T12:00:00Z,2026-01-12T20:00:00Z,25,0.106535,hgb-jan-eval-train-before-20260101,false
1,2026-01-11T19:00:00Z,2026-01-11T12:00:00Z,2026-01-12T21:00:00Z,26,0.065920,hgb-jan-eval-train-before-20260101,false
1,2026-01-11T19:00:00Z,2026-01-11T12:00:00Z,2026-01-12T22:00:00Z,27,0.072942,hgb-jan-eval-train-before-20260101,false
1,2026-01-11T19:00:00Z,2026-01-11T12:00:00Z,2026-01-12T23:00:00Z,28,0.063638,hgb-jan-eval-train-before-20260101,false
1,2026-01-11T19:00:00Z,2026-01-11T12:00:00Z,2026-01-13T00:00:00Z,29,0.064304,hgb-jan-eval-train-before-20260101,false
1,2026-01-11T19:00:00Z,2026-01-11T12:00:00Z,2026-01-13T01:00:00Z,30,0.037145,hgb-jan-eval-train-before-20260101,false
1,2026-01-11T19:00:00Z,2026-01-11T12:00:00Z,2026-01-13T02:00:00Z,31,0.010420,hgb-jan-eval-train-before-20260101,false
1,2026-01-11T19:00:00Z,2026-01-11T12:00:00Z,2026-01-13T03:00:00Z,32,0.032019,hgb-jan-eval-train-before-20260101,false
1,2026-01-11T19:00:00Z,2026-01-11T12:00:00Z,2026-01-13T04:00:00Z,33,0.038551,hgb-jan-eval-train-before-20260101,false
1,2026-01-11T19:00:00Z,2026-01-11T12:00:00Z,2026-01-13T05:00:00Z,34,0.076920,hgb-jan-eval-train-before-20260101,false
1,2026-01-11T19:00:00Z,2026-01-11T12:00:00Z,2026-01-13T06:00:00Z,35,0.129831,hgb-jan-eval-train-before-20260101,false
1,2026-01-11T19:00:00Z,2026-01-11T12:00:00Z,2026-01-13T07:00:00Z,36,0.242636,hgb-jan-eval-train-before-20260101,false
1,2026-01-11T19:00:00Z,2026-01-11T12:00:00Z,2026-01-13T08:00:00Z,37,0.408744,hgb-jan-eval-train-before-20260101,false
1,2026-01-11T19:00:00Z,2026-01-11T12:00:00Z,2026-01-13T09:00:00Z,38,0.512094,hgb-jan-eval-train-before-20260101,false
1,2026-01-11T19:00:00Z,2026-01-11T12:00:00Z,2026-01-13T10:00:00Z,39,0.593902,hgb-jan-eval-train-before-20260101,false
1,2026-01-11T19:00:00Z,2026-01-11T12:00:00Z,2026-01-13T11:00:00Z,40,0.673447,hgb-jan-eval-train-before-20260101,false
1,2026-01-11T19:00:00Z,2026-01-11T12:00:00Z,2026-01-13T12:00:00Z,41,0.645772,hgb-jan-eval-train-before-20260101,false
1,2026-01-11T19:00:00Z,2026-01-11T12:00:00Z,2026-01-13T13:00:00Z,42,0.662539,hgb-jan-eval-train-before-20260101,false
1,2026-01-11T19:00:00Z,2026-01-11T12:00:00Z,2026-01-13T14:00:00Z,43,0.719051,hgb-jan-eval-train-before-20260101,false
1,2026-01-11T19:00:00Z,2026-01-11T12:00:00Z,2026-01-13T15:00:00Z,44,0.654111,hgb-jan-eval-train-before-20260101,false
1,2026-01-11T19:00:00Z,2026-01-11T12:00:00Z,2026-01-13T16:00:00Z,45,0.582106,hgb-jan-eval-train-before-20260101,false
1,2026-01-11T19:00:00Z,2026-01-11T12:00:00Z,2026-01-13T17:00:00Z,46,0.440908,hgb-jan-eval-train-before-20260101,false
1,2026-01-11T19:00:00Z,2026-01-11T12:00:00Z,2026-01-13T18:00:00Z,47,0.368314,hgb-jan-eval-train-before-20260101,false
1,2026-01-11T19:00:00Z,2026-01-11T12:00:00Z,2026-01-13T19:00:00Z,48,0.387713,hgb-jan-eval-train-before-20260101,false
2,2026-01-11T19:00:00Z,2026-01-11T12:00:00Z,2026-01-11T20:00:00Z,1,0.384062,hgb-jan-eval-train-before-20260101,false
2,2026-01-11T19:00:00Z,2026-01-11T12:00:00Z,2026-01-11T21:00:00Z,2,0.221086,hgb-jan-eval-train-before-20260101,false
2,2026-01-11T19:00:00Z,2026-01-11T12:00:00Z,2026-01-11T22:00:00Z,3,0.352931,hgb-jan-eval-train-before-20260101,false
2,2026-01-11T19:00:00Z,2026-01-11T12:00:00Z,2026-01-11T23:00:00Z,4,0.376994,hgb-jan-eval-train-before-20260101,false
2,2026-01-11T19:00:00Z,2026-01-11T12:00:00Z,2026-01-12T00:00:00Z,5,0.415265,hgb-jan-eval-train-before-20260101,false
2,2026-01-11T19:00:00Z,2026-01-11T12:00:00Z,2026-01-12T01:00:00Z,6,0.090311,hgb-jan-eval-train-before-20260101,false
2,2026-01-11T19:00:00Z,2026-01-11T12:00:00Z,2026-01-12T02:00:00Z,7,0.044200,hgb-jan-eval-train-before-20260101,false
2,2026-01-11T19:00:00Z,2026-01-11T12:00:00Z,2026-01-12T03:00:00Z,8,0.063529,hgb-jan-eval-train-before-20260101,false
2,2026-01-11T19:00:00Z,2026-01-11T12:00:00Z,2026-01-12T04:00:00Z,9,0.132395,hgb-jan-eval-train-before-20260101,false
2,2026-01-11T19:00:00Z,2026-01-11T12:00:00Z,2026-01-12T05:00:00Z,10,0.241549,hgb-jan-eval-train-before-20260101,false
2,2026-01-11T19:00:00Z,2026-01-11T12:00:00Z,2026-01-12T06:00:00Z,11,0.281959,hgb-jan-eval-train-before-20260101,false
2,2026-01-11T19:00:00Z,2026-01-11T12:00:00Z,2026-01-12T07:00:00Z,12,0.250599,hgb-jan-eval-train-before-20260101,false
2,2026-01-11T19:00:00Z,2026-01-11T12:00:00Z,2026-01-12T08:00:00Z,13,0.415194,hgb-jan-eval-train-before-20260101,false
2,2026-01-11T19:00:00Z,2026-01-11T12:00:00Z,2026-01-12T09:00:00Z,14,0.530704,hgb-jan-eval-train-before-20260101,false
2,2026-01-11T19:00:00Z,2026-01-11T12:00:00Z,2026-01-12T10:00:00Z,15,0.597499,hgb-jan-eval-train-before-20260101,false
2,2026-01-11T19:00:00Z,2026-01-11T12:00:00Z,2026-01-12T11:00:00Z,16,0.689230,hgb-jan-eval-train-before-20260101,false
2,2026-01-11T19:00:00Z,2026-01-11T12:00:00Z,2026-01-12T12:00:00Z,17,0.606410,hgb-jan-eval-train-before-20260101,false
2,2026-01-11T19:00:00Z,2026-01-11T12:00:00Z,2026-01-12T13:00:00Z,18,0.444923,hgb-jan-eval-train-before-20260101,false
2,2026-01-11T19:00:00Z,2026-01-11T12:00:00Z,2026-01-12T14:00:00Z,19,0.396071,hgb-jan-eval-train-before-20260101,false
2,2026-01-11T19:00:00Z,2026-01-11T12:00:00Z,2026-01-12T15:00:00Z,20,0.298379,hgb-jan-eval-train-before-20260101,false
2,2026-01-11T19:00:00Z,2026-01-11T12:00:00Z,2026-01-12T16:00:00Z,21,0.648308,hgb-jan-eval-train-before-20260101,false
2,2026-01-11T19:00:00Z,2026-01-11T12:00:00Z,2026-01-12T17:00:00Z,22,0.776670,hgb-jan-eval-train-before-20260101,false
2,2026-01-11T19:00:00Z,2026-01-11T12:00:00Z,2026-01-12T18:00:00Z,23,0.545119,hgb-jan-eval-train-before-20260101,false
2,2026-01-11T19:00:00Z,2026-01-11T12:00:00Z,2026-01-12T19:00:00Z,24,0.163871,hgb-jan-eval-train-before-20260101,false
2,2026-01-11T19:00:00Z,2026-01-11T12:00:00Z,2026-01-12T20:00:00Z,25,0.106535,hgb-jan-eval-train-before-20260101,false
2,2026-01-11T19:00:00Z,2026-01-11T12:00:00Z,2026-01-12T21:00:00Z,26,0.065920,hgb-jan-eval-train-before-20260101,false
2,2026-01-11T19:00:00Z,2026-01-11T12:00:00Z,2026-01-12T22:00:00Z,27,0.072942,hgb-jan-eval-train-before-20260101,false
2,2026-01-11T19:00:00Z,2026-01-11T12:00:00Z,2026-01-12T23:00:00Z,28,0.063638,hgb-jan-eval-train-before-20260101,false
2,2026-01-11T19:00:00Z,2026-01-11T12:00:00Z,2026-01-13T00:00:00Z,29,0.064304,hgb-jan-eval-train-before-20260101,false
2,2026-01-11T19:00:00Z,2026-01-11T12:00:00Z,2026-01-13T01:00:00Z,30,0.037145,hgb-jan-eval-train-before-20260101,false
2,2026-01-11T19:00:00Z,2026-01-11T12:00:00Z,2026-01-13T02:00:00Z,31,0.010420,hgb-jan-eval-train-before-20260101,false
2,2026-01-11T19:00:00Z,2026-01-11T12:00:00Z,2026-01-13T03:00:00Z,32,0.032019,hgb-jan-eval-train-before-20260101,false
2,2026-01-11T19:00:00Z,2026-01-11T12:00:00Z,2026-01-13T04:00:00Z,33,0.038551,hgb-jan-eval-train-before-20260101,false
2,2026-01-11T19:00:00Z,2026-01-11T12:00:00Z,2026-01-13T05:00:00Z,34,0.076920,hgb-jan-eval-train-before-20260101,false
2,2026-01-11T19:00:00Z,2026-01-11T12:00:00Z,2026-01-13T06:00:00Z,35,0.129831,hgb-jan-eval-train-before-20260101,false
2,2026-01-11T19:00:00Z,2026-01-11T12:00:00Z,2026-01-13T07:00:00Z,36,0.242636,hgb-jan-eval-train-before-20260101,false
2,2026-01-11T19:00:00Z,2026-01-11T12:00:00Z,2026-01-13T08:00:00Z,37,0.408744,hgb-jan-eval-train-before-20260101,false
2,2026-01-11T19:00:00Z,2026-01-11T12:00:00Z,2026-01-13T09:00:00Z,38,0.512094,hgb-jan-eval-train-before-20260101,false
2,2026-01-11T19:00:00Z,2026-01-11T12:00:00Z,2026-01-13T10:00:00Z,39,0.593902,hgb-jan-eval-train-before-20260101,false
2,2026-01-11T19:00:00Z,2026-01-11T12:00:00Z,2026-01-13T11:00:00Z,40,0.673447,hgb-jan-eval-train-before-20260101,false
2,2026-01-11T19:00:00Z,2026-01-11T12:00:00Z,2026-01-13T12:00:00Z,41,0.645772,hgb-jan-eval-train-before-20260101,false
2,2026-01-11T19:00:00Z,2026-01-11T12:00:00Z,2026-01-13T13:00:00Z,42,0.662539,hgb-jan-eval-train-before-20260101,false
2,2026-01-11T19:00:00Z,2026-01-11T12:00:00Z,2026-01-13T14:00:00Z,43,0.719051,hgb-jan-eval-train-before-20260101,false
2,2026-01-11T19:00:00Z,2026-01-11T12:00:00Z,2026-01-13T15:00:00Z,44,0.654111,hgb-jan-eval-train-before-20260101,false
2,2026-01-11T19:00:00Z,2026-01-11T12:00:00Z,2026-01-13T16:00:00Z,45,0.582106,hgb-jan-eval-train-before-20260101,false
2,2026-01-11T19:00:00Z,2026-01-11T12:00:00Z,2026-01-13T17:00:00Z,46,0.440908,hgb-jan-eval-train-before-20260101,false
2,2026-01-11T19:00:00Z,2026-01-11T12:00:00Z,2026-01-13T18:00:00Z,47,0.368314,hgb-jan-eval-train-before-20260101,false
2,2026-01-11T19:00:00Z,2026-01-11T12:00:00Z,2026-01-13T19:00:00Z,48,0.387713,hgb-jan-eval-train-before-20260101,false
1,2026-01-12T19:00:00Z,2026-01-12T12:00:00Z,2026-01-12T20:00:00Z,1,0.110883,hgb-jan-eval-train-before-20260101,false
1,2026-01-12T19:00:00Z,2026-01-12T12:00:00Z,2026-01-12T21:00:00Z,2,0.120328,hgb-jan-eval-train-before-20260101,false
1,2026-01-12T19:00:00Z,2026-01-12T12:00:00Z,2026-01-12T22:00:00Z,3,0.120938,hgb-jan-eval-train-before-20260101,false
1,2026-01-12T19:00:00Z,2026-01-12T12:00:00Z,2026-01-12T23:00:00Z,4,0.070536,hgb-jan-eval-train-before-20260101,false
1,2026-01-12T19:00:00Z,2026-01-12T12:00:00Z,2026-01-13T00:00:00Z,5,0.051752,hgb-jan-eval-train-before-20260101,false
1,2026-01-12T19:00:00Z,2026-01-12T12:00:00Z,2026-01-13T01:00:00Z,6,0.043817,hgb-jan-eval-train-before-20260101,false
1,2026-01-12T19:00:00Z,2026-01-12T12:00:00Z,2026-01-13T02:00:00Z,7,0.041619,hgb-jan-eval-train-before-20260101,false
1,2026-01-12T19:00:00Z,2026-01-12T12:00:00Z,2026-01-13T03:00:00Z,8,0.054081,hgb-jan-eval-train-before-20260101,false
1,2026-01-12T19:00:00Z,2026-01-12T12:00:00Z,2026-01-13T04:00:00Z,9,0.074563,hgb-jan-eval-train-before-20260101,false
1,2026-01-12T19:00:00Z,2026-01-12T12:00:00Z,2026-01-13T05:00:00Z,10,0.141297,hgb-jan-eval-train-before-20260101,false
1,2026-01-12T19:00:00Z,2026-01-12T12:00:00Z,2026-01-13T06:00:00Z,11,0.227423,hgb-jan-eval-train-before-20260101,false
1,2026-01-12T19:00:00Z,2026-01-12T12:00:00Z,2026-01-13T07:00:00Z,12,0.377514,hgb-jan-eval-train-before-20260101,false
1,2026-01-12T19:00:00Z,2026-01-12T12:00:00Z,2026-01-13T08:00:00Z,13,0.419642,hgb-jan-eval-train-before-20260101,false
1,2026-01-12T19:00:00Z,2026-01-12T12:00:00Z,2026-01-13T09:00:00Z,14,0.586705,hgb-jan-eval-train-before-20260101,false
1,2026-01-12T19:00:00Z,2026-01-12T12:00:00Z,2026-01-13T10:00:00Z,15,0.686326,hgb-jan-eval-train-before-20260101,false
1,2026-01-12T19:00:00Z,2026-01-12T12:00:00Z,2026-01-13T11:00:00Z,16,0.768054,hgb-jan-eval-train-before-20260101,false
1,2026-01-12T19:00:00Z,2026-01-12T12:00:00Z,2026-01-13T12:00:00Z,17,0.753606,hgb-jan-eval-train-before-20260101,false
1,2026-01-12T19:00:00Z,2026-01-12T12:00:00Z,2026-01-13T13:00:00Z,18,0.808353,hgb-jan-eval-train-before-20260101,false
1,2026-01-12T19:00:00Z,2026-01-12T12:00:00Z,2026-01-13T14:00:00Z,19,0.880887,hgb-jan-eval-train-before-20260101,false
1,2026-01-12T19:00:00Z,2026-01-12T12:00:00Z,2026-01-13T15:00:00Z,20,0.812584,hgb-jan-eval-train-before-20260101,false
1,2026-01-12T19:00:00Z,2026-01-12T12:00:00Z,2026-01-13T16:00:00Z,21,0.716438,hgb-jan-eval-train-before-20260101,false
1,2026-01-12T19:00:00Z,2026-01-12T12:00:00Z,2026-01-13T17:00:00Z,22,0.632728,hgb-jan-eval-train-before-20260101,false
1,2026-01-12T19:00:00Z,2026-01-12T12:00:00Z,2026-01-13T18:00:00Z,23,0.427496,hgb-jan-eval-train-before-20260101,false
1,2026-01-12T19:00:00Z,2026-01-12T12:00:00Z,2026-01-13T19:00:00Z,24,0.391909,hgb-jan-eval-train-before-20260101,false
1,2026-01-12T19:00:00Z,2026-01-12T12:00:00Z,2026-01-13T20:00:00Z,25,0.311776,hgb-jan-eval-train-before-20260101,false
1,2026-01-12T19:00:00Z,2026-01-12T12:00:00Z,2026-01-13T21:00:00Z,26,0.176495,hgb-jan-eval-train-before-20260101,false
1,2026-01-12T19:00:00Z,2026-01-12T12:00:00Z,2026-01-13T22:00:00Z,27,0.112670,hgb-jan-eval-train-before-20260101,false
1,2026-01-12T19:00:00Z,2026-01-12T12:00:00Z,2026-01-13T23:00:00Z,28,0.085357,hgb-jan-eval-train-before-20260101,false
1,2026-01-12T19:00:00Z,2026-01-12T12:00:00Z,2026-01-14T00:00:00Z,29,0.084277,hgb-jan-eval-train-before-20260101,false
1,2026-01-12T19:00:00Z,2026-01-12T12:00:00Z,2026-01-14T01:00:00Z,30,0.067969,hgb-jan-eval-train-before-20260101,false
1,2026-01-12T19:00:00Z,2026-01-12T12:00:00Z,2026-01-14T02:00:00Z,31,0.038538,hgb-jan-eval-train-before-20260101,false
1,2026-01-12T19:00:00Z,2026-01-12T12:00:00Z,2026-01-14T03:00:00Z,32,0.034644,hgb-jan-eval-train-before-20260101,false
1,2026-01-12T19:00:00Z,2026-01-12T12:00:00Z,2026-01-14T04:00:00Z,33,0.049543,hgb-jan-eval-train-before-20260101,false
1,2026-01-12T19:00:00Z,2026-01-12T12:00:00Z,2026-01-14T05:00:00Z,34,0.040474,hgb-jan-eval-train-before-20260101,false
1,2026-01-12T19:00:00Z,2026-01-12T12:00:00Z,2026-01-14T06:00:00Z,35,0.051986,hgb-jan-eval-train-before-20260101,false
1,2026-01-12T19:00:00Z,2026-01-12T12:00:00Z,2026-01-14T07:00:00Z,36,0.051855,hgb-jan-eval-train-before-20260101,false
1,2026-01-12T19:00:00Z,2026-01-12T12:00:00Z,2026-01-14T08:00:00Z,37,0.069026,hgb-jan-eval-train-before-20260101,false
1,2026-01-12T19:00:00Z,2026-01-12T12:00:00Z,2026-01-14T09:00:00Z,38,0.111138,hgb-jan-eval-train-before-20260101,false
1,2026-01-12T19:00:00Z,2026-01-12T12:00:00Z,2026-01-14T10:00:00Z,39,0.159522,hgb-jan-eval-train-before-20260101,false
1,2026-01-12T19:00:00Z,2026-01-12T12:00:00Z,2026-01-14T11:00:00Z,40,0.228955,hgb-jan-eval-train-before-20260101,false
1,2026-01-12T19:00:00Z,2026-01-12T12:00:00Z,2026-01-14T12:00:00Z,41,0.295411,hgb-jan-eval-train-before-20260101,false
1,2026-01-12T19:00:00Z,2026-01-12T12:00:00Z,2026-01-14T13:00:00Z,42,0.355251,hgb-jan-eval-train-before-20260101,false
1,2026-01-12T19:00:00Z,2026-01-12T12:00:00Z,2026-01-14T14:00:00Z,43,0.360587,hgb-jan-eval-train-before-20260101,false
1,2026-01-12T19:00:00Z,2026-01-12T12:00:00Z,2026-01-14T15:00:00Z,44,0.365870,hgb-jan-eval-train-before-20260101,false
1,2026-01-12T19:00:00Z,2026-01-12T12:00:00Z,2026-01-14T16:00:00Z,45,0.393040,hgb-jan-eval-train-before-20260101,false
1,2026-01-12T19:00:00Z,2026-01-12T12:00:00Z,2026-01-14T17:00:00Z,46,0.375748,hgb-jan-eval-train-before-20260101,false
1,2026-01-12T19:00:00Z,2026-01-12T12:00:00Z,2026-01-14T18:00:00Z,47,0.359607,hgb-jan-eval-train-before-20260101,false
1,2026-01-12T19:00:00Z,2026-01-12T12:00:00Z,2026-01-14T19:00:00Z,48,0.289579,hgb-jan-eval-train-before-20260101,false
2,2026-01-12T19:00:00Z,2026-01-12T12:00:00Z,2026-01-12T20:00:00Z,1,0.110883,hgb-jan-eval-train-before-20260101,false
2,2026-01-12T19:00:00Z,2026-01-12T12:00:00Z,2026-01-12T21:00:00Z,2,0.120328,hgb-jan-eval-train-before-20260101,false
2,2026-01-12T19:00:00Z,2026-01-12T12:00:00Z,2026-01-12T22:00:00Z,3,0.120938,hgb-jan-eval-train-before-20260101,false
2,2026-01-12T19:00:00Z,2026-01-12T12:00:00Z,2026-01-12T23:00:00Z,4,0.070536,hgb-jan-eval-train-before-20260101,false
2,2026-01-12T19:00:00Z,2026-01-12T12:00:00Z,2026-01-13T00:00:00Z,5,0.051752,hgb-jan-eval-train-before-20260101,false
2,2026-01-12T19:00:00Z,2026-01-12T12:00:00Z,2026-01-13T01:00:00Z,6,0.043817,hgb-jan-eval-train-before-20260101,false
2,2026-01-12T19:00:00Z,2026-01-12T12:00:00Z,2026-01-13T02:00:00Z,7,0.041619,hgb-jan-eval-train-before-20260101,false
2,2026-01-12T19:00:00Z,2026-01-12T12:00:00Z,2026-01-13T03:00:00Z,8,0.054081,hgb-jan-eval-train-before-20260101,false
2,2026-01-12T19:00:00Z,2026-01-12T12:00:00Z,2026-01-13T04:00:00Z,9,0.074563,hgb-jan-eval-train-before-20260101,false
2,2026-01-12T19:00:00Z,2026-01-12T12:00:00Z,2026-01-13T05:00:00Z,10,0.141297,hgb-jan-eval-train-before-20260101,false
2,2026-01-12T19:00:00Z,2026-01-12T12:00:00Z,2026-01-13T06:00:00Z,11,0.227423,hgb-jan-eval-train-before-20260101,false
2,2026-01-12T19:00:00Z,2026-01-12T12:00:00Z,2026-01-13T07:00:00Z,12,0.377514,hgb-jan-eval-train-before-20260101,false
2,2026-01-12T19:00:00Z,2026-01-12T12:00:00Z,2026-01-13T08:00:00Z,13,0.419642,hgb-jan-eval-train-before-20260101,false
2,2026-01-12T19:00:00Z,2026-01-12T12:00:00Z,2026-01-13T09:00:00Z,14,0.586705,hgb-jan-eval-train-before-20260101,false
2,2026-01-12T19:00:00Z,2026-01-12T12:00:00Z,2026-01-13T10:00:00Z,15,0.686326,hgb-jan-eval-train-before-20260101,false
2,2026-01-12T19:00:00Z,2026-01-12T12:00:00Z,2026-01-13T11:00:00Z,16,0.768054,hgb-jan-eval-train-before-20260101,false
2,2026-01-12T19:00:00Z,2026-01-12T12:00:00Z,2026-01-13T12:00:00Z,17,0.753606,hgb-jan-eval-train-before-20260101,false
2,2026-01-12T19:00:00Z,2026-01-12T12:00:00Z,2026-01-13T13:00:00Z,18,0.808353,hgb-jan-eval-train-before-20260101,false
2,2026-01-12T19:00:00Z,2026-01-12T12:00:00Z,2026-01-13T14:00:00Z,19,0.880887,hgb-jan-eval-train-before-20260101,false
2,2026-01-12T19:00:00Z,2026-01-12T12:00:00Z,2026-01-13T15:00:00Z,20,0.812584,hgb-jan-eval-train-before-20260101,false
2,2026-01-12T19:00:00Z,2026-01-12T12:00:00Z,2026-01-13T16:00:00Z,21,0.716438,hgb-jan-eval-train-before-20260101,false
2,2026-01-12T19:00:00Z,2026-01-12T12:00:00Z,2026-01-13T17:00:00Z,22,0.632728,hgb-jan-eval-train-before-20260101,false
2,2026-01-12T19:00:00Z,2026-01-12T12:00:00Z,2026-01-13T18:00:00Z,23,0.427496,hgb-jan-eval-train-before-20260101,false
2,2026-01-12T19:00:00Z,2026-01-12T12:00:00Z,2026-01-13T19:00:00Z,24,0.391909,hgb-jan-eval-train-before-20260101,false
2,2026-01-12T19:00:00Z,2026-01-12T12:00:00Z,2026-01-13T20:00:00Z,25,0.311776,hgb-jan-eval-train-before-20260101,false
2,2026-01-12T19:00:00Z,2026-01-12T12:00:00Z,2026-01-13T21:00:00Z,26,0.176495,hgb-jan-eval-train-before-20260101,false
2,2026-01-12T19:00:00Z,2026-01-12T12:00:00Z,2026-01-13T22:00:00Z,27,0.112670,hgb-jan-eval-train-before-20260101,false
2,2026-01-12T19:00:00Z,2026-01-12T12:00:00Z,2026-01-13T23:00:00Z,28,0.085357,hgb-jan-eval-train-before-20260101,false
2,2026-01-12T19:00:00Z,2026-01-12T12:00:00Z,2026-01-14T00:00:00Z,29,0.084277,hgb-jan-eval-train-before-20260101,false
2,2026-01-12T19:00:00Z,2026-01-12T12:00:00Z,2026-01-14T01:00:00Z,30,0.067969,hgb-jan-eval-train-before-20260101,false
2,2026-01-12T19:00:00Z,2026-01-12T12:00:00Z,2026-01-14T02:00:00Z,31,0.038538,hgb-jan-eval-train-before-20260101,false
2,2026-01-12T19:00:00Z,2026-01-12T12:00:00Z,2026-01-14T03:00:00Z,32,0.034644,hgb-jan-eval-train-before-20260101,false
2,2026-01-12T19:00:00Z,2026-01-12T12:00:00Z,2026-01-14T04:00:00Z,33,0.049543,hgb-jan-eval-train-before-20260101,false
2,2026-01-12T19:00:00Z,2026-01-12T12:00:00Z,2026-01-14T05:00:00Z,34,0.040474,hgb-jan-eval-train-before-20260101,false
2,2026-01-12T19:00:00Z,2026-01-12T12:00:00Z,2026-01-14T06:00:00Z,35,0.051986,hgb-jan-eval-train-before-20260101,false
2,2026-01-12T19:00:00Z,2026-01-12T12:00:00Z,2026-01-14T07:00:00Z,36,0.051855,hgb-jan-eval-train-before-20260101,false
2,2026-01-12T19:00:00Z,2026-01-12T12:00:00Z,2026-01-14T08:00:00Z,37,0.069026,hgb-jan-eval-train-before-20260101,false
2,2026-01-12T19:00:00Z,2026-01-12T12:00:00Z,2026-01-14T09:00:00Z,38,0.111138,hgb-jan-eval-train-before-20260101,false
2,2026-01-12T19:00:00Z,2026-01-12T12:00:00Z,2026-01-14T10:00:00Z,39,0.159522,hgb-jan-eval-train-before-20260101,false
2,2026-01-12T19:00:00Z,2026-01-12T12:00:00Z,2026-01-14T11:00:00Z,40,0.228955,hgb-jan-eval-train-before-20260101,false
2,2026-01-12T19:00:00Z,2026-01-12T12:00:00Z,2026-01-14T12:00:00Z,41,0.295411,hgb-jan-eval-train-before-20260101,false
2,2026-01-12T19:00:00Z,2026-01-12T12:00:00Z,2026-01-14T13:00:00Z,42,0.355251,hgb-jan-eval-train-before-20260101,false
2,2026-01-12T19:00:00Z,2026-01-12T12:00:00Z,2026-01-14T14:00:00Z,43,0.360587,hgb-jan-eval-train-before-20260101,false
2,2026-01-12T19:00:00Z,2026-01-12T12:00:00Z,2026-01-14T15:00:00Z,44,0.365870,hgb-jan-eval-train-before-20260101,false
2,2026-01-12T19:00:00Z,2026-01-12T12:00:00Z,2026-01-14T16:00:00Z,45,0.393040,hgb-jan-eval-train-before-20260101,false
2,2026-01-12T19:00:00Z,2026-01-12T12:00:00Z,2026-01-14T17:00:00Z,46,0.375748,hgb-jan-eval-train-before-20260101,false
2,2026-01-12T19:00:00Z,2026-01-12T12:00:00Z,2026-01-14T18:00:00Z,47,0.359607,hgb-jan-eval-train-before-20260101,false
2,2026-01-12T19:00:00Z,2026-01-12T12:00:00Z,2026-01-14T19:00:00Z,48,0.289579,hgb-jan-eval-train-before-20260101,false
1,2026-01-13T19:00:00Z,2026-01-13T12:00:00Z,2026-01-13T20:00:00Z,1,0.341223,hgb-jan-eval-train-before-20260101,false
1,2026-01-13T19:00:00Z,2026-01-13T12:00:00Z,2026-01-13T21:00:00Z,2,0.294549,hgb-jan-eval-train-before-20260101,false
1,2026-01-13T19:00:00Z,2026-01-13T12:00:00Z,2026-01-13T22:00:00Z,3,0.328226,hgb-jan-eval-train-before-20260101,false
1,2026-01-13T19:00:00Z,2026-01-13T12:00:00Z,2026-01-13T23:00:00Z,4,0.150017,hgb-jan-eval-train-before-20260101,false
1,2026-01-13T19:00:00Z,2026-01-13T12:00:00Z,2026-01-14T00:00:00Z,5,0.149201,hgb-jan-eval-train-before-20260101,false
1,2026-01-13T19:00:00Z,2026-01-13T12:00:00Z,2026-01-14T01:00:00Z,6,0.152644,hgb-jan-eval-train-before-20260101,false
1,2026-01-13T19:00:00Z,2026-01-13T12:00:00Z,2026-01-14T02:00:00Z,7,0.074789,hgb-jan-eval-train-before-20260101,false
1,2026-01-13T19:00:00Z,2026-01-13T12:00:00Z,2026-01-14T03:00:00Z,8,0.033132,hgb-jan-eval-train-before-20260101,false
1,2026-01-13T19:00:00Z,2026-01-13T12:00:00Z,2026-01-14T04:00:00Z,9,0.040103,hgb-jan-eval-train-before-20260101,false
1,2026-01-13T19:00:00Z,2026-01-13T12:00:00Z,2026-01-14T05:00:00Z,10,0.010750,hgb-jan-eval-train-before-20260101,false
1,2026-01-13T19:00:00Z,2026-01-13T12:00:00Z,2026-01-14T06:00:00Z,11,0.037530,hgb-jan-eval-train-before-20260101,false
1,2026-01-13T19:00:00Z,2026-01-13T12:00:00Z,2026-01-14T07:00:00Z,12,0.032030,hgb-jan-eval-train-before-20260101,false
1,2026-01-13T19:00:00Z,2026-01-13T12:00:00Z,2026-01-14T08:00:00Z,13,0.064978,hgb-jan-eval-train-before-20260101,false
1,2026-01-13T19:00:00Z,2026-01-13T12:00:00Z,2026-01-14T09:00:00Z,14,0.157389,hgb-jan-eval-train-before-20260101,false
1,2026-01-13T19:00:00Z,2026-01-13T12:00:00Z,2026-01-14T10:00:00Z,15,0.162193,hgb-jan-eval-train-before-20260101,false
1,2026-01-13T19:00:00Z,2026-01-13T12:00:00Z,2026-01-14T11:00:00Z,16,0.173709,hgb-jan-eval-train-before-20260101,false
1,2026-01-13T19:00:00Z,2026-01-13T12:00:00Z,2026-01-14T12:00:00Z,17,0.155496,hgb-jan-eval-train-before-20260101,false
1,2026-01-13T19:00:00Z,2026-01-13T12:00:00Z,2026-01-14T13:00:00Z,18,0.276592,hgb-jan-eval-train-before-20260101,false
1,2026-01-13T19:00:00Z,2026-01-13T12:00:00Z,2026-01-14T14:00:00Z,19,0.381034,hgb-jan-eval-train-before-20260101,false
1,2026-01-13T19:00:00Z,2026-01-13T12:00:00Z,2026-01-14T15:00:00Z,20,0.383463,hgb-jan-eval-train-before-20260101,false
1,2026-01-13T19:00:00Z,2026-01-13T12:00:00Z,2026-01-14T16:00:00Z,21,0.372014,hgb-jan-eval-train-before-20260101,false
1,2026-01-13T19:00:00Z,2026-01-13T12:00:00Z,2026-01-14T17:00:00Z,22,0.372604,hgb-jan-eval-train-before-20260101,false
1,2026-01-13T19:00:00Z,2026-01-13T12:00:00Z,2026-01-14T18:00:00Z,23,0.312544,hgb-jan-eval-train-before-20260101,false
1,2026-01-13T19:00:00Z,2026-01-13T12:00:00Z,2026-01-14T19:00:00Z,24,0.193811,hgb-jan-eval-train-before-20260101,false
1,2026-01-13T19:00:00Z,2026-01-13T12:00:00Z,2026-01-14T20:00:00Z,25,0.187441,hgb-jan-eval-train-before-20260101,false
1,2026-01-13T19:00:00Z,2026-01-13T12:00:00Z,2026-01-14T21:00:00Z,26,0.136856,hgb-jan-eval-train-before-20260101,false
1,2026-01-13T19:00:00Z,2026-01-13T12:00:00Z,2026-01-14T22:00:00Z,27,0.075298,hgb-jan-eval-train-before-20260101,false
1,2026-01-13T19:00:00Z,2026-01-13T12:00:00Z,2026-01-14T23:00:00Z,28,0.058922,hgb-jan-eval-train-before-20260101,false
1,2026-01-13T19:00:00Z,2026-01-13T12:00:00Z,2026-01-15T00:00:00Z,29,0.046126,hgb-jan-eval-train-before-20260101,false
1,2026-01-13T19:00:00Z,2026-01-13T12:00:00Z,2026-01-15T01:00:00Z,30,0.032748,hgb-jan-eval-train-before-20260101,false
1,2026-01-13T19:00:00Z,2026-01-13T12:00:00Z,2026-01-15T02:00:00Z,31,0.030675,hgb-jan-eval-train-before-20260101,false
1,2026-01-13T19:00:00Z,2026-01-13T12:00:00Z,2026-01-15T03:00:00Z,32,0.031910,hgb-jan-eval-train-before-20260101,false
1,2026-01-13T19:00:00Z,2026-01-13T12:00:00Z,2026-01-15T04:00:00Z,33,0.000000,hgb-jan-eval-train-before-20260101,false
1,2026-01-13T19:00:00Z,2026-01-13T12:00:00Z,2026-01-15T05:00:00Z,34,0.000000,hgb-jan-eval-train-before-20260101,false
1,2026-01-13T19:00:00Z,2026-01-13T12:00:00Z,2026-01-15T06:00:00Z,35,0.005191,hgb-jan-eval-train-before-20260101,false
1,2026-01-13T19:00:00Z,2026-01-13T12:00:00Z,2026-01-15T07:00:00Z,36,0.013884,hgb-jan-eval-train-before-20260101,false
1,2026-01-13T19:00:00Z,2026-01-13T12:00:00Z,2026-01-15T08:00:00Z,37,0.011719,hgb-jan-eval-train-before-20260101,false
1,2026-01-13T19:00:00Z,2026-01-13T12:00:00Z,2026-01-15T09:00:00Z,38,0.037188,hgb-jan-eval-train-before-20260101,false
1,2026-01-13T19:00:00Z,2026-01-13T12:00:00Z,2026-01-15T10:00:00Z,39,0.038575,hgb-jan-eval-train-before-20260101,false
1,2026-01-13T19:00:00Z,2026-01-13T12:00:00Z,2026-01-15T11:00:00Z,40,0.052555,hgb-jan-eval-train-before-20260101,false
1,2026-01-13T19:00:00Z,2026-01-13T12:00:00Z,2026-01-15T12:00:00Z,41,0.044278,hgb-jan-eval-train-before-20260101,false
1,2026-01-13T19:00:00Z,2026-01-13T12:00:00Z,2026-01-15T13:00:00Z,42,0.095162,hgb-jan-eval-train-before-20260101,false
1,2026-01-13T19:00:00Z,2026-01-13T12:00:00Z,2026-01-15T14:00:00Z,43,0.053797,hgb-jan-eval-train-before-20260101,false
1,2026-01-13T19:00:00Z,2026-01-13T12:00:00Z,2026-01-15T15:00:00Z,44,0.040795,hgb-jan-eval-train-before-20260101,false
1,2026-01-13T19:00:00Z,2026-01-13T12:00:00Z,2026-01-15T16:00:00Z,45,0.032692,hgb-jan-eval-train-before-20260101,false
1,2026-01-13T19:00:00Z,2026-01-13T12:00:00Z,2026-01-15T17:00:00Z,46,0.042979,hgb-jan-eval-train-before-20260101,false
1,2026-01-13T19:00:00Z,2026-01-13T12:00:00Z,2026-01-15T18:00:00Z,47,0.040165,hgb-jan-eval-train-before-20260101,false
1,2026-01-13T19:00:00Z,2026-01-13T12:00:00Z,2026-01-15T19:00:00Z,48,0.022844,hgb-jan-eval-train-before-20260101,false
2,2026-01-13T19:00:00Z,2026-01-13T12:00:00Z,2026-01-13T20:00:00Z,1,0.341223,hgb-jan-eval-train-before-20260101,false
2,2026-01-13T19:00:00Z,2026-01-13T12:00:00Z,2026-01-13T21:00:00Z,2,0.294549,hgb-jan-eval-train-before-20260101,false
2,2026-01-13T19:00:00Z,2026-01-13T12:00:00Z,2026-01-13T22:00:00Z,3,0.328226,hgb-jan-eval-train-before-20260101,false
2,2026-01-13T19:00:00Z,2026-01-13T12:00:00Z,2026-01-13T23:00:00Z,4,0.150017,hgb-jan-eval-train-before-20260101,false
2,2026-01-13T19:00:00Z,2026-01-13T12:00:00Z,2026-01-14T00:00:00Z,5,0.149201,hgb-jan-eval-train-before-20260101,false
2,2026-01-13T19:00:00Z,2026-01-13T12:00:00Z,2026-01-14T01:00:00Z,6,0.152644,hgb-jan-eval-train-before-20260101,false
2,2026-01-13T19:00:00Z,2026-01-13T12:00:00Z,2026-01-14T02:00:00Z,7,0.074789,hgb-jan-eval-train-before-20260101,false
2,2026-01-13T19:00:00Z,2026-01-13T12:00:00Z,2026-01-14T03:00:00Z,8,0.033132,hgb-jan-eval-train-before-20260101,false
2,2026-01-13T19:00:00Z,2026-01-13T12:00:00Z,2026-01-14T04:00:00Z,9,0.040103,hgb-jan-eval-train-before-20260101,false
2,2026-01-13T19:00:00Z,2026-01-13T12:00:00Z,2026-01-14T05:00:00Z,10,0.010750,hgb-jan-eval-train-before-20260101,false
2,2026-01-13T19:00:00Z,2026-01-13T12:00:00Z,2026-01-14T06:00:00Z,11,0.037530,hgb-jan-eval-train-before-20260101,false
2,2026-01-13T19:00:00Z,2026-01-13T12:00:00Z,2026-01-14T07:00:00Z,12,0.032030,hgb-jan-eval-train-before-20260101,false
2,2026-01-13T19:00:00Z,2026-01-13T12:00:00Z,2026-01-14T08:00:00Z,13,0.064978,hgb-jan-eval-train-before-20260101,false
2,2026-01-13T19:00:00Z,2026-01-13T12:00:00Z,2026-01-14T09:00:00Z,14,0.157389,hgb-jan-eval-train-before-20260101,false
2,2026-01-13T19:00:00Z,2026-01-13T12:00:00Z,2026-01-14T10:00:00Z,15,0.162193,hgb-jan-eval-train-before-20260101,false
2,2026-01-13T19:00:00Z,2026-01-13T12:00:00Z,2026-01-14T11:00:00Z,16,0.173709,hgb-jan-eval-train-before-20260101,false
2,2026-01-13T19:00:00Z,2026-01-13T12:00:00Z,2026-01-14T12:00:00Z,17,0.155496,hgb-jan-eval-train-before-20260101,false
2,2026-01-13T19:00:00Z,2026-01-13T12:00:00Z,2026-01-14T13:00:00Z,18,0.276592,hgb-jan-eval-train-before-20260101,false
2,2026-01-13T19:00:00Z,2026-01-13T12:00:00Z,2026-01-14T14:00:00Z,19,0.381034,hgb-jan-eval-train-before-20260101,false
2,2026-01-13T19:00:00Z,2026-01-13T12:00:00Z,2026-01-14T15:00:00Z,20,0.383463,hgb-jan-eval-train-before-20260101,false
2,2026-01-13T19:00:00Z,2026-01-13T12:00:00Z,2026-01-14T16:00:00Z,21,0.372014,hgb-jan-eval-train-before-20260101,false
2,2026-01-13T19:00:00Z,2026-01-13T12:00:00Z,2026-01-14T17:00:00Z,22,0.372604,hgb-jan-eval-train-before-20260101,false
2,2026-01-13T19:00:00Z,2026-01-13T12:00:00Z,2026-01-14T18:00:00Z,23,0.312544,hgb-jan-eval-train-before-20260101,false
2,2026-01-13T19:00:00Z,2026-01-13T12:00:00Z,2026-01-14T19:00:00Z,24,0.193811,hgb-jan-eval-train-before-20260101,false
2,2026-01-13T19:00:00Z,2026-01-13T12:00:00Z,2026-01-14T20:00:00Z,25,0.187441,hgb-jan-eval-train-before-20260101,false
2,2026-01-13T19:00:00Z,2026-01-13T12:00:00Z,2026-01-14T21:00:00Z,26,0.136856,hgb-jan-eval-train-before-20260101,false
2,2026-01-13T19:00:00Z,2026-01-13T12:00:00Z,2026-01-14T22:00:00Z,27,0.075298,hgb-jan-eval-train-before-20260101,false
2,2026-01-13T19:00:00Z,2026-01-13T12:00:00Z,2026-01-14T23:00:00Z,28,0.058922,hgb-jan-eval-train-before-20260101,false
2,2026-01-13T19:00:00Z,2026-01-13T12:00:00Z,2026-01-15T00:00:00Z,29,0.046126,hgb-jan-eval-train-before-20260101,false
2,2026-01-13T19:00:00Z,2026-01-13T12:00:00Z,2026-01-15T01:00:00Z,30,0.032748,hgb-jan-eval-train-before-20260101,false
2,2026-01-13T19:00:00Z,2026-01-13T12:00:00Z,2026-01-15T02:00:00Z,31,0.030675,hgb-jan-eval-train-before-20260101,false
2,2026-01-13T19:00:00Z,2026-01-13T12:00:00Z,2026-01-15T03:00:00Z,32,0.031910,hgb-jan-eval-train-before-20260101,false
2,2026-01-13T19:00:00Z,2026-01-13T12:00:00Z,2026-01-15T04:00:00Z,33,0.000000,hgb-jan-eval-train-before-20260101,false
2,2026-01-13T19:00:00Z,2026-01-13T12:00:00Z,2026-01-15T05:00:00Z,34,0.000000,hgb-jan-eval-train-before-20260101,false
2,2026-01-13T19:00:00Z,2026-01-13T12:00:00Z,2026-01-15T06:00:00Z,35,0.005191,hgb-jan-eval-train-before-20260101,false
2,2026-01-13T19:00:00Z,2026-01-13T12:00:00Z,2026-01-15T07:00:00Z,36,0.013884,hgb-jan-eval-train-before-20260101,false
2,2026-01-13T19:00:00Z,2026-01-13T12:00:00Z,2026-01-15T08:00:00Z,37,0.011719,hgb-jan-eval-train-before-20260101,false
2,2026-01-13T19:00:00Z,2026-01-13T12:00:00Z,2026-01-15T09:00:00Z,38,0.037188,hgb-jan-eval-train-before-20260101,false
2,2026-01-13T19:00:00Z,2026-01-13T12:00:00Z,2026-01-15T10:00:00Z,39,0.038575,hgb-jan-eval-train-before-20260101,false
2,2026-01-13T19:00:00Z,2026-01-13T12:00:00Z,2026-01-15T11:00:00Z,40,0.052555,hgb-jan-eval-train-before-20260101,false
2,2026-01-13T19:00:00Z,2026-01-13T12:00:00Z,2026-01-15T12:00:00Z,41,0.044278,hgb-jan-eval-train-before-20260101,false
2,2026-01-13T19:00:00Z,2026-01-13T12:00:00Z,2026-01-15T13:00:00Z,42,0.095162,hgb-jan-eval-train-before-20260101,false
2,2026-01-13T19:00:00Z,2026-01-13T12:00:00Z,2026-01-15T14:00:00Z,43,0.053797,hgb-jan-eval-train-before-20260101,false
2,2026-01-13T19:00:00Z,2026-01-13T12:00:00Z,2026-01-15T15:00:00Z,44,0.040795,hgb-jan-eval-train-before-20260101,false
2,2026-01-13T19:00:00Z,2026-01-13T12:00:00Z,2026-01-15T16:00:00Z,45,0.032692,hgb-jan-eval-train-before-20260101,false
2,2026-01-13T19:00:00Z,2026-01-13T12:00:00Z,2026-01-15T17:00:00Z,46,0.042979,hgb-jan-eval-train-before-20260101,false
2,2026-01-13T19:00:00Z,2026-01-13T12:00:00Z,2026-01-15T18:00:00Z,47,0.040165,hgb-jan-eval-train-before-20260101,false
2,2026-01-13T19:00:00Z,2026-01-13T12:00:00Z,2026-01-15T19:00:00Z,48,0.022844,hgb-jan-eval-train-before-20260101,false
1,2026-01-14T19:00:00Z,2026-01-14T12:00:00Z,2026-01-14T20:00:00Z,1,0.196798,hgb-jan-eval-train-before-20260101,false
1,2026-01-14T19:00:00Z,2026-01-14T12:00:00Z,2026-01-14T21:00:00Z,2,0.164133,hgb-jan-eval-train-before-20260101,false
1,2026-01-14T19:00:00Z,2026-01-14T12:00:00Z,2026-01-14T22:00:00Z,3,0.147795,hgb-jan-eval-train-before-20260101,false
1,2026-01-14T19:00:00Z,2026-01-14T12:00:00Z,2026-01-14T23:00:00Z,4,0.072089,hgb-jan-eval-train-before-20260101,false
1,2026-01-14T19:00:00Z,2026-01-14T12:00:00Z,2026-01-15T00:00:00Z,5,0.043572,hgb-jan-eval-train-before-20260101,false
1,2026-01-14T19:00:00Z,2026-01-14T12:00:00Z,2026-01-15T01:00:00Z,6,0.032619,hgb-jan-eval-train-before-20260101,false
1,2026-01-14T19:00:00Z,2026-01-14T12:00:00Z,2026-01-15T02:00:00Z,7,0.001522,hgb-jan-eval-train-before-20260101,false
1,2026-01-14T19:00:00Z,2026-01-14T12:00:00Z,2026-01-15T03:00:00Z,8,0.006942,hgb-jan-eval-train-before-20260101,false
1,2026-01-14T19:00:00Z,2026-01-14T12:00:00Z,2026-01-15T04:00:00Z,9,0.020648,hgb-jan-eval-train-before-20260101,false
1,2026-01-14T19:00:00Z,2026-01-14T12:00:00Z,2026-01-15T05:00:00Z,10,0.000000,hgb-jan-eval-train-before-20260101,false
1,2026-01-14T19:00:00Z,2026-01-14T12:00:00Z,2026-01-15T06:00:00Z,11,0.000000,hgb-jan-eval-train-before-20260101,false
1,2026-01-14T19:00:00Z,2026-01-14T12:00:00Z,2026-01-15T07:00:00Z,12,0.005191,hgb-jan-eval-train-before-20260101,false
1,2026-01-14T19:00:00Z,2026-01-14T12:00:00Z,2026-01-15T08:00:00Z,13,0.015713,hgb-jan-eval-train-before-20260101,false
1,2026-01-14T19:00:00Z,2026-01-14T12:00:00Z,2026-01-15T09:00:00Z,14,0.037188,hgb-jan-eval-train-before-20260101,false
1,2026-01-14T19:00:00Z,2026-01-14T12:00:00Z,2026-01-15T10:00:00Z,15,0.061986,hgb-jan-eval-train-before-20260101,false
1,2026-01-14T19:00:00Z,2026-01-14T12:00:00Z,2026-01-15T11:00:00Z,16,0.060562,hgb-jan-eval-train-before-20260101,false
1,2026-01-14T19:00:00Z,2026-01-14T12:00:00Z,2026-01-15T12:00:00Z,17,0.039636,hgb-jan-eval-train-before-20260101,false
1,2026-01-14T19:00:00Z,2026-01-14T12:00:00Z,2026-01-15T13:00:00Z,18,0.029978,hgb-jan-eval-train-before-20260101,false
1,2026-01-14T19:00:00Z,2026-01-14T12:00:00Z,2026-01-15T14:00:00Z,19,0.038061,hgb-jan-eval-train-before-20260101,false
1,2026-01-14T19:00:00Z,2026-01-14T12:00:00Z,2026-01-15T15:00:00Z,20,0.053588,hgb-jan-eval-train-before-20260101,false
1,2026-01-14T19:00:00Z,2026-01-14T12:00:00Z,2026-01-15T16:00:00Z,21,0.042020,hgb-jan-eval-train-before-20260101,false
1,2026-01-14T19:00:00Z,2026-01-14T12:00:00Z,2026-01-15T17:00:00Z,22,0.076482,hgb-jan-eval-train-before-20260101,false
1,2026-01-14T19:00:00Z,2026-01-14T12:00:00Z,2026-01-15T18:00:00Z,23,0.159347,hgb-jan-eval-train-before-20260101,false
1,2026-01-14T19:00:00Z,2026-01-14T12:00:00Z,2026-01-15T19:00:00Z,24,0.077154,hgb-jan-eval-train-before-20260101,false
1,2026-01-14T19:00:00Z,2026-01-14T12:00:00Z,2026-01-15T20:00:00Z,25,0.061155,hgb-jan-eval-train-before-20260101,false
1,2026-01-14T19:00:00Z,2026-01-14T12:00:00Z,2026-01-15T21:00:00Z,26,0.115274,hgb-jan-eval-train-before-20260101,false
1,2026-01-14T19:00:00Z,2026-01-14T12:00:00Z,2026-01-15T22:00:00Z,27,0.070978,hgb-jan-eval-train-before-20260101,false
1,2026-01-14T19:00:00Z,2026-01-14T12:00:00Z,2026-01-15T23:00:00Z,28,0.051105,hgb-jan-eval-train-before-20260101,false
1,2026-01-14T19:00:00Z,2026-01-14T12:00:00Z,2026-01-16T00:00:00Z,29,0.051295,hgb-jan-eval-train-before-20260101,false
1,2026-01-14T19:00:00Z,2026-01-14T12:00:00Z,2026-01-16T01:00:00Z,30,0.088018,hgb-jan-eval-train-before-20260101,false
1,2026-01-14T19:00:00Z,2026-01-14T12:00:00Z,2026-01-16T02:00:00Z,31,0.172845,hgb-jan-eval-train-before-20260101,false
1,2026-01-14T19:00:00Z,2026-01-14T12:00:00Z,2026-01-16T03:00:00Z,32,0.159784,hgb-jan-eval-train-before-20260101,false
1,2026-01-14T19:00:00Z,2026-01-14T12:00:00Z,2026-01-16T04:00:00Z,33,0.119177,hgb-jan-eval-train-before-20260101,false
1,2026-01-14T19:00:00Z,2026-01-14T12:00:00Z,2026-01-16T05:00:00Z,34,0.092999,hgb-jan-eval-train-before-20260101,false
1,2026-01-14T19:00:00Z,2026-01-14T12:00:00Z,2026-01-16T06:00:00Z,35,0.077529,hgb-jan-eval-train-before-20260101,false
1,2026-01-14T19:00:00Z,2026-01-14T12:00:00Z,2026-01-16T07:00:00Z,36,0.126953,hgb-jan-eval-train-before-20260101,false
1,2026-01-14T19:00:00Z,2026-01-14T12:00:00Z,2026-01-16T08:00:00Z,37,0.086872,hgb-jan-eval-train-before-20260101,false
1,2026-01-14T19:00:00Z,2026-01-14T12:00:00Z,2026-01-16T09:00:00Z,38,0.146893,hgb-jan-eval-train-before-20260101,false
1,2026-01-14T19:00:00Z,2026-01-14T12:00:00Z,2026-01-16T10:00:00Z,39,0.171305,hgb-jan-eval-train-before-20260101,false
1,2026-01-14T19:00:00Z,2026-01-14T12:00:00Z,2026-01-16T11:00:00Z,40,0.206122,hgb-jan-eval-train-before-20260101,false
1,2026-01-14T19:00:00Z,2026-01-14T12:00:00Z,2026-01-16T12:00:00Z,41,0.272346,hgb-jan-eval-train-before-20260101,false
1,2026-01-14T19:00:00Z,2026-01-14T12:00:00Z,2026-01-16T13:00:00Z,42,0.296506,hgb-jan-eval-train-before-20260101,false
1,2026-01-14T19:00:00Z,2026-01-14T12:00:00Z,2026-01-16T14:00:00Z,43,0.398495,hgb-jan-eval-train-before-20260101,false
1,2026-01-14T19:00:00Z,2026-01-14T12:00:00Z,2026-01-16T15:00:00Z,44,0.380005,hgb-jan-eval-train-before-20260101,false
1,2026-01-14T19:00:00Z,2026-01-14T12:00:00Z,2026-01-16T16:00:00Z,45,0.492710,hgb-jan-eval-train-before-20260101,false
1,2026-01-14T19:00:00Z,2026-01-14T12:00:00Z,2026-01-16T17:00:00Z,46,0.605003,hgb-jan-eval-train-before-20260101,false
1,2026-01-14T19:00:00Z,2026-01-14T12:00:00Z,2026-01-16T18:00:00Z,47,0.717327,hgb-jan-eval-train-before-20260101,false
1,2026-01-14T19:00:00Z,2026-01-14T12:00:00Z,2026-01-16T19:00:00Z,48,0.791688,hgb-jan-eval-train-before-20260101,false
2,2026-01-14T19:00:00Z,2026-01-14T12:00:00Z,2026-01-14T20:00:00Z,1,0.196798,hgb-jan-eval-train-before-20260101,false
2,2026-01-14T19:00:00Z,2026-01-14T12:00:00Z,2026-01-14T21:00:00Z,2,0.164133,hgb-jan-eval-train-before-20260101,false
2,2026-01-14T19:00:00Z,2026-01-14T12:00:00Z,2026-01-14T22:00:00Z,3,0.147795,hgb-jan-eval-train-before-20260101,false
2,2026-01-14T19:00:00Z,2026-01-14T12:00:00Z,2026-01-14T23:00:00Z,4,0.072089,hgb-jan-eval-train-before-20260101,false
2,2026-01-14T19:00:00Z,2026-01-14T12:00:00Z,2026-01-15T00:00:00Z,5,0.043572,hgb-jan-eval-train-before-20260101,false
2,2026-01-14T19:00:00Z,2026-01-14T12:00:00Z,2026-01-15T01:00:00Z,6,0.032619,hgb-jan-eval-train-before-20260101,false
2,2026-01-14T19:00:00Z,2026-01-14T12:00:00Z,2026-01-15T02:00:00Z,7,0.001522,hgb-jan-eval-train-before-20260101,false
2,2026-01-14T19:00:00Z,2026-01-14T12:00:00Z,2026-01-15T03:00:00Z,8,0.006942,hgb-jan-eval-train-before-20260101,false
2,2026-01-14T19:00:00Z,2026-01-14T12:00:00Z,2026-01-15T04:00:00Z,9,0.020648,hgb-jan-eval-train-before-20260101,false
2,2026-01-14T19:00:00Z,2026-01-14T12:00:00Z,2026-01-15T05:00:00Z,10,0.000000,hgb-jan-eval-train-before-20260101,false
2,2026-01-14T19:00:00Z,2026-01-14T12:00:00Z,2026-01-15T06:00:00Z,11,0.000000,hgb-jan-eval-train-before-20260101,false
2,2026-01-14T19:00:00Z,2026-01-14T12:00:00Z,2026-01-15T07:00:00Z,12,0.005191,hgb-jan-eval-train-before-20260101,false
2,2026-01-14T19:00:00Z,2026-01-14T12:00:00Z,2026-01-15T08:00:00Z,13,0.015713,hgb-jan-eval-train-before-20260101,false
2,2026-01-14T19:00:00Z,2026-01-14T12:00:00Z,2026-01-15T09:00:00Z,14,0.037188,hgb-jan-eval-train-before-20260101,false
2,2026-01-14T19:00:00Z,2026-01-14T12:00:00Z,2026-01-15T10:00:00Z,15,0.061986,hgb-jan-eval-train-before-20260101,false
2,2026-01-14T19:00:00Z,2026-01-14T12:00:00Z,2026-01-15T11:00:00Z,16,0.060562,hgb-jan-eval-train-before-20260101,false
2,2026-01-14T19:00:00Z,2026-01-14T12:00:00Z,2026-01-15T12:00:00Z,17,0.039636,hgb-jan-eval-train-before-20260101,false
2,2026-01-14T19:00:00Z,2026-01-14T12:00:00Z,2026-01-15T13:00:00Z,18,0.029978,hgb-jan-eval-train-before-20260101,false
2,2026-01-14T19:00:00Z,2026-01-14T12:00:00Z,2026-01-15T14:00:00Z,19,0.038061,hgb-jan-eval-train-before-20260101,false
2,2026-01-14T19:00:00Z,2026-01-14T12:00:00Z,2026-01-15T15:00:00Z,20,0.053588,hgb-jan-eval-train-before-20260101,false
2,2026-01-14T19:00:00Z,2026-01-14T12:00:00Z,2026-01-15T16:00:00Z,21,0.042020,hgb-jan-eval-train-before-20260101,false
2,2026-01-14T19:00:00Z,2026-01-14T12:00:00Z,2026-01-15T17:00:00Z,22,0.076482,hgb-jan-eval-train-before-20260101,false
2,2026-01-14T19:00:00Z,2026-01-14T12:00:00Z,2026-01-15T18:00:00Z,23,0.159347,hgb-jan-eval-train-before-20260101,false
2,2026-01-14T19:00:00Z,2026-01-14T12:00:00Z,2026-01-15T19:00:00Z,24,0.077154,hgb-jan-eval-train-before-20260101,false
2,2026-01-14T19:00:00Z,2026-01-14T12:00:00Z,2026-01-15T20:00:00Z,25,0.061155,hgb-jan-eval-train-before-20260101,false
2,2026-01-14T19:00:00Z,2026-01-14T12:00:00Z,2026-01-15T21:00:00Z,26,0.115274,hgb-jan-eval-train-before-20260101,false
2,2026-01-14T19:00:00Z,2026-01-14T12:00:00Z,2026-01-15T22:00:00Z,27,0.070978,hgb-jan-eval-train-before-20260101,false
2,2026-01-14T19:00:00Z,2026-01-14T12:00:00Z,2026-01-15T23:00:00Z,28,0.051105,hgb-jan-eval-train-before-20260101,false
2,2026-01-14T19:00:00Z,2026-01-14T12:00:00Z,2026-01-16T00:00:00Z,29,0.051295,hgb-jan-eval-train-before-20260101,false
2,2026-01-14T19:00:00Z,2026-01-14T12:00:00Z,2026-01-16T01:00:00Z,30,0.088018,hgb-jan-eval-train-before-20260101,false
2,2026-01-14T19:00:00Z,2026-01-14T12:00:00Z,2026-01-16T02:00:00Z,31,0.172845,hgb-jan-eval-train-before-20260101,false
2,2026-01-14T19:00:00Z,2026-01-14T12:00:00Z,2026-01-16T03:00:00Z,32,0.159784,hgb-jan-eval-train-before-20260101,false
2,2026-01-14T19:00:00Z,2026-01-14T12:00:00Z,2026-01-16T04:00:00Z,33,0.119177,hgb-jan-eval-train-before-20260101,false
2,2026-01-14T19:00:00Z,2026-01-14T12:00:00Z,2026-01-16T05:00:00Z,34,0.092999,hgb-jan-eval-train-before-20260101,false
2,2026-01-14T19:00:00Z,2026-01-14T12:00:00Z,2026-01-16T06:00:00Z,35,0.077529,hgb-jan-eval-train-before-20260101,false
2,2026-01-14T19:00:00Z,2026-01-14T12:00:00Z,2026-01-16T07:00:00Z,36,0.126953,hgb-jan-eval-train-before-20260101,false
2,2026-01-14T19:00:00Z,2026-01-14T12:00:00Z,2026-01-16T08:00:00Z,37,0.086872,hgb-jan-eval-train-before-20260101,false
2,2026-01-14T19:00:00Z,2026-01-14T12:00:00Z,2026-01-16T09:00:00Z,38,0.146893,hgb-jan-eval-train-before-20260101,false
2,2026-01-14T19:00:00Z,2026-01-14T12:00:00Z,2026-01-16T10:00:00Z,39,0.171305,hgb-jan-eval-train-before-20260101,false
2,2026-01-14T19:00:00Z,2026-01-14T12:00:00Z,2026-01-16T11:00:00Z,40,0.206122,hgb-jan-eval-train-before-20260101,false
2,2026-01-14T19:00:00Z,2026-01-14T12:00:00Z,2026-01-16T12:00:00Z,41,0.272346,hgb-jan-eval-train-before-20260101,false
2,2026-01-14T19:00:00Z,2026-01-14T12:00:00Z,2026-01-16T13:00:00Z,42,0.296506,hgb-jan-eval-train-before-20260101,false
2,2026-01-14T19:00:00Z,2026-01-14T12:00:00Z,2026-01-16T14:00:00Z,43,0.398495,hgb-jan-eval-train-before-20260101,false
2,2026-01-14T19:00:00Z,2026-01-14T12:00:00Z,2026-01-16T15:00:00Z,44,0.380005,hgb-jan-eval-train-before-20260101,false
2,2026-01-14T19:00:00Z,2026-01-14T12:00:00Z,2026-01-16T16:00:00Z,45,0.492710,hgb-jan-eval-train-before-20260101,false
2,2026-01-14T19:00:00Z,2026-01-14T12:00:00Z,2026-01-16T17:00:00Z,46,0.605003,hgb-jan-eval-train-before-20260101,false
2,2026-01-14T19:00:00Z,2026-01-14T12:00:00Z,2026-01-16T18:00:00Z,47,0.717327,hgb-jan-eval-train-before-20260101,false
2,2026-01-14T19:00:00Z,2026-01-14T12:00:00Z,2026-01-16T19:00:00Z,48,0.791688,hgb-jan-eval-train-before-20260101,false
1,2026-01-15T19:00:00Z,2026-01-15T12:00:00Z,2026-01-15T20:00:00Z,1,0.119385,hgb-jan-eval-train-before-20260101,false
1,2026-01-15T19:00:00Z,2026-01-15T12:00:00Z,2026-01-15T21:00:00Z,2,0.088242,hgb-jan-eval-train-before-20260101,false
1,2026-01-15T19:00:00Z,2026-01-15T12:00:00Z,2026-01-15T22:00:00Z,3,0.054040,hgb-jan-eval-train-before-20260101,false
1,2026-01-15T19:00:00Z,2026-01-15T12:00:00Z,2026-01-15T23:00:00Z,4,0.102595,hgb-jan-eval-train-before-20260101,false
1,2026-01-15T19:00:00Z,2026-01-15T12:00:00Z,2026-01-16T00:00:00Z,5,0.139960,hgb-jan-eval-train-before-20260101,false
1,2026-01-15T19:00:00Z,2026-01-15T12:00:00Z,2026-01-16T01:00:00Z,6,0.214732,hgb-jan-eval-train-before-20260101,false
1,2026-01-15T19:00:00Z,2026-01-15T12:00:00Z,2026-01-16T02:00:00Z,7,0.140540,hgb-jan-eval-train-before-20260101,false
1,2026-01-15T19:00:00Z,2026-01-15T12:00:00Z,2026-01-16T03:00:00Z,8,0.103848,hgb-jan-eval-train-before-20260101,false
1,2026-01-15T19:00:00Z,2026-01-15T12:00:00Z,2026-01-16T04:00:00Z,9,0.079294,hgb-jan-eval-train-before-20260101,false
1,2026-01-15T19:00:00Z,2026-01-15T12:00:00Z,2026-01-16T05:00:00Z,10,0.067542,hgb-jan-eval-train-before-20260101,false
1,2026-01-15T19:00:00Z,2026-01-15T12:00:00Z,2026-01-16T06:00:00Z,11,0.154857,hgb-jan-eval-train-before-20260101,false
1,2026-01-15T19:00:00Z,2026-01-15T12:00:00Z,2026-01-16T07:00:00Z,12,0.104003,hgb-jan-eval-train-before-20260101,false
1,2026-01-15T19:00:00Z,2026-01-15T12:00:00Z,2026-01-16T08:00:00Z,13,0.121039,hgb-jan-eval-train-before-20260101,false
1,2026-01-15T19:00:00Z,2026-01-15T12:00:00Z,2026-01-16T09:00:00Z,14,0.167826,hgb-jan-eval-train-before-20260101,false
1,2026-01-15T19:00:00Z,2026-01-15T12:00:00Z,2026-01-16T10:00:00Z,15,0.336451,hgb-jan-eval-train-before-20260101,false
1,2026-01-15T19:00:00Z,2026-01-15T12:00:00Z,2026-01-16T11:00:00Z,16,0.223106,hgb-jan-eval-train-before-20260101,false
1,2026-01-15T19:00:00Z,2026-01-15T12:00:00Z,2026-01-16T12:00:00Z,17,0.368546,hgb-jan-eval-train-before-20260101,false
1,2026-01-15T19:00:00Z,2026-01-15T12:00:00Z,2026-01-16T13:00:00Z,18,0.378660,hgb-jan-eval-train-before-20260101,false
1,2026-01-15T19:00:00Z,2026-01-15T12:00:00Z,2026-01-16T14:00:00Z,19,0.427476,hgb-jan-eval-train-before-20260101,false
1,2026-01-15T19:00:00Z,2026-01-15T12:00:00Z,2026-01-16T15:00:00Z,20,0.496108,hgb-jan-eval-train-before-20260101,false
1,2026-01-15T19:00:00Z,2026-01-15T12:00:00Z,2026-01-16T16:00:00Z,21,0.598802,hgb-jan-eval-train-before-20260101,false
1,2026-01-15T19:00:00Z,2026-01-15T12:00:00Z,2026-01-16T17:00:00Z,22,0.724447,hgb-jan-eval-train-before-20260101,false
1,2026-01-15T19:00:00Z,2026-01-15T12:00:00Z,2026-01-16T18:00:00Z,23,0.789028,hgb-jan-eval-train-before-20260101,false
1,2026-01-15T19:00:00Z,2026-01-15T12:00:00Z,2026-01-16T19:00:00Z,24,0.885286,hgb-jan-eval-train-before-20260101,false
1,2026-01-15T19:00:00Z,2026-01-15T12:00:00Z,2026-01-16T20:00:00Z,25,0.924800,hgb-jan-eval-train-before-20260101,false
1,2026-01-15T19:00:00Z,2026-01-15T12:00:00Z,2026-01-16T21:00:00Z,26,0.900655,hgb-jan-eval-train-before-20260101,false
1,2026-01-15T19:00:00Z,2026-01-15T12:00:00Z,2026-01-16T22:00:00Z,27,0.928579,hgb-jan-eval-train-before-20260101,false
1,2026-01-15T19:00:00Z,2026-01-15T12:00:00Z,2026-01-16T23:00:00Z,28,0.944997,hgb-jan-eval-train-before-20260101,false
1,2026-01-15T19:00:00Z,2026-01-15T12:00:00Z,2026-01-17T00:00:00Z,29,0.950180,hgb-jan-eval-train-before-20260101,false
1,2026-01-15T19:00:00Z,2026-01-15T12:00:00Z,2026-01-17T01:00:00Z,30,0.974458,hgb-jan-eval-train-before-20260101,false
1,2026-01-15T19:00:00Z,2026-01-15T12:00:00Z,2026-01-17T02:00:00Z,31,0.965921,hgb-jan-eval-train-before-20260101,false
1,2026-01-15T19:00:00Z,2026-01-15T12:00:00Z,2026-01-17T03:00:00Z,32,0.945108,hgb-jan-eval-train-before-20260101,false
1,2026-01-15T19:00:00Z,2026-01-15T12:00:00Z,2026-01-17T04:00:00Z,33,0.929935,hgb-jan-eval-train-before-20260101,false
1,2026-01-15T19:00:00Z,2026-01-15T12:00:00Z,2026-01-17T05:00:00Z,34,0.856424,hgb-jan-eval-train-before-20260101,false
1,2026-01-15T19:00:00Z,2026-01-15T12:00:00Z,2026-01-17T06:00:00Z,35,0.726126,hgb-jan-eval-train-before-20260101,false
1,2026-01-15T19:00:00Z,2026-01-15T12:00:00Z,2026-01-17T07:00:00Z,36,0.755995,hgb-jan-eval-train-before-20260101,false
1,2026-01-15T19:00:00Z,2026-01-15T12:00:00Z,2026-01-17T08:00:00Z,37,0.579528,hgb-jan-eval-train-before-20260101,false
1,2026-01-15T19:00:00Z,2026-01-15T12:00:00Z,2026-01-17T09:00:00Z,38,0.274556,hgb-jan-eval-train-before-20260101,false
1,2026-01-15T19:00:00Z,2026-01-15T12:00:00Z,2026-01-17T10:00:00Z,39,0.137399,hgb-jan-eval-train-before-20260101,false
1,2026-01-15T19:00:00Z,2026-01-15T12:00:00Z,2026-01-17T11:00:00Z,40,0.118952,hgb-jan-eval-train-before-20260101,false
1,2026-01-15T19:00:00Z,2026-01-15T12:00:00Z,2026-01-17T12:00:00Z,41,0.099337,hgb-jan-eval-train-before-20260101,false
1,2026-01-15T19:00:00Z,2026-01-15T12:00:00Z,2026-01-17T13:00:00Z,42,0.088889,hgb-jan-eval-train-before-20260101,false
1,2026-01-15T19:00:00Z,2026-01-15T12:00:00Z,2026-01-17T14:00:00Z,43,0.099374,hgb-jan-eval-train-before-20260101,false
1,2026-01-15T19:00:00Z,2026-01-15T12:00:00Z,2026-01-17T15:00:00Z,44,0.099366,hgb-jan-eval-train-before-20260101,false
1,2026-01-15T19:00:00Z,2026-01-15T12:00:00Z,2026-01-17T16:00:00Z,45,0.094334,hgb-jan-eval-train-before-20260101,false
1,2026-01-15T19:00:00Z,2026-01-15T12:00:00Z,2026-01-17T17:00:00Z,46,0.081819,hgb-jan-eval-train-before-20260101,false
1,2026-01-15T19:00:00Z,2026-01-15T12:00:00Z,2026-01-17T18:00:00Z,47,0.063548,hgb-jan-eval-train-before-20260101,false
1,2026-01-15T19:00:00Z,2026-01-15T12:00:00Z,2026-01-17T19:00:00Z,48,0.064701,hgb-jan-eval-train-before-20260101,false
2,2026-01-15T19:00:00Z,2026-01-15T12:00:00Z,2026-01-15T20:00:00Z,1,0.119385,hgb-jan-eval-train-before-20260101,false
2,2026-01-15T19:00:00Z,2026-01-15T12:00:00Z,2026-01-15T21:00:00Z,2,0.088242,hgb-jan-eval-train-before-20260101,false
2,2026-01-15T19:00:00Z,2026-01-15T12:00:00Z,2026-01-15T22:00:00Z,3,0.054040,hgb-jan-eval-train-before-20260101,false
2,2026-01-15T19:00:00Z,2026-01-15T12:00:00Z,2026-01-15T23:00:00Z,4,0.102595,hgb-jan-eval-train-before-20260101,false
2,2026-01-15T19:00:00Z,2026-01-15T12:00:00Z,2026-01-16T00:00:00Z,5,0.139960,hgb-jan-eval-train-before-20260101,false
2,2026-01-15T19:00:00Z,2026-01-15T12:00:00Z,2026-01-16T01:00:00Z,6,0.214732,hgb-jan-eval-train-before-20260101,false
2,2026-01-15T19:00:00Z,2026-01-15T12:00:00Z,2026-01-16T02:00:00Z,7,0.140540,hgb-jan-eval-train-before-20260101,false
2,2026-01-15T19:00:00Z,2026-01-15T12:00:00Z,2026-01-16T03:00:00Z,8,0.103848,hgb-jan-eval-train-before-20260101,false
2,2026-01-15T19:00:00Z,2026-01-15T12:00:00Z,2026-01-16T04:00:00Z,9,0.079294,hgb-jan-eval-train-before-20260101,false
2,2026-01-15T19:00:00Z,2026-01-15T12:00:00Z,2026-01-16T05:00:00Z,10,0.067542,hgb-jan-eval-train-before-20260101,false
2,2026-01-15T19:00:00Z,2026-01-15T12:00:00Z,2026-01-16T06:00:00Z,11,0.154857,hgb-jan-eval-train-before-20260101,false
2,2026-01-15T19:00:00Z,2026-01-15T12:00:00Z,2026-01-16T07:00:00Z,12,0.104003,hgb-jan-eval-train-before-20260101,false
2,2026-01-15T19:00:00Z,2026-01-15T12:00:00Z,2026-01-16T08:00:00Z,13,0.121039,hgb-jan-eval-train-before-20260101,false
2,2026-01-15T19:00:00Z,2026-01-15T12:00:00Z,2026-01-16T09:00:00Z,14,0.167826,hgb-jan-eval-train-before-20260101,false
2,2026-01-15T19:00:00Z,2026-01-15T12:00:00Z,2026-01-16T10:00:00Z,15,0.336451,hgb-jan-eval-train-before-20260101,false
2,2026-01-15T19:00:00Z,2026-01-15T12:00:00Z,2026-01-16T11:00:00Z,16,0.223106,hgb-jan-eval-train-before-20260101,false
2,2026-01-15T19:00:00Z,2026-01-15T12:00:00Z,2026-01-16T12:00:00Z,17,0.368546,hgb-jan-eval-train-before-20260101,false
2,2026-01-15T19:00:00Z,2026-01-15T12:00:00Z,2026-01-16T13:00:00Z,18,0.378660,hgb-jan-eval-train-before-20260101,false
2,2026-01-15T19:00:00Z,2026-01-15T12:00:00Z,2026-01-16T14:00:00Z,19,0.427476,hgb-jan-eval-train-before-20260101,false
2,2026-01-15T19:00:00Z,2026-01-15T12:00:00Z,2026-01-16T15:00:00Z,20,0.496108,hgb-jan-eval-train-before-20260101,false
2,2026-01-15T19:00:00Z,2026-01-15T12:00:00Z,2026-01-16T16:00:00Z,21,0.598802,hgb-jan-eval-train-before-20260101,false
2,2026-01-15T19:00:00Z,2026-01-15T12:00:00Z,2026-01-16T17:00:00Z,22,0.724447,hgb-jan-eval-train-before-20260101,false
2,2026-01-15T19:00:00Z,2026-01-15T12:00:00Z,2026-01-16T18:00:00Z,23,0.789028,hgb-jan-eval-train-before-20260101,false
2,2026-01-15T19:00:00Z,2026-01-15T12:00:00Z,2026-01-16T19:00:00Z,24,0.885286,hgb-jan-eval-train-before-20260101,false
2,2026-01-15T19:00:00Z,2026-01-15T12:00:00Z,2026-01-16T20:00:00Z,25,0.924800,hgb-jan-eval-train-before-20260101,false
2,2026-01-15T19:00:00Z,2026-01-15T12:00:00Z,2026-01-16T21:00:00Z,26,0.900655,hgb-jan-eval-train-before-20260101,false
2,2026-01-15T19:00:00Z,2026-01-15T12:00:00Z,2026-01-16T22:00:00Z,27,0.928081,hgb-jan-eval-train-before-20260101,false
2,2026-01-15T19:00:00Z,2026-01-15T12:00:00Z,2026-01-16T23:00:00Z,28,0.944499,hgb-jan-eval-train-before-20260101,false
2,2026-01-15T19:00:00Z,2026-01-15T12:00:00Z,2026-01-17T00:00:00Z,29,0.949681,hgb-jan-eval-train-before-20260101,false
2,2026-01-15T19:00:00Z,2026-01-15T12:00:00Z,2026-01-17T01:00:00Z,30,0.973960,hgb-jan-eval-train-before-20260101,false
2,2026-01-15T19:00:00Z,2026-01-15T12:00:00Z,2026-01-17T02:00:00Z,31,0.965423,hgb-jan-eval-train-before-20260101,false
2,2026-01-15T19:00:00Z,2026-01-15T12:00:00Z,2026-01-17T03:00:00Z,32,0.944610,hgb-jan-eval-train-before-20260101,false
2,2026-01-15T19:00:00Z,2026-01-15T12:00:00Z,2026-01-17T04:00:00Z,33,0.929437,hgb-jan-eval-train-before-20260101,false
2,2026-01-15T19:00:00Z,2026-01-15T12:00:00Z,2026-01-17T05:00:00Z,34,0.856424,hgb-jan-eval-train-before-20260101,false
2,2026-01-15T19:00:00Z,2026-01-15T12:00:00Z,2026-01-17T06:00:00Z,35,0.726126,hgb-jan-eval-train-before-20260101,false
2,2026-01-15T19:00:00Z,2026-01-15T12:00:00Z,2026-01-17T07:00:00Z,36,0.755995,hgb-jan-eval-train-before-20260101,false
2,2026-01-15T19:00:00Z,2026-01-15T12:00:00Z,2026-01-17T08:00:00Z,37,0.579528,hgb-jan-eval-train-before-20260101,false
2,2026-01-15T19:00:00Z,2026-01-15T12:00:00Z,2026-01-17T09:00:00Z,38,0.274556,hgb-jan-eval-train-before-20260101,false
2,2026-01-15T19:00:00Z,2026-01-15T12:00:00Z,2026-01-17T10:00:00Z,39,0.137399,hgb-jan-eval-train-before-20260101,false
2,2026-01-15T19:00:00Z,2026-01-15T12:00:00Z,2026-01-17T11:00:00Z,40,0.118952,hgb-jan-eval-train-before-20260101,false
2,2026-01-15T19:00:00Z,2026-01-15T12:00:00Z,2026-01-17T12:00:00Z,41,0.099337,hgb-jan-eval-train-before-20260101,false
2,2026-01-15T19:00:00Z,2026-01-15T12:00:00Z,2026-01-17T13:00:00Z,42,0.088889,hgb-jan-eval-train-before-20260101,false
2,2026-01-15T19:00:00Z,2026-01-15T12:00:00Z,2026-01-17T14:00:00Z,43,0.099374,hgb-jan-eval-train-before-20260101,false
2,2026-01-15T19:00:00Z,2026-01-15T12:00:00Z,2026-01-17T15:00:00Z,44,0.099366,hgb-jan-eval-train-before-20260101,false
2,2026-01-15T19:00:00Z,2026-01-15T12:00:00Z,2026-01-17T16:00:00Z,45,0.094334,hgb-jan-eval-train-before-20260101,false
2,2026-01-15T19:00:00Z,2026-01-15T12:00:00Z,2026-01-17T17:00:00Z,46,0.081819,hgb-jan-eval-train-before-20260101,false
2,2026-01-15T19:00:00Z,2026-01-15T12:00:00Z,2026-01-17T18:00:00Z,47,0.063548,hgb-jan-eval-train-before-20260101,false
2,2026-01-15T19:00:00Z,2026-01-15T12:00:00Z,2026-01-17T19:00:00Z,48,0.064701,hgb-jan-eval-train-before-20260101,false
1,2026-01-16T19:00:00Z,2026-01-16T12:00:00Z,2026-01-16T20:00:00Z,1,0.896257,hgb-jan-eval-train-before-20260101,false
1,2026-01-16T19:00:00Z,2026-01-16T12:00:00Z,2026-01-16T21:00:00Z,2,0.885401,hgb-jan-eval-train-before-20260101,false
1,2026-01-16T19:00:00Z,2026-01-16T12:00:00Z,2026-01-16T22:00:00Z,3,0.914611,hgb-jan-eval-train-before-20260101,false
1,2026-01-16T19:00:00Z,2026-01-16T12:00:00Z,2026-01-16T23:00:00Z,4,0.915416,hgb-jan-eval-train-before-20260101,false
1,2026-01-16T19:00:00Z,2026-01-16T12:00:00Z,2026-01-17T00:00:00Z,5,0.913721,hgb-jan-eval-train-before-20260101,false
1,2026-01-16T19:00:00Z,2026-01-16T12:00:00Z,2026-01-17T01:00:00Z,6,0.925588,hgb-jan-eval-train-before-20260101,false
1,2026-01-16T19:00:00Z,2026-01-16T12:00:00Z,2026-01-17T02:00:00Z,7,0.909368,hgb-jan-eval-train-before-20260101,false
1,2026-01-16T19:00:00Z,2026-01-16T12:00:00Z,2026-01-17T03:00:00Z,8,0.861510,hgb-jan-eval-train-before-20260101,false
1,2026-01-16T19:00:00Z,2026-01-16T12:00:00Z,2026-01-17T04:00:00Z,9,0.728780,hgb-jan-eval-train-before-20260101,false
1,2026-01-16T19:00:00Z,2026-01-16T12:00:00Z,2026-01-17T05:00:00Z,10,0.780090,hgb-jan-eval-train-before-20260101,false
1,2026-01-16T19:00:00Z,2026-01-16T12:00:00Z,2026-01-17T06:00:00Z,11,0.496793,hgb-jan-eval-train-before-20260101,false
1,2026-01-16T19:00:00Z,2026-01-16T12:00:00Z,2026-01-17T07:00:00Z,12,0.290394,hgb-jan-eval-train-before-20260101,false
1,2026-01-16T19:00:00Z,2026-01-16T12:00:00Z,2026-01-17T08:00:00Z,13,0.253072,hgb-jan-eval-train-before-20260101,false
1,2026-01-16T19:00:00Z,2026-01-16T12:00:00Z,2026-01-17T09:00:00Z,14,0.207601,hgb-jan-eval-train-before-20260101,false
1,2026-01-16T19:00:00Z,2026-01-16T12:00:00Z,2026-01-17T10:00:00Z,15,0.111953,hgb-jan-eval-train-before-20260101,false
1,2026-01-16T19:00:00Z,2026-01-16T12:00:00Z,2026-01-17T11:00:00Z,16,0.094240,hgb-jan-eval-train-before-20260101,false
1,2026-01-16T19:00:00Z,2026-01-16T12:00:00Z,2026-01-17T12:00:00Z,17,0.105203,hgb-jan-eval-train-before-20260101,false
1,2026-01-16T19:00:00Z,2026-01-16T12:00:00Z,2026-01-17T13:00:00Z,18,0.073037,hgb-jan-eval-train-before-20260101,false
1,2026-01-16T19:00:00Z,2026-01-16T12:00:00Z,2026-01-17T14:00:00Z,19,0.116667,hgb-jan-eval-train-before-20260101,false
1,2026-01-16T19:00:00Z,2026-01-16T12:00:00Z,2026-01-17T15:00:00Z,20,0.144001,hgb-jan-eval-train-before-20260101,false
1,2026-01-16T19:00:00Z,2026-01-16T12:00:00Z,2026-01-17T16:00:00Z,21,0.131962,hgb-jan-eval-train-before-20260101,false
1,2026-01-16T19:00:00Z,2026-01-16T12:00:00Z,2026-01-17T17:00:00Z,22,0.094013,hgb-jan-eval-train-before-20260101,false
1,2026-01-16T19:00:00Z,2026-01-16T12:00:00Z,2026-01-17T18:00:00Z,23,0.082019,hgb-jan-eval-train-before-20260101,false
1,2026-01-16T19:00:00Z,2026-01-16T12:00:00Z,2026-01-17T19:00:00Z,24,0.088466,hgb-jan-eval-train-before-20260101,false
1,2026-01-16T19:00:00Z,2026-01-16T12:00:00Z,2026-01-17T20:00:00Z,25,0.075396,hgb-jan-eval-train-before-20260101,false
1,2026-01-16T19:00:00Z,2026-01-16T12:00:00Z,2026-01-17T21:00:00Z,26,0.059850,hgb-jan-eval-train-before-20260101,false
1,2026-01-16T19:00:00Z,2026-01-16T12:00:00Z,2026-01-17T22:00:00Z,27,0.031970,hgb-jan-eval-train-before-20260101,false
1,2026-01-16T19:00:00Z,2026-01-16T12:00:00Z,2026-01-17T23:00:00Z,28,0.031636,hgb-jan-eval-train-before-20260101,false
1,2026-01-16T19:00:00Z,2026-01-16T12:00:00Z,2026-01-18T00:00:00Z,29,0.031330,hgb-jan-eval-train-before-20260101,false
1,2026-01-16T19:00:00Z,2026-01-16T12:00:00Z,2026-01-18T01:00:00Z,30,0.028903,hgb-jan-eval-train-before-20260101,false
1,2026-01-16T19:00:00Z,2026-01-16T12:00:00Z,2026-01-18T02:00:00Z,31,0.025348,hgb-jan-eval-train-before-20260101,false
1,2026-01-16T19:00:00Z,2026-01-16T12:00:00Z,2026-01-18T03:00:00Z,32,0.025416,hgb-jan-eval-train-before-20260101,false
1,2026-01-16T19:00:00Z,2026-01-16T12:00:00Z,2026-01-18T04:00:00Z,33,0.037539,hgb-jan-eval-train-before-20260101,false
1,2026-01-16T19:00:00Z,2026-01-16T12:00:00Z,2026-01-18T05:00:00Z,34,0.048211,hgb-jan-eval-train-before-20260101,false
1,2026-01-16T19:00:00Z,2026-01-16T12:00:00Z,2026-01-18T06:00:00Z,35,0.091607,hgb-jan-eval-train-before-20260101,false
1,2026-01-16T19:00:00Z,2026-01-16T12:00:00Z,2026-01-18T07:00:00Z,36,0.226396,hgb-jan-eval-train-before-20260101,false
1,2026-01-16T19:00:00Z,2026-01-16T12:00:00Z,2026-01-18T08:00:00Z,37,0.347573,hgb-jan-eval-train-before-20260101,false
1,2026-01-16T19:00:00Z,2026-01-16T12:00:00Z,2026-01-18T09:00:00Z,38,0.382373,hgb-jan-eval-train-before-20260101,false
1,2026-01-16T19:00:00Z,2026-01-16T12:00:00Z,2026-01-18T10:00:00Z,39,0.391541,hgb-jan-eval-train-before-20260101,false
1,2026-01-16T19:00:00Z,2026-01-16T12:00:00Z,2026-01-18T11:00:00Z,40,0.465803,hgb-jan-eval-train-before-20260101,false
1,2026-01-16T19:00:00Z,2026-01-16T12:00:00Z,2026-01-18T12:00:00Z,41,0.408043,hgb-jan-eval-train-before-20260101,false
1,2026-01-16T19:00:00Z,2026-01-16T12:00:00Z,2026-01-18T13:00:00Z,42,0.236422,hgb-jan-eval-train-before-20260101,false
1,2026-01-16T19:00:00Z,2026-01-16T12:00:00Z,2026-01-18T14:00:00Z,43,0.376193,hgb-jan-eval-train-before-20260101,false
1,2026-01-16T19:00:00Z,2026-01-16T12:00:00Z,2026-01-18T15:00:00Z,44,0.354080,hgb-jan-eval-train-before-20260101,false
1,2026-01-16T19:00:00Z,2026-01-16T12:00:00Z,2026-01-18T16:00:00Z,45,0.434747,hgb-jan-eval-train-before-20260101,false
1,2026-01-16T19:00:00Z,2026-01-16T12:00:00Z,2026-01-18T17:00:00Z,46,0.718721,hgb-jan-eval-train-before-20260101,false
1,2026-01-16T19:00:00Z,2026-01-16T12:00:00Z,2026-01-18T18:00:00Z,47,0.756485,hgb-jan-eval-train-before-20260101,false
1,2026-01-16T19:00:00Z,2026-01-16T12:00:00Z,2026-01-18T19:00:00Z,48,0.710968,hgb-jan-eval-train-before-20260101,false
2,2026-01-16T19:00:00Z,2026-01-16T12:00:00Z,2026-01-16T20:00:00Z,1,0.896257,hgb-jan-eval-train-before-20260101,false
2,2026-01-16T19:00:00Z,2026-01-16T12:00:00Z,2026-01-16T21:00:00Z,2,0.885401,hgb-jan-eval-train-before-20260101,false
2,2026-01-16T19:00:00Z,2026-01-16T12:00:00Z,2026-01-16T22:00:00Z,3,0.914611,hgb-jan-eval-train-before-20260101,false
2,2026-01-16T19:00:00Z,2026-01-16T12:00:00Z,2026-01-16T23:00:00Z,4,0.915416,hgb-jan-eval-train-before-20260101,false
2,2026-01-16T19:00:00Z,2026-01-16T12:00:00Z,2026-01-17T00:00:00Z,5,0.913721,hgb-jan-eval-train-before-20260101,false
2,2026-01-16T19:00:00Z,2026-01-16T12:00:00Z,2026-01-17T01:00:00Z,6,0.925588,hgb-jan-eval-train-before-20260101,false
2,2026-01-16T19:00:00Z,2026-01-16T12:00:00Z,2026-01-17T02:00:00Z,7,0.909368,hgb-jan-eval-train-before-20260101,false
2,2026-01-16T19:00:00Z,2026-01-16T12:00:00Z,2026-01-17T03:00:00Z,8,0.861510,hgb-jan-eval-train-before-20260101,false
2,2026-01-16T19:00:00Z,2026-01-16T12:00:00Z,2026-01-17T04:00:00Z,9,0.728780,hgb-jan-eval-train-before-20260101,false
2,2026-01-16T19:00:00Z,2026-01-16T12:00:00Z,2026-01-17T05:00:00Z,10,0.780090,hgb-jan-eval-train-before-20260101,false
2,2026-01-16T19:00:00Z,2026-01-16T12:00:00Z,2026-01-17T06:00:00Z,11,0.496793,hgb-jan-eval-train-before-20260101,false
2,2026-01-16T19:00:00Z,2026-01-16T12:00:00Z,2026-01-17T07:00:00Z,12,0.290394,hgb-jan-eval-train-before-20260101,false
2,2026-01-16T19:00:00Z,2026-01-16T12:00:00Z,2026-01-17T08:00:00Z,13,0.253072,hgb-jan-eval-train-before-20260101,false
2,2026-01-16T19:00:00Z,2026-01-16T12:00:00Z,2026-01-17T09:00:00Z,14,0.207601,hgb-jan-eval-train-before-20260101,false
2,2026-01-16T19:00:00Z,2026-01-16T12:00:00Z,2026-01-17T10:00:00Z,15,0.111953,hgb-jan-eval-train-before-20260101,false
2,2026-01-16T19:00:00Z,2026-01-16T12:00:00Z,2026-01-17T11:00:00Z,16,0.094240,hgb-jan-eval-train-before-20260101,false
2,2026-01-16T19:00:00Z,2026-01-16T12:00:00Z,2026-01-17T12:00:00Z,17,0.105203,hgb-jan-eval-train-before-20260101,false
2,2026-01-16T19:00:00Z,2026-01-16T12:00:00Z,2026-01-17T13:00:00Z,18,0.073037,hgb-jan-eval-train-before-20260101,false
2,2026-01-16T19:00:00Z,2026-01-16T12:00:00Z,2026-01-17T14:00:00Z,19,0.116667,hgb-jan-eval-train-before-20260101,false
2,2026-01-16T19:00:00Z,2026-01-16T12:00:00Z,2026-01-17T15:00:00Z,20,0.144001,hgb-jan-eval-train-before-20260101,false
2,2026-01-16T19:00:00Z,2026-01-16T12:00:00Z,2026-01-17T16:00:00Z,21,0.131962,hgb-jan-eval-train-before-20260101,false
2,2026-01-16T19:00:00Z,2026-01-16T12:00:00Z,2026-01-17T17:00:00Z,22,0.094013,hgb-jan-eval-train-before-20260101,false
2,2026-01-16T19:00:00Z,2026-01-16T12:00:00Z,2026-01-17T18:00:00Z,23,0.082019,hgb-jan-eval-train-before-20260101,false
2,2026-01-16T19:00:00Z,2026-01-16T12:00:00Z,2026-01-17T19:00:00Z,24,0.088466,hgb-jan-eval-train-before-20260101,false
2,2026-01-16T19:00:00Z,2026-01-16T12:00:00Z,2026-01-17T20:00:00Z,25,0.075396,hgb-jan-eval-train-before-20260101,false
2,2026-01-16T19:00:00Z,2026-01-16T12:00:00Z,2026-01-17T21:00:00Z,26,0.059850,hgb-jan-eval-train-before-20260101,false
2,2026-01-16T19:00:00Z,2026-01-16T12:00:00Z,2026-01-17T22:00:00Z,27,0.031970,hgb-jan-eval-train-before-20260101,false
2,2026-01-16T19:00:00Z,2026-01-16T12:00:00Z,2026-01-17T23:00:00Z,28,0.031636,hgb-jan-eval-train-before-20260101,false
2,2026-01-16T19:00:00Z,2026-01-16T12:00:00Z,2026-01-18T00:00:00Z,29,0.031330,hgb-jan-eval-train-before-20260101,false
2,2026-01-16T19:00:00Z,2026-01-16T12:00:00Z,2026-01-18T01:00:00Z,30,0.028903,hgb-jan-eval-train-before-20260101,false
2,2026-01-16T19:00:00Z,2026-01-16T12:00:00Z,2026-01-18T02:00:00Z,31,0.025348,hgb-jan-eval-train-before-20260101,false
2,2026-01-16T19:00:00Z,2026-01-16T12:00:00Z,2026-01-18T03:00:00Z,32,0.025416,hgb-jan-eval-train-before-20260101,false
2,2026-01-16T19:00:00Z,2026-01-16T12:00:00Z,2026-01-18T04:00:00Z,33,0.037539,hgb-jan-eval-train-before-20260101,false
2,2026-01-16T19:00:00Z,2026-01-16T12:00:00Z,2026-01-18T05:00:00Z,34,0.048211,hgb-jan-eval-train-before-20260101,false
2,2026-01-16T19:00:00Z,2026-01-16T12:00:00Z,2026-01-18T06:00:00Z,35,0.091607,hgb-jan-eval-train-before-20260101,false
2,2026-01-16T19:00:00Z,2026-01-16T12:00:00Z,2026-01-18T07:00:00Z,36,0.226396,hgb-jan-eval-train-before-20260101,false
2,2026-01-16T19:00:00Z,2026-01-16T12:00:00Z,2026-01-18T08:00:00Z,37,0.347573,hgb-jan-eval-train-before-20260101,false
2,2026-01-16T19:00:00Z,2026-01-16T12:00:00Z,2026-01-18T09:00:00Z,38,0.382373,hgb-jan-eval-train-before-20260101,false
2,2026-01-16T19:00:00Z,2026-01-16T12:00:00Z,2026-01-18T10:00:00Z,39,0.391541,hgb-jan-eval-train-before-20260101,false
2,2026-01-16T19:00:00Z,2026-01-16T12:00:00Z,2026-01-18T11:00:00Z,40,0.465803,hgb-jan-eval-train-before-20260101,false
2,2026-01-16T19:00:00Z,2026-01-16T12:00:00Z,2026-01-18T12:00:00Z,41,0.408043,hgb-jan-eval-train-before-20260101,false
2,2026-01-16T19:00:00Z,2026-01-16T12:00:00Z,2026-01-18T13:00:00Z,42,0.236422,hgb-jan-eval-train-before-20260101,false
2,2026-01-16T19:00:00Z,2026-01-16T12:00:00Z,2026-01-18T14:00:00Z,43,0.376193,hgb-jan-eval-train-before-20260101,false
2,2026-01-16T19:00:00Z,2026-01-16T12:00:00Z,2026-01-18T15:00:00Z,44,0.354080,hgb-jan-eval-train-before-20260101,false
2,2026-01-16T19:00:00Z,2026-01-16T12:00:00Z,2026-01-18T16:00:00Z,45,0.434747,hgb-jan-eval-train-before-20260101,false
2,2026-01-16T19:00:00Z,2026-01-16T12:00:00Z,2026-01-18T17:00:00Z,46,0.718721,hgb-jan-eval-train-before-20260101,false
2,2026-01-16T19:00:00Z,2026-01-16T12:00:00Z,2026-01-18T18:00:00Z,47,0.756485,hgb-jan-eval-train-before-20260101,false
2,2026-01-16T19:00:00Z,2026-01-16T12:00:00Z,2026-01-18T19:00:00Z,48,0.710968,hgb-jan-eval-train-before-20260101,false
1,2026-01-17T19:00:00Z,2026-01-17T12:00:00Z,2026-01-17T20:00:00Z,1,0.028542,hgb-jan-eval-train-before-20260101,false
1,2026-01-17T19:00:00Z,2026-01-17T12:00:00Z,2026-01-17T21:00:00Z,2,0.024338,hgb-jan-eval-train-before-20260101,false
1,2026-01-17T19:00:00Z,2026-01-17T12:00:00Z,2026-01-17T22:00:00Z,3,0.045032,hgb-jan-eval-train-before-20260101,false
1,2026-01-17T19:00:00Z,2026-01-17T12:00:00Z,2026-01-17T23:00:00Z,4,0.031434,hgb-jan-eval-train-before-20260101,false
1,2026-01-17T19:00:00Z,2026-01-17T12:00:00Z,2026-01-18T00:00:00Z,5,0.036381,hgb-jan-eval-train-before-20260101,false
1,2026-01-17T19:00:00Z,2026-01-17T12:00:00Z,2026-01-18T01:00:00Z,6,0.042006,hgb-jan-eval-train-before-20260101,false
1,2026-01-17T19:00:00Z,2026-01-17T12:00:00Z,2026-01-18T02:00:00Z,7,0.080863,hgb-jan-eval-train-before-20260101,false
1,2026-01-17T19:00:00Z,2026-01-17T12:00:00Z,2026-01-18T03:00:00Z,8,0.123470,hgb-jan-eval-train-before-20260101,false
1,2026-01-17T19:00:00Z,2026-01-17T12:00:00Z,2026-01-18T04:00:00Z,9,0.159957,hgb-jan-eval-train-before-20260101,false
1,2026-01-17T19:00:00Z,2026-01-17T12:00:00Z,2026-01-18T05:00:00Z,10,0.157234,hgb-jan-eval-train-before-20260101,false
1,2026-01-17T19:00:00Z,2026-01-17T12:00:00Z,2026-01-18T06:00:00Z,11,0.434496,hgb-jan-eval-train-before-20260101,false
1,2026-01-17T19:00:00Z,2026-01-17T12:00:00Z,2026-01-18T07:00:00Z,12,0.400387,hgb-jan-eval-train-before-20260101,false
1,2026-01-17T19:00:00Z,2026-01-17T12:00:00Z,2026-01-18T08:00:00Z,13,0.426130,hgb-jan-eval-train-before-20260101,false
1,2026-01-17T19:00:00Z,2026-01-17T12:00:00Z,2026-01-18T09:00:00Z,14,0.421320,hgb-jan-eval-train-before-20260101,false
1,2026-01-17T19:00:00Z,2026-01-17T12:00:00Z,2026-01-18T10:00:00Z,15,0.391106,hgb-jan-eval-train-before-20260101,false
1,2026-01-17T19:00:00Z,2026-01-17T12:00:00Z,2026-01-18T11:00:00Z,16,0.336944,hgb-jan-eval-train-before-20260101,false
1,2026-01-17T19:00:00Z,2026-01-17T12:00:00Z,2026-01-18T12:00:00Z,17,0.216937,hgb-jan-eval-train-before-20260101,false
1,2026-01-17T19:00:00Z,2026-01-17T12:00:00Z,2026-01-18T13:00:00Z,18,0.110157,hgb-jan-eval-train-before-20260101,false
1,2026-01-17T19:00:00Z,2026-01-17T12:00:00Z,2026-01-18T14:00:00Z,19,0.130795,hgb-jan-eval-train-before-20260101,false
1,2026-01-17T19:00:00Z,2026-01-17T12:00:00Z,2026-01-18T15:00:00Z,20,0.200810,hgb-jan-eval-train-before-20260101,false
1,2026-01-17T19:00:00Z,2026-01-17T12:00:00Z,2026-01-18T16:00:00Z,21,0.343787,hgb-jan-eval-train-before-20260101,false
1,2026-01-17T19:00:00Z,2026-01-17T12:00:00Z,2026-01-18T17:00:00Z,22,0.524227,hgb-jan-eval-train-before-20260101,false
1,2026-01-17T19:00:00Z,2026-01-17T12:00:00Z,2026-01-18T18:00:00Z,23,0.703775,hgb-jan-eval-train-before-20260101,false
1,2026-01-17T19:00:00Z,2026-01-17T12:00:00Z,2026-01-18T19:00:00Z,24,0.712587,hgb-jan-eval-train-before-20260101,false
1,2026-01-17T19:00:00Z,2026-01-17T12:00:00Z,2026-01-18T20:00:00Z,25,0.719954,hgb-jan-eval-train-before-20260101,false
1,2026-01-17T19:00:00Z,2026-01-17T12:00:00Z,2026-01-18T21:00:00Z,26,0.732815,hgb-jan-eval-train-before-20260101,false
1,2026-01-17T19:00:00Z,2026-01-17T12:00:00Z,2026-01-18T22:00:00Z,27,0.662753,hgb-jan-eval-train-before-20260101,false
1,2026-01-17T19:00:00Z,2026-01-17T12:00:00Z,2026-01-18T23:00:00Z,28,0.681390,hgb-jan-eval-train-before-20260101,false
1,2026-01-17T19:00:00Z,2026-01-17T12:00:00Z,2026-01-19T00:00:00Z,29,0.651769,hgb-jan-eval-train-before-20260101,false
1,2026-01-17T19:00:00Z,2026-01-17T12:00:00Z,2026-01-19T01:00:00Z,30,0.633355,hgb-jan-eval-train-before-20260101,false
1,2026-01-17T19:00:00Z,2026-01-17T12:00:00Z,2026-01-19T02:00:00Z,31,0.586782,hgb-jan-eval-train-before-20260101,false
1,2026-01-17T19:00:00Z,2026-01-17T12:00:00Z,2026-01-19T03:00:00Z,32,0.571873,hgb-jan-eval-train-before-20260101,false
1,2026-01-17T19:00:00Z,2026-01-17T12:00:00Z,2026-01-19T04:00:00Z,33,0.594955,hgb-jan-eval-train-before-20260101,false
1,2026-01-17T19:00:00Z,2026-01-17T12:00:00Z,2026-01-19T05:00:00Z,34,0.603358,hgb-jan-eval-train-before-20260101,false
1,2026-01-17T19:00:00Z,2026-01-17T12:00:00Z,2026-01-19T06:00:00Z,35,0.687262,hgb-jan-eval-train-before-20260101,false
1,2026-01-17T19:00:00Z,2026-01-17T12:00:00Z,2026-01-19T07:00:00Z,36,0.791873,hgb-jan-eval-train-before-20260101,false
1,2026-01-17T19:00:00Z,2026-01-17T12:00:00Z,2026-01-19T08:00:00Z,37,0.799844,hgb-jan-eval-train-before-20260101,false
1,2026-01-17T19:00:00Z,2026-01-17T12:00:00Z,2026-01-19T09:00:00Z,38,0.828653,hgb-jan-eval-train-before-20260101,false
1,2026-01-17T19:00:00Z,2026-01-17T12:00:00Z,2026-01-19T10:00:00Z,39,0.714466,hgb-jan-eval-train-before-20260101,false
1,2026-01-17T19:00:00Z,2026-01-17T12:00:00Z,2026-01-19T11:00:00Z,40,0.780438,hgb-jan-eval-train-before-20260101,false
1,2026-01-17T19:00:00Z,2026-01-17T12:00:00Z,2026-01-19T12:00:00Z,41,0.615154,hgb-jan-eval-train-before-20260101,false
1,2026-01-17T19:00:00Z,2026-01-17T12:00:00Z,2026-01-19T13:00:00Z,42,0.558852,hgb-jan-eval-train-before-20260101,false
1,2026-01-17T19:00:00Z,2026-01-17T12:00:00Z,2026-01-19T14:00:00Z,43,0.286486,hgb-jan-eval-train-before-20260101,false
1,2026-01-17T19:00:00Z,2026-01-17T12:00:00Z,2026-01-19T15:00:00Z,44,0.250881,hgb-jan-eval-train-before-20260101,false
1,2026-01-17T19:00:00Z,2026-01-17T12:00:00Z,2026-01-19T16:00:00Z,45,0.209464,hgb-jan-eval-train-before-20260101,false
1,2026-01-17T19:00:00Z,2026-01-17T12:00:00Z,2026-01-19T17:00:00Z,46,0.130514,hgb-jan-eval-train-before-20260101,false
1,2026-01-17T19:00:00Z,2026-01-17T12:00:00Z,2026-01-19T18:00:00Z,47,0.104591,hgb-jan-eval-train-before-20260101,false
1,2026-01-17T19:00:00Z,2026-01-17T12:00:00Z,2026-01-19T19:00:00Z,48,0.109519,hgb-jan-eval-train-before-20260101,false
2,2026-01-17T19:00:00Z,2026-01-17T12:00:00Z,2026-01-17T20:00:00Z,1,0.028542,hgb-jan-eval-train-before-20260101,false
2,2026-01-17T19:00:00Z,2026-01-17T12:00:00Z,2026-01-17T21:00:00Z,2,0.024338,hgb-jan-eval-train-before-20260101,false
2,2026-01-17T19:00:00Z,2026-01-17T12:00:00Z,2026-01-17T22:00:00Z,3,0.045032,hgb-jan-eval-train-before-20260101,false
2,2026-01-17T19:00:00Z,2026-01-17T12:00:00Z,2026-01-17T23:00:00Z,4,0.031434,hgb-jan-eval-train-before-20260101,false
2,2026-01-17T19:00:00Z,2026-01-17T12:00:00Z,2026-01-18T00:00:00Z,5,0.036381,hgb-jan-eval-train-before-20260101,false
2,2026-01-17T19:00:00Z,2026-01-17T12:00:00Z,2026-01-18T01:00:00Z,6,0.042006,hgb-jan-eval-train-before-20260101,false
2,2026-01-17T19:00:00Z,2026-01-17T12:00:00Z,2026-01-18T02:00:00Z,7,0.080863,hgb-jan-eval-train-before-20260101,false
2,2026-01-17T19:00:00Z,2026-01-17T12:00:00Z,2026-01-18T03:00:00Z,8,0.123470,hgb-jan-eval-train-before-20260101,false
2,2026-01-17T19:00:00Z,2026-01-17T12:00:00Z,2026-01-18T04:00:00Z,9,0.159957,hgb-jan-eval-train-before-20260101,false
2,2026-01-17T19:00:00Z,2026-01-17T12:00:00Z,2026-01-18T05:00:00Z,10,0.157234,hgb-jan-eval-train-before-20260101,false
2,2026-01-17T19:00:00Z,2026-01-17T12:00:00Z,2026-01-18T06:00:00Z,11,0.434496,hgb-jan-eval-train-before-20260101,false
2,2026-01-17T19:00:00Z,2026-01-17T12:00:00Z,2026-01-18T07:00:00Z,12,0.400387,hgb-jan-eval-train-before-20260101,false
2,2026-01-17T19:00:00Z,2026-01-17T12:00:00Z,2026-01-18T08:00:00Z,13,0.426130,hgb-jan-eval-train-before-20260101,false
2,2026-01-17T19:00:00Z,2026-01-17T12:00:00Z,2026-01-18T09:00:00Z,14,0.421320,hgb-jan-eval-train-before-20260101,false
2,2026-01-17T19:00:00Z,2026-01-17T12:00:00Z,2026-01-18T10:00:00Z,15,0.391106,hgb-jan-eval-train-before-20260101,false
2,2026-01-17T19:00:00Z,2026-01-17T12:00:00Z,2026-01-18T11:00:00Z,16,0.336944,hgb-jan-eval-train-before-20260101,false
2,2026-01-17T19:00:00Z,2026-01-17T12:00:00Z,2026-01-18T12:00:00Z,17,0.216937,hgb-jan-eval-train-before-20260101,false
2,2026-01-17T19:00:00Z,2026-01-17T12:00:00Z,2026-01-18T13:00:00Z,18,0.110157,hgb-jan-eval-train-before-20260101,false
2,2026-01-17T19:00:00Z,2026-01-17T12:00:00Z,2026-01-18T14:00:00Z,19,0.130795,hgb-jan-eval-train-before-20260101,false
2,2026-01-17T19:00:00Z,2026-01-17T12:00:00Z,2026-01-18T15:00:00Z,20,0.200810,hgb-jan-eval-train-before-20260101,false
2,2026-01-17T19:00:00Z,2026-01-17T12:00:00Z,2026-01-18T16:00:00Z,21,0.343787,hgb-jan-eval-train-before-20260101,false
2,2026-01-17T19:00:00Z,2026-01-17T12:00:00Z,2026-01-18T17:00:00Z,22,0.524227,hgb-jan-eval-train-before-20260101,false
2,2026-01-17T19:00:00Z,2026-01-17T12:00:00Z,2026-01-18T18:00:00Z,23,0.703775,hgb-jan-eval-train-before-20260101,false
2,2026-01-17T19:00:00Z,2026-01-17T12:00:00Z,2026-01-18T19:00:00Z,24,0.712587,hgb-jan-eval-train-before-20260101,false
2,2026-01-17T19:00:00Z,2026-01-17T12:00:00Z,2026-01-18T20:00:00Z,25,0.719954,hgb-jan-eval-train-before-20260101,false
2,2026-01-17T19:00:00Z,2026-01-17T12:00:00Z,2026-01-18T21:00:00Z,26,0.732815,hgb-jan-eval-train-before-20260101,false
2,2026-01-17T19:00:00Z,2026-01-17T12:00:00Z,2026-01-18T22:00:00Z,27,0.662753,hgb-jan-eval-train-before-20260101,false
2,2026-01-17T19:00:00Z,2026-01-17T12:00:00Z,2026-01-18T23:00:00Z,28,0.681390,hgb-jan-eval-train-before-20260101,false
2,2026-01-17T19:00:00Z,2026-01-17T12:00:00Z,2026-01-19T00:00:00Z,29,0.651769,hgb-jan-eval-train-before-20260101,false
2,2026-01-17T19:00:00Z,2026-01-17T12:00:00Z,2026-01-19T01:00:00Z,30,0.633355,hgb-jan-eval-train-before-20260101,false
2,2026-01-17T19:00:00Z,2026-01-17T12:00:00Z,2026-01-19T02:00:00Z,31,0.586782,hgb-jan-eval-train-before-20260101,false
2,2026-01-17T19:00:00Z,2026-01-17T12:00:00Z,2026-01-19T03:00:00Z,32,0.571873,hgb-jan-eval-train-before-20260101,false
2,2026-01-17T19:00:00Z,2026-01-17T12:00:00Z,2026-01-19T04:00:00Z,33,0.594955,hgb-jan-eval-train-before-20260101,false
2,2026-01-17T19:00:00Z,2026-01-17T12:00:00Z,2026-01-19T05:00:00Z,34,0.603358,hgb-jan-eval-train-before-20260101,false
2,2026-01-17T19:00:00Z,2026-01-17T12:00:00Z,2026-01-19T06:00:00Z,35,0.687262,hgb-jan-eval-train-before-20260101,false
2,2026-01-17T19:00:00Z,2026-01-17T12:00:00Z,2026-01-19T07:00:00Z,36,0.791873,hgb-jan-eval-train-before-20260101,false
2,2026-01-17T19:00:00Z,2026-01-17T12:00:00Z,2026-01-19T08:00:00Z,37,0.799844,hgb-jan-eval-train-before-20260101,false
2,2026-01-17T19:00:00Z,2026-01-17T12:00:00Z,2026-01-19T09:00:00Z,38,0.828653,hgb-jan-eval-train-before-20260101,false
2,2026-01-17T19:00:00Z,2026-01-17T12:00:00Z,2026-01-19T10:00:00Z,39,0.714466,hgb-jan-eval-train-before-20260101,false
2,2026-01-17T19:00:00Z,2026-01-17T12:00:00Z,2026-01-19T11:00:00Z,40,0.780438,hgb-jan-eval-train-before-20260101,false
2,2026-01-17T19:00:00Z,2026-01-17T12:00:00Z,2026-01-19T12:00:00Z,41,0.615154,hgb-jan-eval-train-before-20260101,false
2,2026-01-17T19:00:00Z,2026-01-17T12:00:00Z,2026-01-19T13:00:00Z,42,0.558852,hgb-jan-eval-train-before-20260101,false
2,2026-01-17T19:00:00Z,2026-01-17T12:00:00Z,2026-01-19T14:00:00Z,43,0.286486,hgb-jan-eval-train-before-20260101,false
2,2026-01-17T19:00:00Z,2026-01-17T12:00:00Z,2026-01-19T15:00:00Z,44,0.250881,hgb-jan-eval-train-before-20260101,false
2,2026-01-17T19:00:00Z,2026-01-17T12:00:00Z,2026-01-19T16:00:00Z,45,0.209464,hgb-jan-eval-train-before-20260101,false
2,2026-01-17T19:00:00Z,2026-01-17T12:00:00Z,2026-01-19T17:00:00Z,46,0.130514,hgb-jan-eval-train-before-20260101,false
2,2026-01-17T19:00:00Z,2026-01-17T12:00:00Z,2026-01-19T18:00:00Z,47,0.104591,hgb-jan-eval-train-before-20260101,false
2,2026-01-17T19:00:00Z,2026-01-17T12:00:00Z,2026-01-19T19:00:00Z,48,0.109519,hgb-jan-eval-train-before-20260101,false
1,2026-01-18T19:00:00Z,2026-01-18T12:00:00Z,2026-01-18T20:00:00Z,1,0.720319,hgb-jan-eval-train-before-20260101,false
1,2026-01-18T19:00:00Z,2026-01-18T12:00:00Z,2026-01-18T21:00:00Z,2,0.671894,hgb-jan-eval-train-before-20260101,false
1,2026-01-18T19:00:00Z,2026-01-18T12:00:00Z,2026-01-18T22:00:00Z,3,0.691268,hgb-jan-eval-train-before-20260101,false
1,2026-01-18T19:00:00Z,2026-01-18T12:00:00Z,2026-01-18T23:00:00Z,4,0.668840,hgb-jan-eval-train-before-20260101,false
1,2026-01-18T19:00:00Z,2026-01-18T12:00:00Z,2026-01-19T00:00:00Z,5,0.700410,hgb-jan-eval-train-before-20260101,false
1,2026-01-18T19:00:00Z,2026-01-18T12:00:00Z,2026-01-19T01:00:00Z,6,0.667670,hgb-jan-eval-train-before-20260101,false
1,2026-01-18T19:00:00Z,2026-01-18T12:00:00Z,2026-01-19T02:00:00Z,7,0.657659,hgb-jan-eval-train-before-20260101,false
1,2026-01-18T19:00:00Z,2026-01-18T12:00:00Z,2026-01-19T03:00:00Z,8,0.634431,hgb-jan-eval-train-before-20260101,false
1,2026-01-18T19:00:00Z,2026-01-18T12:00:00Z,2026-01-19T04:00:00Z,9,0.593018,hgb-jan-eval-train-before-20260101,false
1,2026-01-18T19:00:00Z,2026-01-18T12:00:00Z,2026-01-19T05:00:00Z,10,0.532763,hgb-jan-eval-train-before-20260101,false
1,2026-01-18T19:00:00Z,2026-01-18T12:00:00Z,2026-01-19T06:00:00Z,11,0.526898,hgb-jan-eval-train-before-20260101,false
1,2026-01-18T19:00:00Z,2026-01-18T12:00:00Z,2026-01-19T07:00:00Z,12,0.669288,hgb-jan-eval-train-before-20260101,false
1,2026-01-18T19:00:00Z,2026-01-18T12:00:00Z,2026-01-19T08:00:00Z,13,0.675424,hgb-jan-eval-train-before-20260101,false
1,2026-01-18T19:00:00Z,2026-01-18T12:00:00Z,2026-01-19T09:00:00Z,14,0.702486,hgb-jan-eval-train-before-20260101,false
1,2026-01-18T19:00:00Z,2026-01-18T12:00:00Z,2026-01-19T10:00:00Z,15,0.634497,hgb-jan-eval-train-before-20260101,false
1,2026-01-18T19:00:00Z,2026-01-18T12:00:00Z,2026-01-19T11:00:00Z,16,0.558016,hgb-jan-eval-train-before-20260101,false
1,2026-01-18T19:00:00Z,2026-01-18T12:00:00Z,2026-01-19T12:00:00Z,17,0.561015,hgb-jan-eval-train-before-20260101,false
1,2026-01-18T19:00:00Z,2026-01-18T12:00:00Z,2026-01-19T13:00:00Z,18,0.394201,hgb-jan-eval-train-before-20260101,false
1,2026-01-18T19:00:00Z,2026-01-18T12:00:00Z,2026-01-19T14:00:00Z,19,0.200111,hgb-jan-eval-train-before-20260101,false
1,2026-01-18T19:00:00Z,2026-01-18T12:00:00Z,2026-01-19T15:00:00Z,20,0.167327,hgb-jan-eval-train-before-20260101,false
1,2026-01-18T19:00:00Z,2026-01-18T12:00:00Z,2026-01-19T16:00:00Z,21,0.090729,hgb-jan-eval-train-before-20260101,false
1,2026-01-18T19:00:00Z,2026-01-18T12:00:00Z,2026-01-19T17:00:00Z,22,0.072313,hgb-jan-eval-train-before-20260101,false
1,2026-01-18T19:00:00Z,2026-01-18T12:00:00Z,2026-01-19T18:00:00Z,23,0.046047,hgb-jan-eval-train-before-20260101,false
1,2026-01-18T19:00:00Z,2026-01-18T12:00:00Z,2026-01-19T19:00:00Z,24,0.026157,hgb-jan-eval-train-before-20260101,false
1,2026-01-18T19:00:00Z,2026-01-18T12:00:00Z,2026-01-19T20:00:00Z,25,0.016046,hgb-jan-eval-train-before-20260101,false
1,2026-01-18T19:00:00Z,2026-01-18T12:00:00Z,2026-01-19T21:00:00Z,26,0.038333,hgb-jan-eval-train-before-20260101,false
1,2026-01-18T19:00:00Z,2026-01-18T12:00:00Z,2026-01-19T22:00:00Z,27,0.082542,hgb-jan-eval-train-before-20260101,false
1,2026-01-18T19:00:00Z,2026-01-18T12:00:00Z,2026-01-19T23:00:00Z,28,0.069368,hgb-jan-eval-train-before-20260101,false
1,2026-01-18T19:00:00Z,2026-01-18T12:00:00Z,2026-01-20T00:00:00Z,29,0.066902,hgb-jan-eval-train-before-20260101,false
1,2026-01-18T19:00:00Z,2026-01-18T12:00:00Z,2026-01-20T01:00:00Z,30,0.050069,hgb-jan-eval-train-before-20260101,false
1,2026-01-18T19:00:00Z,2026-01-18T12:00:00Z,2026-01-20T02:00:00Z,31,0.049189,hgb-jan-eval-train-before-20260101,false
1,2026-01-18T19:00:00Z,2026-01-18T12:00:00Z,2026-01-20T03:00:00Z,32,0.066246,hgb-jan-eval-train-before-20260101,false
1,2026-01-18T19:00:00Z,2026-01-18T12:00:00Z,2026-01-20T04:00:00Z,33,0.067578,hgb-jan-eval-train-before-20260101,false
1,2026-01-18T19:00:00Z,2026-01-18T12:00:00Z,2026-01-20T05:00:00Z,34,0.052863,hgb-jan-eval-train-before-20260101,false
1,2026-01-18T19:00:00Z,2026-01-18T12:00:00Z,2026-01-20T06:00:00Z,35,0.061742,hgb-jan-eval-train-before-20260101,false
1,2026-01-18T19:00:00Z,2026-01-18T12:00:00Z,2026-01-20T07:00:00Z,36,0.081302,hgb-jan-eval-train-before-20260101,false
1,2026-01-18T19:00:00Z,2026-01-18T12:00:00Z,2026-01-20T08:00:00Z,37,0.073500,hgb-jan-eval-train-before-20260101,false
1,2026-01-18T19:00:00Z,2026-01-18T12:00:00Z,2026-01-20T09:00:00Z,38,0.076921,hgb-jan-eval-train-before-20260101,false
1,2026-01-18T19:00:00Z,2026-01-18T12:00:00Z,2026-01-20T10:00:00Z,39,0.102251,hgb-jan-eval-train-before-20260101,false
1,2026-01-18T19:00:00Z,2026-01-18T12:00:00Z,2026-01-20T11:00:00Z,40,0.047160,hgb-jan-eval-train-before-20260101,false
1,2026-01-18T19:00:00Z,2026-01-18T12:00:00Z,2026-01-20T12:00:00Z,41,0.026484,hgb-jan-eval-train-before-20260101,false
1,2026-01-18T19:00:00Z,2026-01-18T12:00:00Z,2026-01-20T13:00:00Z,42,0.012598,hgb-jan-eval-train-before-20260101,false
1,2026-01-18T19:00:00Z,2026-01-18T12:00:00Z,2026-01-20T14:00:00Z,43,0.027849,hgb-jan-eval-train-before-20260101,false
1,2026-01-18T19:00:00Z,2026-01-18T12:00:00Z,2026-01-20T15:00:00Z,44,0.038441,hgb-jan-eval-train-before-20260101,false
1,2026-01-18T19:00:00Z,2026-01-18T12:00:00Z,2026-01-20T16:00:00Z,45,0.046828,hgb-jan-eval-train-before-20260101,false
1,2026-01-18T19:00:00Z,2026-01-18T12:00:00Z,2026-01-20T17:00:00Z,46,0.116506,hgb-jan-eval-train-before-20260101,false
1,2026-01-18T19:00:00Z,2026-01-18T12:00:00Z,2026-01-20T18:00:00Z,47,0.196261,hgb-jan-eval-train-before-20260101,false
1,2026-01-18T19:00:00Z,2026-01-18T12:00:00Z,2026-01-20T19:00:00Z,48,0.418614,hgb-jan-eval-train-before-20260101,false
2,2026-01-18T19:00:00Z,2026-01-18T12:00:00Z,2026-01-18T20:00:00Z,1,0.720319,hgb-jan-eval-train-before-20260101,false
2,2026-01-18T19:00:00Z,2026-01-18T12:00:00Z,2026-01-18T21:00:00Z,2,0.671894,hgb-jan-eval-train-before-20260101,false
2,2026-01-18T19:00:00Z,2026-01-18T12:00:00Z,2026-01-18T22:00:00Z,3,0.691268,hgb-jan-eval-train-before-20260101,false
2,2026-01-18T19:00:00Z,2026-01-18T12:00:00Z,2026-01-18T23:00:00Z,4,0.668840,hgb-jan-eval-train-before-20260101,false
2,2026-01-18T19:00:00Z,2026-01-18T12:00:00Z,2026-01-19T00:00:00Z,5,0.700410,hgb-jan-eval-train-before-20260101,false
2,2026-01-18T19:00:00Z,2026-01-18T12:00:00Z,2026-01-19T01:00:00Z,6,0.667670,hgb-jan-eval-train-before-20260101,false
2,2026-01-18T19:00:00Z,2026-01-18T12:00:00Z,2026-01-19T02:00:00Z,7,0.657659,hgb-jan-eval-train-before-20260101,false
2,2026-01-18T19:00:00Z,2026-01-18T12:00:00Z,2026-01-19T03:00:00Z,8,0.634431,hgb-jan-eval-train-before-20260101,false
2,2026-01-18T19:00:00Z,2026-01-18T12:00:00Z,2026-01-19T04:00:00Z,9,0.593018,hgb-jan-eval-train-before-20260101,false
2,2026-01-18T19:00:00Z,2026-01-18T12:00:00Z,2026-01-19T05:00:00Z,10,0.532763,hgb-jan-eval-train-before-20260101,false
2,2026-01-18T19:00:00Z,2026-01-18T12:00:00Z,2026-01-19T06:00:00Z,11,0.526898,hgb-jan-eval-train-before-20260101,false
2,2026-01-18T19:00:00Z,2026-01-18T12:00:00Z,2026-01-19T07:00:00Z,12,0.669288,hgb-jan-eval-train-before-20260101,false
2,2026-01-18T19:00:00Z,2026-01-18T12:00:00Z,2026-01-19T08:00:00Z,13,0.675424,hgb-jan-eval-train-before-20260101,false
2,2026-01-18T19:00:00Z,2026-01-18T12:00:00Z,2026-01-19T09:00:00Z,14,0.702486,hgb-jan-eval-train-before-20260101,false
2,2026-01-18T19:00:00Z,2026-01-18T12:00:00Z,2026-01-19T10:00:00Z,15,0.634497,hgb-jan-eval-train-before-20260101,false
2,2026-01-18T19:00:00Z,2026-01-18T12:00:00Z,2026-01-19T11:00:00Z,16,0.558016,hgb-jan-eval-train-before-20260101,false
2,2026-01-18T19:00:00Z,2026-01-18T12:00:00Z,2026-01-19T12:00:00Z,17,0.561015,hgb-jan-eval-train-before-20260101,false
2,2026-01-18T19:00:00Z,2026-01-18T12:00:00Z,2026-01-19T13:00:00Z,18,0.394201,hgb-jan-eval-train-before-20260101,false
2,2026-01-18T19:00:00Z,2026-01-18T12:00:00Z,2026-01-19T14:00:00Z,19,0.200111,hgb-jan-eval-train-before-20260101,false
2,2026-01-18T19:00:00Z,2026-01-18T12:00:00Z,2026-01-19T15:00:00Z,20,0.167327,hgb-jan-eval-train-before-20260101,false
2,2026-01-18T19:00:00Z,2026-01-18T12:00:00Z,2026-01-19T16:00:00Z,21,0.090729,hgb-jan-eval-train-before-20260101,false
2,2026-01-18T19:00:00Z,2026-01-18T12:00:00Z,2026-01-19T17:00:00Z,22,0.072313,hgb-jan-eval-train-before-20260101,false
2,2026-01-18T19:00:00Z,2026-01-18T12:00:00Z,2026-01-19T18:00:00Z,23,0.046047,hgb-jan-eval-train-before-20260101,false
2,2026-01-18T19:00:00Z,2026-01-18T12:00:00Z,2026-01-19T19:00:00Z,24,0.026157,hgb-jan-eval-train-before-20260101,false
2,2026-01-18T19:00:00Z,2026-01-18T12:00:00Z,2026-01-19T20:00:00Z,25,0.016046,hgb-jan-eval-train-before-20260101,false
2,2026-01-18T19:00:00Z,2026-01-18T12:00:00Z,2026-01-19T21:00:00Z,26,0.038333,hgb-jan-eval-train-before-20260101,false
2,2026-01-18T19:00:00Z,2026-01-18T12:00:00Z,2026-01-19T22:00:00Z,27,0.082542,hgb-jan-eval-train-before-20260101,false
2,2026-01-18T19:00:00Z,2026-01-18T12:00:00Z,2026-01-19T23:00:00Z,28,0.069368,hgb-jan-eval-train-before-20260101,false
2,2026-01-18T19:00:00Z,2026-01-18T12:00:00Z,2026-01-20T00:00:00Z,29,0.066902,hgb-jan-eval-train-before-20260101,false
2,2026-01-18T19:00:00Z,2026-01-18T12:00:00Z,2026-01-20T01:00:00Z,30,0.050069,hgb-jan-eval-train-before-20260101,false
2,2026-01-18T19:00:00Z,2026-01-18T12:00:00Z,2026-01-20T02:00:00Z,31,0.049189,hgb-jan-eval-train-before-20260101,false
2,2026-01-18T19:00:00Z,2026-01-18T12:00:00Z,2026-01-20T03:00:00Z,32,0.066246,hgb-jan-eval-train-before-20260101,false
2,2026-01-18T19:00:00Z,2026-01-18T12:00:00Z,2026-01-20T04:00:00Z,33,0.067578,hgb-jan-eval-train-before-20260101,false
2,2026-01-18T19:00:00Z,2026-01-18T12:00:00Z,2026-01-20T05:00:00Z,34,0.052863,hgb-jan-eval-train-before-20260101,false
2,2026-01-18T19:00:00Z,2026-01-18T12:00:00Z,2026-01-20T06:00:00Z,35,0.061742,hgb-jan-eval-train-before-20260101,false
2,2026-01-18T19:00:00Z,2026-01-18T12:00:00Z,2026-01-20T07:00:00Z,36,0.081302,hgb-jan-eval-train-before-20260101,false
2,2026-01-18T19:00:00Z,2026-01-18T12:00:00Z,2026-01-20T08:00:00Z,37,0.073500,hgb-jan-eval-train-before-20260101,false
2,2026-01-18T19:00:00Z,2026-01-18T12:00:00Z,2026-01-20T09:00:00Z,38,0.076921,hgb-jan-eval-train-before-20260101,false
2,2026-01-18T19:00:00Z,2026-01-18T12:00:00Z,2026-01-20T10:00:00Z,39,0.102251,hgb-jan-eval-train-before-20260101,false
2,2026-01-18T19:00:00Z,2026-01-18T12:00:00Z,2026-01-20T11:00:00Z,40,0.047160,hgb-jan-eval-train-before-20260101,false
2,2026-01-18T19:00:00Z,2026-01-18T12:00:00Z,2026-01-20T12:00:00Z,41,0.026484,hgb-jan-eval-train-before-20260101,false
2,2026-01-18T19:00:00Z,2026-01-18T12:00:00Z,2026-01-20T13:00:00Z,42,0.012598,hgb-jan-eval-train-before-20260101,false
2,2026-01-18T19:00:00Z,2026-01-18T12:00:00Z,2026-01-20T14:00:00Z,43,0.027849,hgb-jan-eval-train-before-20260101,false
2,2026-01-18T19:00:00Z,2026-01-18T12:00:00Z,2026-01-20T15:00:00Z,44,0.038441,hgb-jan-eval-train-before-20260101,false
2,2026-01-18T19:00:00Z,2026-01-18T12:00:00Z,2026-01-20T16:00:00Z,45,0.046828,hgb-jan-eval-train-before-20260101,false
2,2026-01-18T19:00:00Z,2026-01-18T12:00:00Z,2026-01-20T17:00:00Z,46,0.116506,hgb-jan-eval-train-before-20260101,false
2,2026-01-18T19:00:00Z,2026-01-18T12:00:00Z,2026-01-20T18:00:00Z,47,0.196261,hgb-jan-eval-train-before-20260101,false
2,2026-01-18T19:00:00Z,2026-01-18T12:00:00Z,2026-01-20T19:00:00Z,48,0.418614,hgb-jan-eval-train-before-20260101,false
1,2026-01-19T19:00:00Z,2026-01-19T12:00:00Z,2026-01-19T20:00:00Z,1,0.115575,hgb-jan-eval-train-before-20260101,false
1,2026-01-19T19:00:00Z,2026-01-19T12:00:00Z,2026-01-19T21:00:00Z,2,0.122432,hgb-jan-eval-train-before-20260101,false
1,2026-01-19T19:00:00Z,2026-01-19T12:00:00Z,2026-01-19T22:00:00Z,3,0.126749,hgb-jan-eval-train-before-20260101,false
1,2026-01-19T19:00:00Z,2026-01-19T12:00:00Z,2026-01-19T23:00:00Z,4,0.081897,hgb-jan-eval-train-before-20260101,false
1,2026-01-19T19:00:00Z,2026-01-19T12:00:00Z,2026-01-20T00:00:00Z,5,0.039923,hgb-jan-eval-train-before-20260101,false
1,2026-01-19T19:00:00Z,2026-01-19T12:00:00Z,2026-01-20T01:00:00Z,6,0.037872,hgb-jan-eval-train-before-20260101,false
1,2026-01-19T19:00:00Z,2026-01-19T12:00:00Z,2026-01-20T02:00:00Z,7,0.016990,hgb-jan-eval-train-before-20260101,false
1,2026-01-19T19:00:00Z,2026-01-19T12:00:00Z,2026-01-20T03:00:00Z,8,0.086260,hgb-jan-eval-train-before-20260101,false
1,2026-01-19T19:00:00Z,2026-01-19T12:00:00Z,2026-01-20T04:00:00Z,9,0.051627,hgb-jan-eval-train-before-20260101,false
1,2026-01-19T19:00:00Z,2026-01-19T12:00:00Z,2026-01-20T05:00:00Z,10,0.074837,hgb-jan-eval-train-before-20260101,false
1,2026-01-19T19:00:00Z,2026-01-19T12:00:00Z,2026-01-20T06:00:00Z,11,0.118793,hgb-jan-eval-train-before-20260101,false
1,2026-01-19T19:00:00Z,2026-01-19T12:00:00Z,2026-01-20T07:00:00Z,12,0.158704,hgb-jan-eval-train-before-20260101,false
1,2026-01-19T19:00:00Z,2026-01-19T12:00:00Z,2026-01-20T08:00:00Z,13,0.163233,hgb-jan-eval-train-before-20260101,false
1,2026-01-19T19:00:00Z,2026-01-19T12:00:00Z,2026-01-20T09:00:00Z,14,0.138883,hgb-jan-eval-train-before-20260101,false
1,2026-01-19T19:00:00Z,2026-01-19T12:00:00Z,2026-01-20T10:00:00Z,15,0.116203,hgb-jan-eval-train-before-20260101,false
1,2026-01-19T19:00:00Z,2026-01-19T12:00:00Z,2026-01-20T11:00:00Z,16,0.087635,hgb-jan-eval-train-before-20260101,false
1,2026-01-19T19:00:00Z,2026-01-19T12:00:00Z,2026-01-20T12:00:00Z,17,0.057337,hgb-jan-eval-train-before-20260101,false
1,2026-01-19T19:00:00Z,2026-01-19T12:00:00Z,2026-01-20T13:00:00Z,18,0.038290,hgb-jan-eval-train-before-20260101,false
1,2026-01-19T19:00:00Z,2026-01-19T12:00:00Z,2026-01-20T14:00:00Z,19,0.036353,hgb-jan-eval-train-before-20260101,false
1,2026-01-19T19:00:00Z,2026-01-19T12:00:00Z,2026-01-20T15:00:00Z,20,0.023905,hgb-jan-eval-train-before-20260101,false
1,2026-01-19T19:00:00Z,2026-01-19T12:00:00Z,2026-01-20T16:00:00Z,21,0.044985,hgb-jan-eval-train-before-20260101,false
1,2026-01-19T19:00:00Z,2026-01-19T12:00:00Z,2026-01-20T17:00:00Z,22,0.138750,hgb-jan-eval-train-before-20260101,false
1,2026-01-19T19:00:00Z,2026-01-19T12:00:00Z,2026-01-20T18:00:00Z,23,0.401668,hgb-jan-eval-train-before-20260101,false
1,2026-01-19T19:00:00Z,2026-01-19T12:00:00Z,2026-01-20T19:00:00Z,24,0.588872,hgb-jan-eval-train-before-20260101,false
1,2026-01-19T19:00:00Z,2026-01-19T12:00:00Z,2026-01-20T20:00:00Z,25,0.576240,hgb-jan-eval-train-before-20260101,false
1,2026-01-19T19:00:00Z,2026-01-19T12:00:00Z,2026-01-20T21:00:00Z,26,0.579280,hgb-jan-eval-train-before-20260101,false
1,2026-01-19T19:00:00Z,2026-01-19T12:00:00Z,2026-01-20T22:00:00Z,27,0.686176,hgb-jan-eval-train-before-20260101,false
1,2026-01-19T19:00:00Z,2026-01-19T12:00:00Z,2026-01-20T23:00:00Z,28,0.739519,hgb-jan-eval-train-before-20260101,false
1,2026-01-19T19:00:00Z,2026-01-19T12:00:00Z,2026-01-21T00:00:00Z,29,0.767758,hgb-jan-eval-train-before-20260101,false
1,2026-01-19T19:00:00Z,2026-01-19T12:00:00Z,2026-01-21T01:00:00Z,30,0.744533,hgb-jan-eval-train-before-20260101,false
1,2026-01-19T19:00:00Z,2026-01-19T12:00:00Z,2026-01-21T02:00:00Z,31,0.705665,hgb-jan-eval-train-before-20260101,false
1,2026-01-19T19:00:00Z,2026-01-19T12:00:00Z,2026-01-21T03:00:00Z,32,0.697729,hgb-jan-eval-train-before-20260101,false
1,2026-01-19T19:00:00Z,2026-01-19T12:00:00Z,2026-01-21T04:00:00Z,33,0.635355,hgb-jan-eval-train-before-20260101,false
1,2026-01-19T19:00:00Z,2026-01-19T12:00:00Z,2026-01-21T05:00:00Z,34,0.545808,hgb-jan-eval-train-before-20260101,false
1,2026-01-19T19:00:00Z,2026-01-19T12:00:00Z,2026-01-21T06:00:00Z,35,0.770701,hgb-jan-eval-train-before-20260101,false
1,2026-01-19T19:00:00Z,2026-01-19T12:00:00Z,2026-01-21T07:00:00Z,36,0.801948,hgb-jan-eval-train-before-20260101,false
1,2026-01-19T19:00:00Z,2026-01-19T12:00:00Z,2026-01-21T08:00:00Z,37,0.898226,hgb-jan-eval-train-before-20260101,false
1,2026-01-19T19:00:00Z,2026-01-19T12:00:00Z,2026-01-21T09:00:00Z,38,0.923887,hgb-jan-eval-train-before-20260101,false
1,2026-01-19T19:00:00Z,2026-01-19T12:00:00Z,2026-01-21T10:00:00Z,39,0.875626,hgb-jan-eval-train-before-20260101,false
1,2026-01-19T19:00:00Z,2026-01-19T12:00:00Z,2026-01-21T11:00:00Z,40,0.853648,hgb-jan-eval-train-before-20260101,false
1,2026-01-19T19:00:00Z,2026-01-19T12:00:00Z,2026-01-21T12:00:00Z,41,0.821084,hgb-jan-eval-train-before-20260101,false
1,2026-01-19T19:00:00Z,2026-01-19T12:00:00Z,2026-01-21T13:00:00Z,42,0.802628,hgb-jan-eval-train-before-20260101,false
1,2026-01-19T19:00:00Z,2026-01-19T12:00:00Z,2026-01-21T14:00:00Z,43,0.838927,hgb-jan-eval-train-before-20260101,false
1,2026-01-19T19:00:00Z,2026-01-19T12:00:00Z,2026-01-21T15:00:00Z,44,0.793337,hgb-jan-eval-train-before-20260101,false
1,2026-01-19T19:00:00Z,2026-01-19T12:00:00Z,2026-01-21T16:00:00Z,45,0.833335,hgb-jan-eval-train-before-20260101,false
1,2026-01-19T19:00:00Z,2026-01-19T12:00:00Z,2026-01-21T17:00:00Z,46,0.880310,hgb-jan-eval-train-before-20260101,false
1,2026-01-19T19:00:00Z,2026-01-19T12:00:00Z,2026-01-21T18:00:00Z,47,0.708758,hgb-jan-eval-train-before-20260101,false
1,2026-01-19T19:00:00Z,2026-01-19T12:00:00Z,2026-01-21T19:00:00Z,48,0.772452,hgb-jan-eval-train-before-20260101,false
2,2026-01-19T19:00:00Z,2026-01-19T12:00:00Z,2026-01-19T20:00:00Z,1,0.115575,hgb-jan-eval-train-before-20260101,false
2,2026-01-19T19:00:00Z,2026-01-19T12:00:00Z,2026-01-19T21:00:00Z,2,0.122432,hgb-jan-eval-train-before-20260101,false
2,2026-01-19T19:00:00Z,2026-01-19T12:00:00Z,2026-01-19T22:00:00Z,3,0.126749,hgb-jan-eval-train-before-20260101,false
2,2026-01-19T19:00:00Z,2026-01-19T12:00:00Z,2026-01-19T23:00:00Z,4,0.081897,hgb-jan-eval-train-before-20260101,false
2,2026-01-19T19:00:00Z,2026-01-19T12:00:00Z,2026-01-20T00:00:00Z,5,0.039923,hgb-jan-eval-train-before-20260101,false
2,2026-01-19T19:00:00Z,2026-01-19T12:00:00Z,2026-01-20T01:00:00Z,6,0.037872,hgb-jan-eval-train-before-20260101,false
2,2026-01-19T19:00:00Z,2026-01-19T12:00:00Z,2026-01-20T02:00:00Z,7,0.016990,hgb-jan-eval-train-before-20260101,false
2,2026-01-19T19:00:00Z,2026-01-19T12:00:00Z,2026-01-20T03:00:00Z,8,0.086260,hgb-jan-eval-train-before-20260101,false
2,2026-01-19T19:00:00Z,2026-01-19T12:00:00Z,2026-01-20T04:00:00Z,9,0.051627,hgb-jan-eval-train-before-20260101,false
2,2026-01-19T19:00:00Z,2026-01-19T12:00:00Z,2026-01-20T05:00:00Z,10,0.074837,hgb-jan-eval-train-before-20260101,false
2,2026-01-19T19:00:00Z,2026-01-19T12:00:00Z,2026-01-20T06:00:00Z,11,0.118793,hgb-jan-eval-train-before-20260101,false
2,2026-01-19T19:00:00Z,2026-01-19T12:00:00Z,2026-01-20T07:00:00Z,12,0.158704,hgb-jan-eval-train-before-20260101,false
2,2026-01-19T19:00:00Z,2026-01-19T12:00:00Z,2026-01-20T08:00:00Z,13,0.163233,hgb-jan-eval-train-before-20260101,false
2,2026-01-19T19:00:00Z,2026-01-19T12:00:00Z,2026-01-20T09:00:00Z,14,0.138883,hgb-jan-eval-train-before-20260101,false
2,2026-01-19T19:00:00Z,2026-01-19T12:00:00Z,2026-01-20T10:00:00Z,15,0.116203,hgb-jan-eval-train-before-20260101,false
2,2026-01-19T19:00:00Z,2026-01-19T12:00:00Z,2026-01-20T11:00:00Z,16,0.087635,hgb-jan-eval-train-before-20260101,false
2,2026-01-19T19:00:00Z,2026-01-19T12:00:00Z,2026-01-20T12:00:00Z,17,0.057337,hgb-jan-eval-train-before-20260101,false
2,2026-01-19T19:00:00Z,2026-01-19T12:00:00Z,2026-01-20T13:00:00Z,18,0.038290,hgb-jan-eval-train-before-20260101,false
2,2026-01-19T19:00:00Z,2026-01-19T12:00:00Z,2026-01-20T14:00:00Z,19,0.036353,hgb-jan-eval-train-before-20260101,false
2,2026-01-19T19:00:00Z,2026-01-19T12:00:00Z,2026-01-20T15:00:00Z,20,0.023905,hgb-jan-eval-train-before-20260101,false
2,2026-01-19T19:00:00Z,2026-01-19T12:00:00Z,2026-01-20T16:00:00Z,21,0.044985,hgb-jan-eval-train-before-20260101,false
2,2026-01-19T19:00:00Z,2026-01-19T12:00:00Z,2026-01-20T17:00:00Z,22,0.138750,hgb-jan-eval-train-before-20260101,false
2,2026-01-19T19:00:00Z,2026-01-19T12:00:00Z,2026-01-20T18:00:00Z,23,0.401668,hgb-jan-eval-train-before-20260101,false
2,2026-01-19T19:00:00Z,2026-01-19T12:00:00Z,2026-01-20T19:00:00Z,24,0.588872,hgb-jan-eval-train-before-20260101,false
2,2026-01-19T19:00:00Z,2026-01-19T12:00:00Z,2026-01-20T20:00:00Z,25,0.576240,hgb-jan-eval-train-before-20260101,false
2,2026-01-19T19:00:00Z,2026-01-19T12:00:00Z,2026-01-20T21:00:00Z,26,0.579280,hgb-jan-eval-train-before-20260101,false
2,2026-01-19T19:00:00Z,2026-01-19T12:00:00Z,2026-01-20T22:00:00Z,27,0.686176,hgb-jan-eval-train-before-20260101,false
2,2026-01-19T19:00:00Z,2026-01-19T12:00:00Z,2026-01-20T23:00:00Z,28,0.739519,hgb-jan-eval-train-before-20260101,false
2,2026-01-19T19:00:00Z,2026-01-19T12:00:00Z,2026-01-21T00:00:00Z,29,0.767758,hgb-jan-eval-train-before-20260101,false
2,2026-01-19T19:00:00Z,2026-01-19T12:00:00Z,2026-01-21T01:00:00Z,30,0.744533,hgb-jan-eval-train-before-20260101,false
2,2026-01-19T19:00:00Z,2026-01-19T12:00:00Z,2026-01-21T02:00:00Z,31,0.705665,hgb-jan-eval-train-before-20260101,false
2,2026-01-19T19:00:00Z,2026-01-19T12:00:00Z,2026-01-21T03:00:00Z,32,0.697729,hgb-jan-eval-train-before-20260101,false
2,2026-01-19T19:00:00Z,2026-01-19T12:00:00Z,2026-01-21T04:00:00Z,33,0.635355,hgb-jan-eval-train-before-20260101,false
2,2026-01-19T19:00:00Z,2026-01-19T12:00:00Z,2026-01-21T05:00:00Z,34,0.545808,hgb-jan-eval-train-before-20260101,false
2,2026-01-19T19:00:00Z,2026-01-19T12:00:00Z,2026-01-21T06:00:00Z,35,0.770701,hgb-jan-eval-train-before-20260101,false
2,2026-01-19T19:00:00Z,2026-01-19T12:00:00Z,2026-01-21T07:00:00Z,36,0.801948,hgb-jan-eval-train-before-20260101,false
2,2026-01-19T19:00:00Z,2026-01-19T12:00:00Z,2026-01-21T08:00:00Z,37,0.898226,hgb-jan-eval-train-before-20260101,false
2,2026-01-19T19:00:00Z,2026-01-19T12:00:00Z,2026-01-21T09:00:00Z,38,0.923887,hgb-jan-eval-train-before-20260101,false
2,2026-01-19T19:00:00Z,2026-01-19T12:00:00Z,2026-01-21T10:00:00Z,39,0.875626,hgb-jan-eval-train-before-20260101,false
2,2026-01-19T19:00:00Z,2026-01-19T12:00:00Z,2026-01-21T11:00:00Z,40,0.853648,hgb-jan-eval-train-before-20260101,false
2,2026-01-19T19:00:00Z,2026-01-19T12:00:00Z,2026-01-21T12:00:00Z,41,0.821084,hgb-jan-eval-train-before-20260101,false
2,2026-01-19T19:00:00Z,2026-01-19T12:00:00Z,2026-01-21T13:00:00Z,42,0.802628,hgb-jan-eval-train-before-20260101,false
2,2026-01-19T19:00:00Z,2026-01-19T12:00:00Z,2026-01-21T14:00:00Z,43,0.838927,hgb-jan-eval-train-before-20260101,false
2,2026-01-19T19:00:00Z,2026-01-19T12:00:00Z,2026-01-21T15:00:00Z,44,0.793337,hgb-jan-eval-train-before-20260101,false
2,2026-01-19T19:00:00Z,2026-01-19T12:00:00Z,2026-01-21T16:00:00Z,45,0.833335,hgb-jan-eval-train-before-20260101,false
2,2026-01-19T19:00:00Z,2026-01-19T12:00:00Z,2026-01-21T17:00:00Z,46,0.880310,hgb-jan-eval-train-before-20260101,false
2,2026-01-19T19:00:00Z,2026-01-19T12:00:00Z,2026-01-21T18:00:00Z,47,0.708758,hgb-jan-eval-train-before-20260101,false
2,2026-01-19T19:00:00Z,2026-01-19T12:00:00Z,2026-01-21T19:00:00Z,48,0.772452,hgb-jan-eval-train-before-20260101,false
1,2026-01-20T19:00:00Z,2026-01-20T12:00:00Z,2026-01-20T20:00:00Z,1,0.595449,hgb-jan-eval-train-before-20260101,false
1,2026-01-20T19:00:00Z,2026-01-20T12:00:00Z,2026-01-20T21:00:00Z,2,0.655227,hgb-jan-eval-train-before-20260101,false
1,2026-01-20T19:00:00Z,2026-01-20T12:00:00Z,2026-01-20T22:00:00Z,3,0.656763,hgb-jan-eval-train-before-20260101,false
1,2026-01-20T19:00:00Z,2026-01-20T12:00:00Z,2026-01-20T23:00:00Z,4,0.698711,hgb-jan-eval-train-before-20260101,false
1,2026-01-20T19:00:00Z,2026-01-20T12:00:00Z,2026-01-21T00:00:00Z,5,0.722232,hgb-jan-eval-train-before-20260101,false
1,2026-01-20T19:00:00Z,2026-01-20T12:00:00Z,2026-01-21T01:00:00Z,6,0.740871,hgb-jan-eval-train-before-20260101,false
1,2026-01-20T19:00:00Z,2026-01-20T12:00:00Z,2026-01-21T02:00:00Z,7,0.747005,hgb-jan-eval-train-before-20260101,false
1,2026-01-20T19:00:00Z,2026-01-20T12:00:00Z,2026-01-21T03:00:00Z,8,0.751227,hgb-jan-eval-train-before-20260101,false
1,2026-01-20T19:00:00Z,2026-01-20T12:00:00Z,2026-01-21T04:00:00Z,9,0.663051,hgb-jan-eval-train-before-20260101,false
1,2026-01-20T19:00:00Z,2026-01-20T12:00:00Z,2026-01-21T05:00:00Z,10,0.709848,hgb-jan-eval-train-before-20260101,false
1,2026-01-20T19:00:00Z,2026-01-20T12:00:00Z,2026-01-21T06:00:00Z,11,0.776331,hgb-jan-eval-train-before-20260101,false
1,2026-01-20T19:00:00Z,2026-01-20T12:00:00Z,2026-01-21T07:00:00Z,12,0.795490,hgb-jan-eval-train-before-20260101,false
1,2026-01-20T19:00:00Z,2026-01-20T12:00:00Z,2026-01-21T08:00:00Z,13,0.838110,hgb-jan-eval-train-before-20260101,false
1,2026-01-20T19:00:00Z,2026-01-20T12:00:00Z,2026-01-21T09:00:00Z,14,0.936170,hgb-jan-eval-train-before-20260101,false
1,2026-01-20T19:00:00Z,2026-01-20T12:00:00Z,2026-01-21T10:00:00Z,15,0.881302,hgb-jan-eval-train-before-20260101,false
1,2026-01-20T19:00:00Z,2026-01-20T12:00:00Z,2026-01-21T11:00:00Z,16,0.871773,hgb-jan-eval-train-before-20260101,false
1,2026-01-20T19:00:00Z,2026-01-20T12:00:00Z,2026-01-21T12:00:00Z,17,0.776459,hgb-jan-eval-train-before-20260101,false
1,2026-01-20T19:00:00Z,2026-01-20T12:00:00Z,2026-01-21T13:00:00Z,18,0.717553,hgb-jan-eval-train-before-20260101,false
1,2026-01-20T19:00:00Z,2026-01-20T12:00:00Z,2026-01-21T14:00:00Z,19,0.576197,hgb-jan-eval-train-before-20260101,false
1,2026-01-20T19:00:00Z,2026-01-20T12:00:00Z,2026-01-21T15:00:00Z,20,0.747957,hgb-jan-eval-train-before-20260101,false
1,2026-01-20T19:00:00Z,2026-01-20T12:00:00Z,2026-01-21T16:00:00Z,21,0.776071,hgb-jan-eval-train-before-20260101,false
1,2026-01-20T19:00:00Z,2026-01-20T12:00:00Z,2026-01-21T17:00:00Z,22,0.784501,hgb-jan-eval-train-before-20260101,false
1,2026-01-20T19:00:00Z,2026-01-20T12:00:00Z,2026-01-21T18:00:00Z,23,0.731537,hgb-jan-eval-train-before-20260101,false
1,2026-01-20T19:00:00Z,2026-01-20T12:00:00Z,2026-01-21T19:00:00Z,24,0.720576,hgb-jan-eval-train-before-20260101,false
1,2026-01-20T19:00:00Z,2026-01-20T12:00:00Z,2026-01-21T20:00:00Z,25,0.798224,hgb-jan-eval-train-before-20260101,false
1,2026-01-20T19:00:00Z,2026-01-20T12:00:00Z,2026-01-21T21:00:00Z,26,0.590762,hgb-jan-eval-train-before-20260101,false
1,2026-01-20T19:00:00Z,2026-01-20T12:00:00Z,2026-01-21T22:00:00Z,27,0.352064,hgb-jan-eval-train-before-20260101,false
1,2026-01-20T19:00:00Z,2026-01-20T12:00:00Z,2026-01-21T23:00:00Z,28,0.172337,hgb-jan-eval-train-before-20260101,false
1,2026-01-20T19:00:00Z,2026-01-20T12:00:00Z,2026-01-22T00:00:00Z,29,0.126597,hgb-jan-eval-train-before-20260101,false
1,2026-01-20T19:00:00Z,2026-01-20T12:00:00Z,2026-01-22T01:00:00Z,30,0.071498,hgb-jan-eval-train-before-20260101,false
1,2026-01-20T19:00:00Z,2026-01-20T12:00:00Z,2026-01-22T02:00:00Z,31,0.141868,hgb-jan-eval-train-before-20260101,false
1,2026-01-20T19:00:00Z,2026-01-20T12:00:00Z,2026-01-22T03:00:00Z,32,0.089502,hgb-jan-eval-train-before-20260101,false
1,2026-01-20T19:00:00Z,2026-01-20T12:00:00Z,2026-01-22T04:00:00Z,33,0.400667,hgb-jan-eval-train-before-20260101,false
1,2026-01-20T19:00:00Z,2026-01-20T12:00:00Z,2026-01-22T05:00:00Z,34,0.206946,hgb-jan-eval-train-before-20260101,false
1,2026-01-20T19:00:00Z,2026-01-20T12:00:00Z,2026-01-22T06:00:00Z,35,0.074255,hgb-jan-eval-train-before-20260101,false
1,2026-01-20T19:00:00Z,2026-01-20T12:00:00Z,2026-01-22T07:00:00Z,36,0.125861,hgb-jan-eval-train-before-20260101,false
1,2026-01-20T19:00:00Z,2026-01-20T12:00:00Z,2026-01-22T08:00:00Z,37,0.218239,hgb-jan-eval-train-before-20260101,false
1,2026-01-20T19:00:00Z,2026-01-20T12:00:00Z,2026-01-22T09:00:00Z,38,0.357805,hgb-jan-eval-train-before-20260101,false
1,2026-01-20T19:00:00Z,2026-01-20T12:00:00Z,2026-01-22T10:00:00Z,39,0.555043,hgb-jan-eval-train-before-20260101,false
1,2026-01-20T19:00:00Z,2026-01-20T12:00:00Z,2026-01-22T11:00:00Z,40,0.433957,hgb-jan-eval-train-before-20260101,false
1,2026-01-20T19:00:00Z,2026-01-20T12:00:00Z,2026-01-22T12:00:00Z,41,0.575015,hgb-jan-eval-train-before-20260101,false
1,2026-01-20T19:00:00Z,2026-01-20T12:00:00Z,2026-01-22T13:00:00Z,42,0.650070,hgb-jan-eval-train-before-20260101,false
1,2026-01-20T19:00:00Z,2026-01-20T12:00:00Z,2026-01-22T14:00:00Z,43,0.494344,hgb-jan-eval-train-before-20260101,false
1,2026-01-20T19:00:00Z,2026-01-20T12:00:00Z,2026-01-22T15:00:00Z,44,0.635199,hgb-jan-eval-train-before-20260101,false
1,2026-01-20T19:00:00Z,2026-01-20T12:00:00Z,2026-01-22T16:00:00Z,45,0.778761,hgb-jan-eval-train-before-20260101,false
1,2026-01-20T19:00:00Z,2026-01-20T12:00:00Z,2026-01-22T17:00:00Z,46,0.718736,hgb-jan-eval-train-before-20260101,false
1,2026-01-20T19:00:00Z,2026-01-20T12:00:00Z,2026-01-22T18:00:00Z,47,0.809693,hgb-jan-eval-train-before-20260101,false
1,2026-01-20T19:00:00Z,2026-01-20T12:00:00Z,2026-01-22T19:00:00Z,48,0.790604,hgb-jan-eval-train-before-20260101,false
2,2026-01-20T19:00:00Z,2026-01-20T12:00:00Z,2026-01-20T20:00:00Z,1,0.595449,hgb-jan-eval-train-before-20260101,false
2,2026-01-20T19:00:00Z,2026-01-20T12:00:00Z,2026-01-20T21:00:00Z,2,0.655227,hgb-jan-eval-train-before-20260101,false
2,2026-01-20T19:00:00Z,2026-01-20T12:00:00Z,2026-01-20T22:00:00Z,3,0.656763,hgb-jan-eval-train-before-20260101,false
2,2026-01-20T19:00:00Z,2026-01-20T12:00:00Z,2026-01-20T23:00:00Z,4,0.698711,hgb-jan-eval-train-before-20260101,false
2,2026-01-20T19:00:00Z,2026-01-20T12:00:00Z,2026-01-21T00:00:00Z,5,0.722232,hgb-jan-eval-train-before-20260101,false
2,2026-01-20T19:00:00Z,2026-01-20T12:00:00Z,2026-01-21T01:00:00Z,6,0.740871,hgb-jan-eval-train-before-20260101,false
2,2026-01-20T19:00:00Z,2026-01-20T12:00:00Z,2026-01-21T02:00:00Z,7,0.747005,hgb-jan-eval-train-before-20260101,false
2,2026-01-20T19:00:00Z,2026-01-20T12:00:00Z,2026-01-21T03:00:00Z,8,0.751227,hgb-jan-eval-train-before-20260101,false
2,2026-01-20T19:00:00Z,2026-01-20T12:00:00Z,2026-01-21T04:00:00Z,9,0.663051,hgb-jan-eval-train-before-20260101,false
2,2026-01-20T19:00:00Z,2026-01-20T12:00:00Z,2026-01-21T05:00:00Z,10,0.709848,hgb-jan-eval-train-before-20260101,false
2,2026-01-20T19:00:00Z,2026-01-20T12:00:00Z,2026-01-21T06:00:00Z,11,0.776331,hgb-jan-eval-train-before-20260101,false
2,2026-01-20T19:00:00Z,2026-01-20T12:00:00Z,2026-01-21T07:00:00Z,12,0.795490,hgb-jan-eval-train-before-20260101,false
2,2026-01-20T19:00:00Z,2026-01-20T12:00:00Z,2026-01-21T08:00:00Z,13,0.838110,hgb-jan-eval-train-before-20260101,false
2,2026-01-20T19:00:00Z,2026-01-20T12:00:00Z,2026-01-21T09:00:00Z,14,0.936170,hgb-jan-eval-train-before-20260101,false
2,2026-01-20T19:00:00Z,2026-01-20T12:00:00Z,2026-01-21T10:00:00Z,15,0.881302,hgb-jan-eval-train-before-20260101,false
2,2026-01-20T19:00:00Z,2026-01-20T12:00:00Z,2026-01-21T11:00:00Z,16,0.871773,hgb-jan-eval-train-before-20260101,false
2,2026-01-20T19:00:00Z,2026-01-20T12:00:00Z,2026-01-21T12:00:00Z,17,0.776459,hgb-jan-eval-train-before-20260101,false
2,2026-01-20T19:00:00Z,2026-01-20T12:00:00Z,2026-01-21T13:00:00Z,18,0.717553,hgb-jan-eval-train-before-20260101,false
2,2026-01-20T19:00:00Z,2026-01-20T12:00:00Z,2026-01-21T14:00:00Z,19,0.576197,hgb-jan-eval-train-before-20260101,false
2,2026-01-20T19:00:00Z,2026-01-20T12:00:00Z,2026-01-21T15:00:00Z,20,0.747957,hgb-jan-eval-train-before-20260101,false
2,2026-01-20T19:00:00Z,2026-01-20T12:00:00Z,2026-01-21T16:00:00Z,21,0.776071,hgb-jan-eval-train-before-20260101,false
2,2026-01-20T19:00:00Z,2026-01-20T12:00:00Z,2026-01-21T17:00:00Z,22,0.784501,hgb-jan-eval-train-before-20260101,false
2,2026-01-20T19:00:00Z,2026-01-20T12:00:00Z,2026-01-21T18:00:00Z,23,0.731537,hgb-jan-eval-train-before-20260101,false
2,2026-01-20T19:00:00Z,2026-01-20T12:00:00Z,2026-01-21T19:00:00Z,24,0.720576,hgb-jan-eval-train-before-20260101,false
2,2026-01-20T19:00:00Z,2026-01-20T12:00:00Z,2026-01-21T20:00:00Z,25,0.798224,hgb-jan-eval-train-before-20260101,false
2,2026-01-20T19:00:00Z,2026-01-20T12:00:00Z,2026-01-21T21:00:00Z,26,0.590762,hgb-jan-eval-train-before-20260101,false
2,2026-01-20T19:00:00Z,2026-01-20T12:00:00Z,2026-01-21T22:00:00Z,27,0.352064,hgb-jan-eval-train-before-20260101,false
2,2026-01-20T19:00:00Z,2026-01-20T12:00:00Z,2026-01-21T23:00:00Z,28,0.172337,hgb-jan-eval-train-before-20260101,false
2,2026-01-20T19:00:00Z,2026-01-20T12:00:00Z,2026-01-22T00:00:00Z,29,0.126597,hgb-jan-eval-train-before-20260101,false
2,2026-01-20T19:00:00Z,2026-01-20T12:00:00Z,2026-01-22T01:00:00Z,30,0.071498,hgb-jan-eval-train-before-20260101,false
2,2026-01-20T19:00:00Z,2026-01-20T12:00:00Z,2026-01-22T02:00:00Z,31,0.141868,hgb-jan-eval-train-before-20260101,false
2,2026-01-20T19:00:00Z,2026-01-20T12:00:00Z,2026-01-22T03:00:00Z,32,0.089502,hgb-jan-eval-train-before-20260101,false
2,2026-01-20T19:00:00Z,2026-01-20T12:00:00Z,2026-01-22T04:00:00Z,33,0.400667,hgb-jan-eval-train-before-20260101,false
2,2026-01-20T19:00:00Z,2026-01-20T12:00:00Z,2026-01-22T05:00:00Z,34,0.206946,hgb-jan-eval-train-before-20260101,false
2,2026-01-20T19:00:00Z,2026-01-20T12:00:00Z,2026-01-22T06:00:00Z,35,0.074255,hgb-jan-eval-train-before-20260101,false
2,2026-01-20T19:00:00Z,2026-01-20T12:00:00Z,2026-01-22T07:00:00Z,36,0.125861,hgb-jan-eval-train-before-20260101,false
2,2026-01-20T19:00:00Z,2026-01-20T12:00:00Z,2026-01-22T08:00:00Z,37,0.218239,hgb-jan-eval-train-before-20260101,false
2,2026-01-20T19:00:00Z,2026-01-20T12:00:00Z,2026-01-22T09:00:00Z,38,0.357805,hgb-jan-eval-train-before-20260101,false
2,2026-01-20T19:00:00Z,2026-01-20T12:00:00Z,2026-01-22T10:00:00Z,39,0.555043,hgb-jan-eval-train-before-20260101,false
2,2026-01-20T19:00:00Z,2026-01-20T12:00:00Z,2026-01-22T11:00:00Z,40,0.433957,hgb-jan-eval-train-before-20260101,false
2,2026-01-20T19:00:00Z,2026-01-20T12:00:00Z,2026-01-22T12:00:00Z,41,0.575015,hgb-jan-eval-train-before-20260101,false
2,2026-01-20T19:00:00Z,2026-01-20T12:00:00Z,2026-01-22T13:00:00Z,42,0.650070,hgb-jan-eval-train-before-20260101,false
2,2026-01-20T19:00:00Z,2026-01-20T12:00:00Z,2026-01-22T14:00:00Z,43,0.494344,hgb-jan-eval-train-before-20260101,false
2,2026-01-20T19:00:00Z,2026-01-20T12:00:00Z,2026-01-22T15:00:00Z,44,0.635199,hgb-jan-eval-train-before-20260101,false
2,2026-01-20T19:00:00Z,2026-01-20T12:00:00Z,2026-01-22T16:00:00Z,45,0.778761,hgb-jan-eval-train-before-20260101,false
2,2026-01-20T19:00:00Z,2026-01-20T12:00:00Z,2026-01-22T17:00:00Z,46,0.718736,hgb-jan-eval-train-before-20260101,false
2,2026-01-20T19:00:00Z,2026-01-20T12:00:00Z,2026-01-22T18:00:00Z,47,0.809693,hgb-jan-eval-train-before-20260101,false
2,2026-01-20T19:00:00Z,2026-01-20T12:00:00Z,2026-01-22T19:00:00Z,48,0.790604,hgb-jan-eval-train-before-20260101,false
1,2026-01-21T19:00:00Z,2026-01-21T12:00:00Z,2026-01-21T20:00:00Z,1,0.682637,hgb-jan-eval-train-before-20260101,false
1,2026-01-21T19:00:00Z,2026-01-21T12:00:00Z,2026-01-21T21:00:00Z,2,0.738816,hgb-jan-eval-train-before-20260101,false
1,2026-01-21T19:00:00Z,2026-01-21T12:00:00Z,2026-01-21T22:00:00Z,3,0.722059,hgb-jan-eval-train-before-20260101,false
1,2026-01-21T19:00:00Z,2026-01-21T12:00:00Z,2026-01-21T23:00:00Z,4,0.642233,hgb-jan-eval-train-before-20260101,false
1,2026-01-21T19:00:00Z,2026-01-21T12:00:00Z,2026-01-22T00:00:00Z,5,0.478975,hgb-jan-eval-train-before-20260101,false
1,2026-01-21T19:00:00Z,2026-01-21T12:00:00Z,2026-01-22T01:00:00Z,6,0.675823,hgb-jan-eval-train-before-20260101,false
1,2026-01-21T19:00:00Z,2026-01-21T12:00:00Z,2026-01-22T02:00:00Z,7,0.687520,hgb-jan-eval-train-before-20260101,false
1,2026-01-21T19:00:00Z,2026-01-21T12:00:00Z,2026-01-22T03:00:00Z,8,0.652739,hgb-jan-eval-train-before-20260101,false
1,2026-01-21T19:00:00Z,2026-01-21T12:00:00Z,2026-01-22T04:00:00Z,9,0.601699,hgb-jan-eval-train-before-20260101,false
1,2026-01-21T19:00:00Z,2026-01-21T12:00:00Z,2026-01-22T05:00:00Z,10,0.287214,hgb-jan-eval-train-before-20260101,false
1,2026-01-21T19:00:00Z,2026-01-21T12:00:00Z,2026-01-22T06:00:00Z,11,0.285724,hgb-jan-eval-train-before-20260101,false
1,2026-01-21T19:00:00Z,2026-01-21T12:00:00Z,2026-01-22T07:00:00Z,12,0.423382,hgb-jan-eval-train-before-20260101,false
1,2026-01-21T19:00:00Z,2026-01-21T12:00:00Z,2026-01-22T08:00:00Z,13,0.120739,hgb-jan-eval-train-before-20260101,false
1,2026-01-21T19:00:00Z,2026-01-21T12:00:00Z,2026-01-22T09:00:00Z,14,0.142886,hgb-jan-eval-train-before-20260101,false
1,2026-01-21T19:00:00Z,2026-01-21T12:00:00Z,2026-01-22T10:00:00Z,15,0.472001,hgb-jan-eval-train-before-20260101,false
1,2026-01-21T19:00:00Z,2026-01-21T12:00:00Z,2026-01-22T11:00:00Z,16,0.560292,hgb-jan-eval-train-before-20260101,false
1,2026-01-21T19:00:00Z,2026-01-21T12:00:00Z,2026-01-22T12:00:00Z,17,0.608824,hgb-jan-eval-train-before-20260101,false
1,2026-01-21T19:00:00Z,2026-01-21T12:00:00Z,2026-01-22T13:00:00Z,18,0.635202,hgb-jan-eval-train-before-20260101,false
1,2026-01-21T19:00:00Z,2026-01-21T12:00:00Z,2026-01-22T14:00:00Z,19,0.561667,hgb-jan-eval-train-before-20260101,false
1,2026-01-21T19:00:00Z,2026-01-21T12:00:00Z,2026-01-22T15:00:00Z,20,0.666596,hgb-jan-eval-train-before-20260101,false
1,2026-01-21T19:00:00Z,2026-01-21T12:00:00Z,2026-01-22T16:00:00Z,21,0.760296,hgb-jan-eval-train-before-20260101,false
1,2026-01-21T19:00:00Z,2026-01-21T12:00:00Z,2026-01-22T17:00:00Z,22,0.812558,hgb-jan-eval-train-before-20260101,false
1,2026-01-21T19:00:00Z,2026-01-21T12:00:00Z,2026-01-22T18:00:00Z,23,0.865203,hgb-jan-eval-train-before-20260101,false
1,2026-01-21T19:00:00Z,2026-01-21T12:00:00Z,2026-01-22T19:00:00Z,24,0.844986,hgb-jan-eval-train-before-20260101,false
1,2026-01-21T19:00:00Z,2026-01-21T12:00:00Z,2026-01-22T20:00:00Z,25,0.763466,hgb-jan-eval-train-before-20260101,false
1,2026-01-21T19:00:00Z,2026-01-21T12:00:00Z,2026-01-22T21:00:00Z,26,0.746945,hgb-jan-eval-train-before-20260101,false
1,2026-01-21T19:00:00Z,2026-01-21T12:00:00Z,2026-01-22T22:00:00Z,27,0.698211,hgb-jan-eval-train-before-20260101,false
1,2026-01-21T19:00:00Z,2026-01-21T12:00:00Z,2026-01-22T23:00:00Z,28,0.642415,hgb-jan-eval-train-before-20260101,false
1,2026-01-21T19:00:00Z,2026-01-21T12:00:00Z,2026-01-23T00:00:00Z,29,0.543009,hgb-jan-eval-train-before-20260101,false
1,2026-01-21T19:00:00Z,2026-01-21T12:00:00Z,2026-01-23T01:00:00Z,30,0.416813,hgb-jan-eval-train-before-20260101,false
1,2026-01-21T19:00:00Z,2026-01-21T12:00:00Z,2026-01-23T02:00:00Z,31,0.384446,hgb-jan-eval-train-before-20260101,false
1,2026-01-21T19:00:00Z,2026-01-21T12:00:00Z,2026-01-23T03:00:00Z,32,0.278687,hgb-jan-eval-train-before-20260101,false
1,2026-01-21T19:00:00Z,2026-01-21T12:00:00Z,2026-01-23T04:00:00Z,33,0.330765,hgb-jan-eval-train-before-20260101,false
1,2026-01-21T19:00:00Z,2026-01-21T12:00:00Z,2026-01-23T05:00:00Z,34,0.308679,hgb-jan-eval-train-before-20260101,false
1,2026-01-21T19:00:00Z,2026-01-21T12:00:00Z,2026-01-23T06:00:00Z,35,0.094860,hgb-jan-eval-train-before-20260101,false
1,2026-01-21T19:00:00Z,2026-01-21T12:00:00Z,2026-01-23T07:00:00Z,36,0.079540,hgb-jan-eval-train-before-20260101,false
1,2026-01-21T19:00:00Z,2026-01-21T12:00:00Z,2026-01-23T08:00:00Z,37,0.060007,hgb-jan-eval-train-before-20260101,false
1,2026-01-21T19:00:00Z,2026-01-21T12:00:00Z,2026-01-23T09:00:00Z,38,0.107483,hgb-jan-eval-train-before-20260101,false
1,2026-01-21T19:00:00Z,2026-01-21T12:00:00Z,2026-01-23T10:00:00Z,39,0.397448,hgb-jan-eval-train-before-20260101,false
1,2026-01-21T19:00:00Z,2026-01-21T12:00:00Z,2026-01-23T11:00:00Z,40,0.461118,hgb-jan-eval-train-before-20260101,false
1,2026-01-21T19:00:00Z,2026-01-21T12:00:00Z,2026-01-23T12:00:00Z,41,0.497284,hgb-jan-eval-train-before-20260101,false
1,2026-01-21T19:00:00Z,2026-01-21T12:00:00Z,2026-01-23T13:00:00Z,42,0.539197,hgb-jan-eval-train-before-20260101,false
1,2026-01-21T19:00:00Z,2026-01-21T12:00:00Z,2026-01-23T14:00:00Z,43,0.587166,hgb-jan-eval-train-before-20260101,false
1,2026-01-21T19:00:00Z,2026-01-21T12:00:00Z,2026-01-23T15:00:00Z,44,0.613034,hgb-jan-eval-train-before-20260101,false
1,2026-01-21T19:00:00Z,2026-01-21T12:00:00Z,2026-01-23T16:00:00Z,45,0.523478,hgb-jan-eval-train-before-20260101,false
1,2026-01-21T19:00:00Z,2026-01-21T12:00:00Z,2026-01-23T17:00:00Z,46,0.597746,hgb-jan-eval-train-before-20260101,false
1,2026-01-21T19:00:00Z,2026-01-21T12:00:00Z,2026-01-23T18:00:00Z,47,0.620954,hgb-jan-eval-train-before-20260101,false
1,2026-01-21T19:00:00Z,2026-01-21T12:00:00Z,2026-01-23T19:00:00Z,48,0.461322,hgb-jan-eval-train-before-20260101,false
2,2026-01-21T19:00:00Z,2026-01-21T12:00:00Z,2026-01-21T20:00:00Z,1,0.682637,hgb-jan-eval-train-before-20260101,false
2,2026-01-21T19:00:00Z,2026-01-21T12:00:00Z,2026-01-21T21:00:00Z,2,0.738816,hgb-jan-eval-train-before-20260101,false
2,2026-01-21T19:00:00Z,2026-01-21T12:00:00Z,2026-01-21T22:00:00Z,3,0.722059,hgb-jan-eval-train-before-20260101,false
2,2026-01-21T19:00:00Z,2026-01-21T12:00:00Z,2026-01-21T23:00:00Z,4,0.642233,hgb-jan-eval-train-before-20260101,false
2,2026-01-21T19:00:00Z,2026-01-21T12:00:00Z,2026-01-22T00:00:00Z,5,0.478975,hgb-jan-eval-train-before-20260101,false
2,2026-01-21T19:00:00Z,2026-01-21T12:00:00Z,2026-01-22T01:00:00Z,6,0.675823,hgb-jan-eval-train-before-20260101,false
2,2026-01-21T19:00:00Z,2026-01-21T12:00:00Z,2026-01-22T02:00:00Z,7,0.687520,hgb-jan-eval-train-before-20260101,false
2,2026-01-21T19:00:00Z,2026-01-21T12:00:00Z,2026-01-22T03:00:00Z,8,0.652739,hgb-jan-eval-train-before-20260101,false
2,2026-01-21T19:00:00Z,2026-01-21T12:00:00Z,2026-01-22T04:00:00Z,9,0.601699,hgb-jan-eval-train-before-20260101,false
2,2026-01-21T19:00:00Z,2026-01-21T12:00:00Z,2026-01-22T05:00:00Z,10,0.287214,hgb-jan-eval-train-before-20260101,false
2,2026-01-21T19:00:00Z,2026-01-21T12:00:00Z,2026-01-22T06:00:00Z,11,0.285724,hgb-jan-eval-train-before-20260101,false
2,2026-01-21T19:00:00Z,2026-01-21T12:00:00Z,2026-01-22T07:00:00Z,12,0.423382,hgb-jan-eval-train-before-20260101,false
2,2026-01-21T19:00:00Z,2026-01-21T12:00:00Z,2026-01-22T08:00:00Z,13,0.120739,hgb-jan-eval-train-before-20260101,false
2,2026-01-21T19:00:00Z,2026-01-21T12:00:00Z,2026-01-22T09:00:00Z,14,0.142886,hgb-jan-eval-train-before-20260101,false
2,2026-01-21T19:00:00Z,2026-01-21T12:00:00Z,2026-01-22T10:00:00Z,15,0.472001,hgb-jan-eval-train-before-20260101,false
2,2026-01-21T19:00:00Z,2026-01-21T12:00:00Z,2026-01-22T11:00:00Z,16,0.560292,hgb-jan-eval-train-before-20260101,false
2,2026-01-21T19:00:00Z,2026-01-21T12:00:00Z,2026-01-22T12:00:00Z,17,0.608824,hgb-jan-eval-train-before-20260101,false
2,2026-01-21T19:00:00Z,2026-01-21T12:00:00Z,2026-01-22T13:00:00Z,18,0.635202,hgb-jan-eval-train-before-20260101,false
2,2026-01-21T19:00:00Z,2026-01-21T12:00:00Z,2026-01-22T14:00:00Z,19,0.561667,hgb-jan-eval-train-before-20260101,false
2,2026-01-21T19:00:00Z,2026-01-21T12:00:00Z,2026-01-22T15:00:00Z,20,0.666596,hgb-jan-eval-train-before-20260101,false
2,2026-01-21T19:00:00Z,2026-01-21T12:00:00Z,2026-01-22T16:00:00Z,21,0.760296,hgb-jan-eval-train-before-20260101,false
2,2026-01-21T19:00:00Z,2026-01-21T12:00:00Z,2026-01-22T17:00:00Z,22,0.812558,hgb-jan-eval-train-before-20260101,false
2,2026-01-21T19:00:00Z,2026-01-21T12:00:00Z,2026-01-22T18:00:00Z,23,0.865203,hgb-jan-eval-train-before-20260101,false
2,2026-01-21T19:00:00Z,2026-01-21T12:00:00Z,2026-01-22T19:00:00Z,24,0.844986,hgb-jan-eval-train-before-20260101,false
2,2026-01-21T19:00:00Z,2026-01-21T12:00:00Z,2026-01-22T20:00:00Z,25,0.763466,hgb-jan-eval-train-before-20260101,false
2,2026-01-21T19:00:00Z,2026-01-21T12:00:00Z,2026-01-22T21:00:00Z,26,0.746945,hgb-jan-eval-train-before-20260101,false
2,2026-01-21T19:00:00Z,2026-01-21T12:00:00Z,2026-01-22T22:00:00Z,27,0.698211,hgb-jan-eval-train-before-20260101,false
2,2026-01-21T19:00:00Z,2026-01-21T12:00:00Z,2026-01-22T23:00:00Z,28,0.642415,hgb-jan-eval-train-before-20260101,false
2,2026-01-21T19:00:00Z,2026-01-21T12:00:00Z,2026-01-23T00:00:00Z,29,0.543009,hgb-jan-eval-train-before-20260101,false
2,2026-01-21T19:00:00Z,2026-01-21T12:00:00Z,2026-01-23T01:00:00Z,30,0.416813,hgb-jan-eval-train-before-20260101,false
2,2026-01-21T19:00:00Z,2026-01-21T12:00:00Z,2026-01-23T02:00:00Z,31,0.384446,hgb-jan-eval-train-before-20260101,false
2,2026-01-21T19:00:00Z,2026-01-21T12:00:00Z,2026-01-23T03:00:00Z,32,0.278687,hgb-jan-eval-train-before-20260101,false
2,2026-01-21T19:00:00Z,2026-01-21T12:00:00Z,2026-01-23T04:00:00Z,33,0.330765,hgb-jan-eval-train-before-20260101,false
2,2026-01-21T19:00:00Z,2026-01-21T12:00:00Z,2026-01-23T05:00:00Z,34,0.308679,hgb-jan-eval-train-before-20260101,false
2,2026-01-21T19:00:00Z,2026-01-21T12:00:00Z,2026-01-23T06:00:00Z,35,0.094860,hgb-jan-eval-train-before-20260101,false
2,2026-01-21T19:00:00Z,2026-01-21T12:00:00Z,2026-01-23T07:00:00Z,36,0.079540,hgb-jan-eval-train-before-20260101,false
2,2026-01-21T19:00:00Z,2026-01-21T12:00:00Z,2026-01-23T08:00:00Z,37,0.060007,hgb-jan-eval-train-before-20260101,false
2,2026-01-21T19:00:00Z,2026-01-21T12:00:00Z,2026-01-23T09:00:00Z,38,0.107483,hgb-jan-eval-train-before-20260101,false
2,2026-01-21T19:00:00Z,2026-01-21T12:00:00Z,2026-01-23T10:00:00Z,39,0.397448,hgb-jan-eval-train-before-20260101,false
2,2026-01-21T19:00:00Z,2026-01-21T12:00:00Z,2026-01-23T11:00:00Z,40,0.461118,hgb-jan-eval-train-before-20260101,false
2,2026-01-21T19:00:00Z,2026-01-21T12:00:00Z,2026-01-23T12:00:00Z,41,0.497284,hgb-jan-eval-train-before-20260101,false
2,2026-01-21T19:00:00Z,2026-01-21T12:00:00Z,2026-01-23T13:00:00Z,42,0.539197,hgb-jan-eval-train-before-20260101,false
2,2026-01-21T19:00:00Z,2026-01-21T12:00:00Z,2026-01-23T14:00:00Z,43,0.587166,hgb-jan-eval-train-before-20260101,false
2,2026-01-21T19:00:00Z,2026-01-21T12:00:00Z,2026-01-23T15:00:00Z,44,0.613034,hgb-jan-eval-train-before-20260101,false
2,2026-01-21T19:00:00Z,2026-01-21T12:00:00Z,2026-01-23T16:00:00Z,45,0.523478,hgb-jan-eval-train-before-20260101,false
2,2026-01-21T19:00:00Z,2026-01-21T12:00:00Z,2026-01-23T17:00:00Z,46,0.597746,hgb-jan-eval-train-before-20260101,false
2,2026-01-21T19:00:00Z,2026-01-21T12:00:00Z,2026-01-23T18:00:00Z,47,0.620954,hgb-jan-eval-train-before-20260101,false
2,2026-01-21T19:00:00Z,2026-01-21T12:00:00Z,2026-01-23T19:00:00Z,48,0.461322,hgb-jan-eval-train-before-20260101,false
1,2026-01-22T19:00:00Z,2026-01-22T12:00:00Z,2026-01-22T20:00:00Z,1,0.854617,hgb-jan-eval-train-before-20260101,false
1,2026-01-22T19:00:00Z,2026-01-22T12:00:00Z,2026-01-22T21:00:00Z,2,0.822582,hgb-jan-eval-train-before-20260101,false
1,2026-01-22T19:00:00Z,2026-01-22T12:00:00Z,2026-01-22T22:00:00Z,3,0.729318,hgb-jan-eval-train-before-20260101,false
1,2026-01-22T19:00:00Z,2026-01-22T12:00:00Z,2026-01-22T23:00:00Z,4,0.735565,hgb-jan-eval-train-before-20260101,false
1,2026-01-22T19:00:00Z,2026-01-22T12:00:00Z,2026-01-23T00:00:00Z,5,0.625400,hgb-jan-eval-train-before-20260101,false
1,2026-01-22T19:00:00Z,2026-01-22T12:00:00Z,2026-01-23T01:00:00Z,6,0.520813,hgb-jan-eval-train-before-20260101,false
1,2026-01-22T19:00:00Z,2026-01-22T12:00:00Z,2026-01-23T02:00:00Z,7,0.502033,hgb-jan-eval-train-before-20260101,false
1,2026-01-22T19:00:00Z,2026-01-22T12:00:00Z,2026-01-23T03:00:00Z,8,0.452311,hgb-jan-eval-train-before-20260101,false
1,2026-01-22T19:00:00Z,2026-01-22T12:00:00Z,2026-01-23T04:00:00Z,9,0.550494,hgb-jan-eval-train-before-20260101,false
1,2026-01-22T19:00:00Z,2026-01-22T12:00:00Z,2026-01-23T05:00:00Z,10,0.598769,hgb-jan-eval-train-before-20260101,false
1,2026-01-22T19:00:00Z,2026-01-22T12:00:00Z,2026-01-23T06:00:00Z,11,0.407887,hgb-jan-eval-train-before-20260101,false
1,2026-01-22T19:00:00Z,2026-01-22T12:00:00Z,2026-01-23T07:00:00Z,12,0.307670,hgb-jan-eval-train-before-20260101,false
1,2026-01-22T19:00:00Z,2026-01-22T12:00:00Z,2026-01-23T08:00:00Z,13,0.174326,hgb-jan-eval-train-before-20260101,false
1,2026-01-22T19:00:00Z,2026-01-22T12:00:00Z,2026-01-23T09:00:00Z,14,0.131523,hgb-jan-eval-train-before-20260101,false
1,2026-01-22T19:00:00Z,2026-01-22T12:00:00Z,2026-01-23T10:00:00Z,15,0.128654,hgb-jan-eval-train-before-20260101,false
1,2026-01-22T19:00:00Z,2026-01-22T12:00:00Z,2026-01-23T11:00:00Z,16,0.183320,hgb-jan-eval-train-before-20260101,false
1,2026-01-22T19:00:00Z,2026-01-22T12:00:00Z,2026-01-23T12:00:00Z,17,0.288558,hgb-jan-eval-train-before-20260101,false
1,2026-01-22T19:00:00Z,2026-01-22T12:00:00Z,2026-01-23T13:00:00Z,18,0.208944,hgb-jan-eval-train-before-20260101,false
1,2026-01-22T19:00:00Z,2026-01-22T12:00:00Z,2026-01-23T14:00:00Z,19,0.520684,hgb-jan-eval-train-before-20260101,false
1,2026-01-22T19:00:00Z,2026-01-22T12:00:00Z,2026-01-23T15:00:00Z,20,0.552232,hgb-jan-eval-train-before-20260101,false
1,2026-01-22T19:00:00Z,2026-01-22T12:00:00Z,2026-01-23T16:00:00Z,21,0.476691,hgb-jan-eval-train-before-20260101,false
1,2026-01-22T19:00:00Z,2026-01-22T12:00:00Z,2026-01-23T17:00:00Z,22,0.435495,hgb-jan-eval-train-before-20260101,false
1,2026-01-22T19:00:00Z,2026-01-22T12:00:00Z,2026-01-23T18:00:00Z,23,0.373631,hgb-jan-eval-train-before-20260101,false
1,2026-01-22T19:00:00Z,2026-01-22T12:00:00Z,2026-01-23T19:00:00Z,24,0.289765,hgb-jan-eval-train-before-20260101,false
1,2026-01-22T19:00:00Z,2026-01-22T12:00:00Z,2026-01-23T20:00:00Z,25,0.203369,hgb-jan-eval-train-before-20260101,false
1,2026-01-22T19:00:00Z,2026-01-22T12:00:00Z,2026-01-23T21:00:00Z,26,0.080100,hgb-jan-eval-train-before-20260101,false
1,2026-01-22T19:00:00Z,2026-01-22T12:00:00Z,2026-01-23T22:00:00Z,27,0.081522,hgb-jan-eval-train-before-20260101,false
1,2026-01-22T19:00:00Z,2026-01-22T12:00:00Z,2026-01-23T23:00:00Z,28,0.122863,hgb-jan-eval-train-before-20260101,false
1,2026-01-22T19:00:00Z,2026-01-22T12:00:00Z,2026-01-24T00:00:00Z,29,0.452086,hgb-jan-eval-train-before-20260101,false
1,2026-01-22T19:00:00Z,2026-01-22T12:00:00Z,2026-01-24T01:00:00Z,30,0.451990,hgb-jan-eval-train-before-20260101,false
1,2026-01-22T19:00:00Z,2026-01-22T12:00:00Z,2026-01-24T02:00:00Z,31,0.519625,hgb-jan-eval-train-before-20260101,false
1,2026-01-22T19:00:00Z,2026-01-22T12:00:00Z,2026-01-24T03:00:00Z,32,0.560734,hgb-jan-eval-train-before-20260101,false
1,2026-01-22T19:00:00Z,2026-01-22T12:00:00Z,2026-01-24T04:00:00Z,33,0.631497,hgb-jan-eval-train-before-20260101,false
1,2026-01-22T19:00:00Z,2026-01-22T12:00:00Z,2026-01-24T05:00:00Z,34,0.664824,hgb-jan-eval-train-before-20260101,false
1,2026-01-22T19:00:00Z,2026-01-22T12:00:00Z,2026-01-24T06:00:00Z,35,0.897372,hgb-jan-eval-train-before-20260101,false
1,2026-01-22T19:00:00Z,2026-01-22T12:00:00Z,2026-01-24T07:00:00Z,36,0.932016,hgb-jan-eval-train-before-20260101,false
1,2026-01-22T19:00:00Z,2026-01-22T12:00:00Z,2026-01-24T08:00:00Z,37,0.942436,hgb-jan-eval-train-before-20260101,false
1,2026-01-22T19:00:00Z,2026-01-22T12:00:00Z,2026-01-24T09:00:00Z,38,0.961260,hgb-jan-eval-train-before-20260101,false
1,2026-01-22T19:00:00Z,2026-01-22T12:00:00Z,2026-01-24T10:00:00Z,39,0.939989,hgb-jan-eval-train-before-20260101,false
1,2026-01-22T19:00:00Z,2026-01-22T12:00:00Z,2026-01-24T11:00:00Z,40,0.951855,hgb-jan-eval-train-before-20260101,false
1,2026-01-22T19:00:00Z,2026-01-22T12:00:00Z,2026-01-24T12:00:00Z,41,0.949564,hgb-jan-eval-train-before-20260101,false
1,2026-01-22T19:00:00Z,2026-01-22T12:00:00Z,2026-01-24T13:00:00Z,42,0.949436,hgb-jan-eval-train-before-20260101,false
1,2026-01-22T19:00:00Z,2026-01-22T12:00:00Z,2026-01-24T14:00:00Z,43,0.943649,hgb-jan-eval-train-before-20260101,false
1,2026-01-22T19:00:00Z,2026-01-22T12:00:00Z,2026-01-24T15:00:00Z,44,0.882541,hgb-jan-eval-train-before-20260101,false
1,2026-01-22T19:00:00Z,2026-01-22T12:00:00Z,2026-01-24T16:00:00Z,45,0.872703,hgb-jan-eval-train-before-20260101,false
1,2026-01-22T19:00:00Z,2026-01-22T12:00:00Z,2026-01-24T17:00:00Z,46,0.865447,hgb-jan-eval-train-before-20260101,false
1,2026-01-22T19:00:00Z,2026-01-22T12:00:00Z,2026-01-24T18:00:00Z,47,0.852596,hgb-jan-eval-train-before-20260101,false
1,2026-01-22T19:00:00Z,2026-01-22T12:00:00Z,2026-01-24T19:00:00Z,48,0.851186,hgb-jan-eval-train-before-20260101,false
2,2026-01-22T19:00:00Z,2026-01-22T12:00:00Z,2026-01-22T20:00:00Z,1,0.854617,hgb-jan-eval-train-before-20260101,false
2,2026-01-22T19:00:00Z,2026-01-22T12:00:00Z,2026-01-22T21:00:00Z,2,0.822582,hgb-jan-eval-train-before-20260101,false
2,2026-01-22T19:00:00Z,2026-01-22T12:00:00Z,2026-01-22T22:00:00Z,3,0.729318,hgb-jan-eval-train-before-20260101,false
2,2026-01-22T19:00:00Z,2026-01-22T12:00:00Z,2026-01-22T23:00:00Z,4,0.735565,hgb-jan-eval-train-before-20260101,false
2,2026-01-22T19:00:00Z,2026-01-22T12:00:00Z,2026-01-23T00:00:00Z,5,0.625400,hgb-jan-eval-train-before-20260101,false
2,2026-01-22T19:00:00Z,2026-01-22T12:00:00Z,2026-01-23T01:00:00Z,6,0.520813,hgb-jan-eval-train-before-20260101,false
2,2026-01-22T19:00:00Z,2026-01-22T12:00:00Z,2026-01-23T02:00:00Z,7,0.502033,hgb-jan-eval-train-before-20260101,false
2,2026-01-22T19:00:00Z,2026-01-22T12:00:00Z,2026-01-23T03:00:00Z,8,0.452311,hgb-jan-eval-train-before-20260101,false
2,2026-01-22T19:00:00Z,2026-01-22T12:00:00Z,2026-01-23T04:00:00Z,9,0.550494,hgb-jan-eval-train-before-20260101,false
2,2026-01-22T19:00:00Z,2026-01-22T12:00:00Z,2026-01-23T05:00:00Z,10,0.598769,hgb-jan-eval-train-before-20260101,false
2,2026-01-22T19:00:00Z,2026-01-22T12:00:00Z,2026-01-23T06:00:00Z,11,0.407887,hgb-jan-eval-train-before-20260101,false
2,2026-01-22T19:00:00Z,2026-01-22T12:00:00Z,2026-01-23T07:00:00Z,12,0.307670,hgb-jan-eval-train-before-20260101,false
2,2026-01-22T19:00:00Z,2026-01-22T12:00:00Z,2026-01-23T08:00:00Z,13,0.174326,hgb-jan-eval-train-before-20260101,false
2,2026-01-22T19:00:00Z,2026-01-22T12:00:00Z,2026-01-23T09:00:00Z,14,0.131523,hgb-jan-eval-train-before-20260101,false
2,2026-01-22T19:00:00Z,2026-01-22T12:00:00Z,2026-01-23T10:00:00Z,15,0.128654,hgb-jan-eval-train-before-20260101,false
2,2026-01-22T19:00:00Z,2026-01-22T12:00:00Z,2026-01-23T11:00:00Z,16,0.183320,hgb-jan-eval-train-before-20260101,false
2,2026-01-22T19:00:00Z,2026-01-22T12:00:00Z,2026-01-23T12:00:00Z,17,0.288558,hgb-jan-eval-train-before-20260101,false
2,2026-01-22T19:00:00Z,2026-01-22T12:00:00Z,2026-01-23T13:00:00Z,18,0.208944,hgb-jan-eval-train-before-20260101,false
2,2026-01-22T19:00:00Z,2026-01-22T12:00:00Z,2026-01-23T14:00:00Z,19,0.520684,hgb-jan-eval-train-before-20260101,false
2,2026-01-22T19:00:00Z,2026-01-22T12:00:00Z,2026-01-23T15:00:00Z,20,0.552232,hgb-jan-eval-train-before-20260101,false
2,2026-01-22T19:00:00Z,2026-01-22T12:00:00Z,2026-01-23T16:00:00Z,21,0.476691,hgb-jan-eval-train-before-20260101,false
2,2026-01-22T19:00:00Z,2026-01-22T12:00:00Z,2026-01-23T17:00:00Z,22,0.435495,hgb-jan-eval-train-before-20260101,false
2,2026-01-22T19:00:00Z,2026-01-22T12:00:00Z,2026-01-23T18:00:00Z,23,0.373631,hgb-jan-eval-train-before-20260101,false
2,2026-01-22T19:00:00Z,2026-01-22T12:00:00Z,2026-01-23T19:00:00Z,24,0.289765,hgb-jan-eval-train-before-20260101,false
2,2026-01-22T19:00:00Z,2026-01-22T12:00:00Z,2026-01-23T20:00:00Z,25,0.203369,hgb-jan-eval-train-before-20260101,false
2,2026-01-22T19:00:00Z,2026-01-22T12:00:00Z,2026-01-23T21:00:00Z,26,0.080100,hgb-jan-eval-train-before-20260101,false
2,2026-01-22T19:00:00Z,2026-01-22T12:00:00Z,2026-01-23T22:00:00Z,27,0.081522,hgb-jan-eval-train-before-20260101,false
2,2026-01-22T19:00:00Z,2026-01-22T12:00:00Z,2026-01-23T23:00:00Z,28,0.122863,hgb-jan-eval-train-before-20260101,false
2,2026-01-22T19:00:00Z,2026-01-22T12:00:00Z,2026-01-24T00:00:00Z,29,0.452086,hgb-jan-eval-train-before-20260101,false
2,2026-01-22T19:00:00Z,2026-01-22T12:00:00Z,2026-01-24T01:00:00Z,30,0.451990,hgb-jan-eval-train-before-20260101,false
2,2026-01-22T19:00:00Z,2026-01-22T12:00:00Z,2026-01-24T02:00:00Z,31,0.519625,hgb-jan-eval-train-before-20260101,false
2,2026-01-22T19:00:00Z,2026-01-22T12:00:00Z,2026-01-24T03:00:00Z,32,0.560734,hgb-jan-eval-train-before-20260101,false
2,2026-01-22T19:00:00Z,2026-01-22T12:00:00Z,2026-01-24T04:00:00Z,33,0.631497,hgb-jan-eval-train-before-20260101,false
2,2026-01-22T19:00:00Z,2026-01-22T12:00:00Z,2026-01-24T05:00:00Z,34,0.664824,hgb-jan-eval-train-before-20260101,false
2,2026-01-22T19:00:00Z,2026-01-22T12:00:00Z,2026-01-24T06:00:00Z,35,0.897372,hgb-jan-eval-train-before-20260101,false
2,2026-01-22T19:00:00Z,2026-01-22T12:00:00Z,2026-01-24T07:00:00Z,36,0.931518,hgb-jan-eval-train-before-20260101,false
2,2026-01-22T19:00:00Z,2026-01-22T12:00:00Z,2026-01-24T08:00:00Z,37,0.941938,hgb-jan-eval-train-before-20260101,false
2,2026-01-22T19:00:00Z,2026-01-22T12:00:00Z,2026-01-24T09:00:00Z,38,0.960762,hgb-jan-eval-train-before-20260101,false
2,2026-01-22T19:00:00Z,2026-01-22T12:00:00Z,2026-01-24T10:00:00Z,39,0.939989,hgb-jan-eval-train-before-20260101,false
2,2026-01-22T19:00:00Z,2026-01-22T12:00:00Z,2026-01-24T11:00:00Z,40,0.951855,hgb-jan-eval-train-before-20260101,false
2,2026-01-22T19:00:00Z,2026-01-22T12:00:00Z,2026-01-24T12:00:00Z,41,0.949564,hgb-jan-eval-train-before-20260101,false
2,2026-01-22T19:00:00Z,2026-01-22T12:00:00Z,2026-01-24T13:00:00Z,42,0.949436,hgb-jan-eval-train-before-20260101,false
2,2026-01-22T19:00:00Z,2026-01-22T12:00:00Z,2026-01-24T14:00:00Z,43,0.943649,hgb-jan-eval-train-before-20260101,false
2,2026-01-22T19:00:00Z,2026-01-22T12:00:00Z,2026-01-24T15:00:00Z,44,0.882541,hgb-jan-eval-train-before-20260101,false
2,2026-01-22T19:00:00Z,2026-01-22T12:00:00Z,2026-01-24T16:00:00Z,45,0.872703,hgb-jan-eval-train-before-20260101,false
2,2026-01-22T19:00:00Z,2026-01-22T12:00:00Z,2026-01-24T17:00:00Z,46,0.865447,hgb-jan-eval-train-before-20260101,false
2,2026-01-22T19:00:00Z,2026-01-22T12:00:00Z,2026-01-24T18:00:00Z,47,0.852596,hgb-jan-eval-train-before-20260101,false
2,2026-01-22T19:00:00Z,2026-01-22T12:00:00Z,2026-01-24T19:00:00Z,48,0.851186,hgb-jan-eval-train-before-20260101,false
1,2026-01-23T19:00:00Z,2026-01-23T12:00:00Z,2026-01-23T20:00:00Z,1,0.078370,hgb-jan-eval-train-before-20260101,false
1,2026-01-23T19:00:00Z,2026-01-23T12:00:00Z,2026-01-23T21:00:00Z,2,0.013100,hgb-jan-eval-train-before-20260101,false
1,2026-01-23T19:00:00Z,2026-01-23T12:00:00Z,2026-01-23T22:00:00Z,3,0.505416,hgb-jan-eval-train-before-20260101,false
1,2026-01-23T19:00:00Z,2026-01-23T12:00:00Z,2026-01-23T23:00:00Z,4,0.416858,hgb-jan-eval-train-before-20260101,false
1,2026-01-23T19:00:00Z,2026-01-23T12:00:00Z,2026-01-24T00:00:00Z,5,0.462488,hgb-jan-eval-train-before-20260101,false
1,2026-01-23T19:00:00Z,2026-01-23T12:00:00Z,2026-01-24T01:00:00Z,6,0.458889,hgb-jan-eval-train-before-20260101,false
1,2026-01-23T19:00:00Z,2026-01-23T12:00:00Z,2026-01-24T02:00:00Z,7,0.586087,hgb-jan-eval-train-before-20260101,false
1,2026-01-23T19:00:00Z,2026-01-23T12:00:00Z,2026-01-24T03:00:00Z,8,0.749023,hgb-jan-eval-train-before-20260101,false
1,2026-01-23T19:00:00Z,2026-01-23T12:00:00Z,2026-01-24T04:00:00Z,9,0.806450,hgb-jan-eval-train-before-20260101,false
1,2026-01-23T19:00:00Z,2026-01-23T12:00:00Z,2026-01-24T05:00:00Z,10,0.918643,hgb-jan-eval-train-before-20260101,false
1,2026-01-23T19:00:00Z,2026-01-23T12:00:00Z,2026-01-24T06:00:00Z,11,0.907694,hgb-jan-eval-train-before-20260101,false
1,2026-01-23T19:00:00Z,2026-01-23T12:00:00Z,2026-01-24T07:00:00Z,12,0.925495,hgb-jan-eval-train-before-20260101,false
1,2026-01-23T19:00:00Z,2026-01-23T12:00:00Z,2026-01-24T08:00:00Z,13,0.945852,hgb-jan-eval-train-before-20260101,false
1,2026-01-23T19:00:00Z,2026-01-23T12:00:00Z,2026-01-24T09:00:00Z,14,0.939242,hgb-jan-eval-train-before-20260101,false
1,2026-01-23T19:00:00Z,2026-01-23T12:00:00Z,2026-01-24T10:00:00Z,15,0.927902,hgb-jan-eval-train-before-20260101,false
1,2026-01-23T19:00:00Z,2026-01-23T12:00:00Z,2026-01-24T11:00:00Z,16,0.892865,hgb-jan-eval-train-before-20260101,false
1,2026-01-23T19:00:00Z,2026-01-23T12:00:00Z,2026-01-24T12:00:00Z,17,0.902454,hgb-jan-eval-train-before-20260101,false
1,2026-01-23T19:00:00Z,2026-01-23T12:00:00Z,2026-01-24T13:00:00Z,18,0.888951,hgb-jan-eval-train-before-20260101,false
1,2026-01-23T19:00:00Z,2026-01-23T12:00:00Z,2026-01-24T14:00:00Z,19,0.889215,hgb-jan-eval-train-before-20260101,false
1,2026-01-23T19:00:00Z,2026-01-23T12:00:00Z,2026-01-24T15:00:00Z,20,0.852274,hgb-jan-eval-train-before-20260101,false
1,2026-01-23T19:00:00Z,2026-01-23T12:00:00Z,2026-01-24T16:00:00Z,21,0.855458,hgb-jan-eval-train-before-20260101,false
1,2026-01-23T19:00:00Z,2026-01-23T12:00:00Z,2026-01-24T17:00:00Z,22,0.835542,hgb-jan-eval-train-before-20260101,false
1,2026-01-23T19:00:00Z,2026-01-23T12:00:00Z,2026-01-24T18:00:00Z,23,0.809517,hgb-jan-eval-train-before-20260101,false
1,2026-01-23T19:00:00Z,2026-01-23T12:00:00Z,2026-01-24T19:00:00Z,24,0.751859,hgb-jan-eval-train-before-20260101,false
1,2026-01-23T19:00:00Z,2026-01-23T12:00:00Z,2026-01-24T20:00:00Z,25,0.734356,hgb-jan-eval-train-before-20260101,false
1,2026-01-23T19:00:00Z,2026-01-23T12:00:00Z,2026-01-24T21:00:00Z,26,0.716371,hgb-jan-eval-train-before-20260101,false
1,2026-01-23T19:00:00Z,2026-01-23T12:00:00Z,2026-01-24T22:00:00Z,27,0.694842,hgb-jan-eval-train-before-20260101,false
1,2026-01-23T19:00:00Z,2026-01-23T12:00:00Z,2026-01-24T23:00:00Z,28,0.656514,hgb-jan-eval-train-before-20260101,false
1,2026-01-23T19:00:00Z,2026-01-23T12:00:00Z,2026-01-25T00:00:00Z,29,0.378191,hgb-jan-eval-train-before-20260101,false
1,2026-01-23T19:00:00Z,2026-01-23T12:00:00Z,2026-01-25T01:00:00Z,30,0.050000,hgb-jan-eval-train-before-20260101,false
1,2026-01-23T19:00:00Z,2026-01-23T12:00:00Z,2026-01-25T02:00:00Z,31,0.039493,hgb-jan-eval-train-before-20260101,false
1,2026-01-23T19:00:00Z,2026-01-23T12:00:00Z,2026-01-25T03:00:00Z,32,0.041461,hgb-jan-eval-train-before-20260101,false
1,2026-01-23T19:00:00Z,2026-01-23T12:00:00Z,2026-01-25T04:00:00Z,33,0.042356,hgb-jan-eval-train-before-20260101,false
1,2026-01-23T19:00:00Z,2026-01-23T12:00:00Z,2026-01-25T05:00:00Z,34,0.044893,hgb-jan-eval-train-before-20260101,false
1,2026-01-23T19:00:00Z,2026-01-23T12:00:00Z,2026-01-25T06:00:00Z,35,0.019336,hgb-jan-eval-train-before-20260101,false
1,2026-01-23T19:00:00Z,2026-01-23T12:00:00Z,2026-01-25T07:00:00Z,36,0.029442,hgb-jan-eval-train-before-20260101,false
1,2026-01-23T19:00:00Z,2026-01-23T12:00:00Z,2026-01-25T08:00:00Z,37,0.027192,hgb-jan-eval-train-before-20260101,false
1,2026-01-23T19:00:00Z,2026-01-23T12:00:00Z,2026-01-25T09:00:00Z,38,0.038485,hgb-jan-eval-train-before-20260101,false
1,2026-01-23T19:00:00Z,2026-01-23T12:00:00Z,2026-01-25T10:00:00Z,39,0.079535,hgb-jan-eval-train-before-20260101,false
1,2026-01-23T19:00:00Z,2026-01-23T12:00:00Z,2026-01-25T11:00:00Z,40,0.242875,hgb-jan-eval-train-before-20260101,false
1,2026-01-23T19:00:00Z,2026-01-23T12:00:00Z,2026-01-25T12:00:00Z,41,0.328621,hgb-jan-eval-train-before-20260101,false
1,2026-01-23T19:00:00Z,2026-01-23T12:00:00Z,2026-01-25T13:00:00Z,42,0.146684,hgb-jan-eval-train-before-20260101,false
1,2026-01-23T19:00:00Z,2026-01-23T12:00:00Z,2026-01-25T14:00:00Z,43,0.083835,hgb-jan-eval-train-before-20260101,false
1,2026-01-23T19:00:00Z,2026-01-23T12:00:00Z,2026-01-25T15:00:00Z,44,0.053173,hgb-jan-eval-train-before-20260101,false
1,2026-01-23T19:00:00Z,2026-01-23T12:00:00Z,2026-01-25T16:00:00Z,45,0.109650,hgb-jan-eval-train-before-20260101,false
1,2026-01-23T19:00:00Z,2026-01-23T12:00:00Z,2026-01-25T17:00:00Z,46,0.089670,hgb-jan-eval-train-before-20260101,false
1,2026-01-23T19:00:00Z,2026-01-23T12:00:00Z,2026-01-25T18:00:00Z,47,0.050804,hgb-jan-eval-train-before-20260101,false
1,2026-01-23T19:00:00Z,2026-01-23T12:00:00Z,2026-01-25T19:00:00Z,48,0.034790,hgb-jan-eval-train-before-20260101,false
2,2026-01-23T19:00:00Z,2026-01-23T12:00:00Z,2026-01-23T20:00:00Z,1,0.078370,hgb-jan-eval-train-before-20260101,false
2,2026-01-23T19:00:00Z,2026-01-23T12:00:00Z,2026-01-23T21:00:00Z,2,0.013100,hgb-jan-eval-train-before-20260101,false
2,2026-01-23T19:00:00Z,2026-01-23T12:00:00Z,2026-01-23T22:00:00Z,3,0.505416,hgb-jan-eval-train-before-20260101,false
2,2026-01-23T19:00:00Z,2026-01-23T12:00:00Z,2026-01-23T23:00:00Z,4,0.416858,hgb-jan-eval-train-before-20260101,false
2,2026-01-23T19:00:00Z,2026-01-23T12:00:00Z,2026-01-24T00:00:00Z,5,0.462488,hgb-jan-eval-train-before-20260101,false
2,2026-01-23T19:00:00Z,2026-01-23T12:00:00Z,2026-01-24T01:00:00Z,6,0.458889,hgb-jan-eval-train-before-20260101,false
2,2026-01-23T19:00:00Z,2026-01-23T12:00:00Z,2026-01-24T02:00:00Z,7,0.586087,hgb-jan-eval-train-before-20260101,false
2,2026-01-23T19:00:00Z,2026-01-23T12:00:00Z,2026-01-24T03:00:00Z,8,0.749023,hgb-jan-eval-train-before-20260101,false
2,2026-01-23T19:00:00Z,2026-01-23T12:00:00Z,2026-01-24T04:00:00Z,9,0.806450,hgb-jan-eval-train-before-20260101,false
2,2026-01-23T19:00:00Z,2026-01-23T12:00:00Z,2026-01-24T05:00:00Z,10,0.918643,hgb-jan-eval-train-before-20260101,false
2,2026-01-23T19:00:00Z,2026-01-23T12:00:00Z,2026-01-24T06:00:00Z,11,0.907694,hgb-jan-eval-train-before-20260101,false
2,2026-01-23T19:00:00Z,2026-01-23T12:00:00Z,2026-01-24T07:00:00Z,12,0.925495,hgb-jan-eval-train-before-20260101,false
2,2026-01-23T19:00:00Z,2026-01-23T12:00:00Z,2026-01-24T08:00:00Z,13,0.945852,hgb-jan-eval-train-before-20260101,false
2,2026-01-23T19:00:00Z,2026-01-23T12:00:00Z,2026-01-24T09:00:00Z,14,0.939242,hgb-jan-eval-train-before-20260101,false
2,2026-01-23T19:00:00Z,2026-01-23T12:00:00Z,2026-01-24T10:00:00Z,15,0.927902,hgb-jan-eval-train-before-20260101,false
2,2026-01-23T19:00:00Z,2026-01-23T12:00:00Z,2026-01-24T11:00:00Z,16,0.892865,hgb-jan-eval-train-before-20260101,false
2,2026-01-23T19:00:00Z,2026-01-23T12:00:00Z,2026-01-24T12:00:00Z,17,0.902454,hgb-jan-eval-train-before-20260101,false
2,2026-01-23T19:00:00Z,2026-01-23T12:00:00Z,2026-01-24T13:00:00Z,18,0.888951,hgb-jan-eval-train-before-20260101,false
2,2026-01-23T19:00:00Z,2026-01-23T12:00:00Z,2026-01-24T14:00:00Z,19,0.889215,hgb-jan-eval-train-before-20260101,false
2,2026-01-23T19:00:00Z,2026-01-23T12:00:00Z,2026-01-24T15:00:00Z,20,0.852274,hgb-jan-eval-train-before-20260101,false
2,2026-01-23T19:00:00Z,2026-01-23T12:00:00Z,2026-01-24T16:00:00Z,21,0.855458,hgb-jan-eval-train-before-20260101,false
2,2026-01-23T19:00:00Z,2026-01-23T12:00:00Z,2026-01-24T17:00:00Z,22,0.835542,hgb-jan-eval-train-before-20260101,false
2,2026-01-23T19:00:00Z,2026-01-23T12:00:00Z,2026-01-24T18:00:00Z,23,0.809517,hgb-jan-eval-train-before-20260101,false
2,2026-01-23T19:00:00Z,2026-01-23T12:00:00Z,2026-01-24T19:00:00Z,24,0.751859,hgb-jan-eval-train-before-20260101,false
2,2026-01-23T19:00:00Z,2026-01-23T12:00:00Z,2026-01-24T20:00:00Z,25,0.734356,hgb-jan-eval-train-before-20260101,false
2,2026-01-23T19:00:00Z,2026-01-23T12:00:00Z,2026-01-24T21:00:00Z,26,0.716371,hgb-jan-eval-train-before-20260101,false
2,2026-01-23T19:00:00Z,2026-01-23T12:00:00Z,2026-01-24T22:00:00Z,27,0.694842,hgb-jan-eval-train-before-20260101,false
2,2026-01-23T19:00:00Z,2026-01-23T12:00:00Z,2026-01-24T23:00:00Z,28,0.656514,hgb-jan-eval-train-before-20260101,false
2,2026-01-23T19:00:00Z,2026-01-23T12:00:00Z,2026-01-25T00:00:00Z,29,0.378191,hgb-jan-eval-train-before-20260101,false
2,2026-01-23T19:00:00Z,2026-01-23T12:00:00Z,2026-01-25T01:00:00Z,30,0.050000,hgb-jan-eval-train-before-20260101,false
2,2026-01-23T19:00:00Z,2026-01-23T12:00:00Z,2026-01-25T02:00:00Z,31,0.039493,hgb-jan-eval-train-before-20260101,false
2,2026-01-23T19:00:00Z,2026-01-23T12:00:00Z,2026-01-25T03:00:00Z,32,0.041461,hgb-jan-eval-train-before-20260101,false
2,2026-01-23T19:00:00Z,2026-01-23T12:00:00Z,2026-01-25T04:00:00Z,33,0.042356,hgb-jan-eval-train-before-20260101,false
2,2026-01-23T19:00:00Z,2026-01-23T12:00:00Z,2026-01-25T05:00:00Z,34,0.044893,hgb-jan-eval-train-before-20260101,false
2,2026-01-23T19:00:00Z,2026-01-23T12:00:00Z,2026-01-25T06:00:00Z,35,0.019336,hgb-jan-eval-train-before-20260101,false
2,2026-01-23T19:00:00Z,2026-01-23T12:00:00Z,2026-01-25T07:00:00Z,36,0.029442,hgb-jan-eval-train-before-20260101,false
2,2026-01-23T19:00:00Z,2026-01-23T12:00:00Z,2026-01-25T08:00:00Z,37,0.027192,hgb-jan-eval-train-before-20260101,false
2,2026-01-23T19:00:00Z,2026-01-23T12:00:00Z,2026-01-25T09:00:00Z,38,0.038485,hgb-jan-eval-train-before-20260101,false
2,2026-01-23T19:00:00Z,2026-01-23T12:00:00Z,2026-01-25T10:00:00Z,39,0.079535,hgb-jan-eval-train-before-20260101,false
2,2026-01-23T19:00:00Z,2026-01-23T12:00:00Z,2026-01-25T11:00:00Z,40,0.242875,hgb-jan-eval-train-before-20260101,false
2,2026-01-23T19:00:00Z,2026-01-23T12:00:00Z,2026-01-25T12:00:00Z,41,0.328621,hgb-jan-eval-train-before-20260101,false
2,2026-01-23T19:00:00Z,2026-01-23T12:00:00Z,2026-01-25T13:00:00Z,42,0.146684,hgb-jan-eval-train-before-20260101,false
2,2026-01-23T19:00:00Z,2026-01-23T12:00:00Z,2026-01-25T14:00:00Z,43,0.083835,hgb-jan-eval-train-before-20260101,false
2,2026-01-23T19:00:00Z,2026-01-23T12:00:00Z,2026-01-25T15:00:00Z,44,0.053173,hgb-jan-eval-train-before-20260101,false
2,2026-01-23T19:00:00Z,2026-01-23T12:00:00Z,2026-01-25T16:00:00Z,45,0.109650,hgb-jan-eval-train-before-20260101,false
2,2026-01-23T19:00:00Z,2026-01-23T12:00:00Z,2026-01-25T17:00:00Z,46,0.089670,hgb-jan-eval-train-before-20260101,false
2,2026-01-23T19:00:00Z,2026-01-23T12:00:00Z,2026-01-25T18:00:00Z,47,0.050804,hgb-jan-eval-train-before-20260101,false
2,2026-01-23T19:00:00Z,2026-01-23T12:00:00Z,2026-01-25T19:00:00Z,48,0.034790,hgb-jan-eval-train-before-20260101,false
1,2026-01-24T19:00:00Z,2026-01-24T12:00:00Z,2026-01-24T20:00:00Z,1,0.629308,hgb-jan-eval-train-before-20260101,false
1,2026-01-24T19:00:00Z,2026-01-24T12:00:00Z,2026-01-24T21:00:00Z,2,0.436890,hgb-jan-eval-train-before-20260101,false
1,2026-01-24T19:00:00Z,2026-01-24T12:00:00Z,2026-01-24T22:00:00Z,3,0.421570,hgb-jan-eval-train-before-20260101,false
1,2026-01-24T19:00:00Z,2026-01-24T12:00:00Z,2026-01-24T23:00:00Z,4,0.284136,hgb-jan-eval-train-before-20260101,false
1,2026-01-24T19:00:00Z,2026-01-24T12:00:00Z,2026-01-25T00:00:00Z,5,0.036785,hgb-jan-eval-train-before-20260101,false
1,2026-01-24T19:00:00Z,2026-01-24T12:00:00Z,2026-01-25T01:00:00Z,6,0.052666,hgb-jan-eval-train-before-20260101,false
1,2026-01-24T19:00:00Z,2026-01-24T12:00:00Z,2026-01-25T02:00:00Z,7,0.132704,hgb-jan-eval-train-before-20260101,false
1,2026-01-24T19:00:00Z,2026-01-24T12:00:00Z,2026-01-25T03:00:00Z,8,0.075159,hgb-jan-eval-train-before-20260101,false
1,2026-01-24T19:00:00Z,2026-01-24T12:00:00Z,2026-01-25T04:00:00Z,9,0.048169,hgb-jan-eval-train-before-20260101,false
1,2026-01-24T19:00:00Z,2026-01-24T12:00:00Z,2026-01-25T05:00:00Z,10,0.039231,hgb-jan-eval-train-before-20260101,false
1,2026-01-24T19:00:00Z,2026-01-24T12:00:00Z,2026-01-25T06:00:00Z,11,0.016499,hgb-jan-eval-train-before-20260101,false
1,2026-01-24T19:00:00Z,2026-01-24T12:00:00Z,2026-01-25T07:00:00Z,12,0.019756,hgb-jan-eval-train-before-20260101,false
1,2026-01-24T19:00:00Z,2026-01-24T12:00:00Z,2026-01-25T08:00:00Z,13,0.023983,hgb-jan-eval-train-before-20260101,false
1,2026-01-24T19:00:00Z,2026-01-24T12:00:00Z,2026-01-25T09:00:00Z,14,0.048936,hgb-jan-eval-train-before-20260101,false
1,2026-01-24T19:00:00Z,2026-01-24T12:00:00Z,2026-01-25T10:00:00Z,15,0.055858,hgb-jan-eval-train-before-20260101,false
1,2026-01-24T19:00:00Z,2026-01-24T12:00:00Z,2026-01-25T11:00:00Z,16,0.154590,hgb-jan-eval-train-before-20260101,false
1,2026-01-24T19:00:00Z,2026-01-24T12:00:00Z,2026-01-25T12:00:00Z,17,0.148618,hgb-jan-eval-train-before-20260101,false
1,2026-01-24T19:00:00Z,2026-01-24T12:00:00Z,2026-01-25T13:00:00Z,18,0.129147,hgb-jan-eval-train-before-20260101,false
1,2026-01-24T19:00:00Z,2026-01-24T12:00:00Z,2026-01-25T14:00:00Z,19,0.129979,hgb-jan-eval-train-before-20260101,false
1,2026-01-24T19:00:00Z,2026-01-24T12:00:00Z,2026-01-25T15:00:00Z,20,0.123532,hgb-jan-eval-train-before-20260101,false
1,2026-01-24T19:00:00Z,2026-01-24T12:00:00Z,2026-01-25T16:00:00Z,21,0.108527,hgb-jan-eval-train-before-20260101,false
1,2026-01-24T19:00:00Z,2026-01-24T12:00:00Z,2026-01-25T17:00:00Z,22,0.072673,hgb-jan-eval-train-before-20260101,false
1,2026-01-24T19:00:00Z,2026-01-24T12:00:00Z,2026-01-25T18:00:00Z,23,0.041579,hgb-jan-eval-train-before-20260101,false
1,2026-01-24T19:00:00Z,2026-01-24T12:00:00Z,2026-01-25T19:00:00Z,24,0.031923,hgb-jan-eval-train-before-20260101,false
1,2026-01-24T19:00:00Z,2026-01-24T12:00:00Z,2026-01-25T20:00:00Z,25,0.085552,hgb-jan-eval-train-before-20260101,false
1,2026-01-24T19:00:00Z,2026-01-24T12:00:00Z,2026-01-25T21:00:00Z,26,0.276565,hgb-jan-eval-train-before-20260101,false
1,2026-01-24T19:00:00Z,2026-01-24T12:00:00Z,2026-01-25T22:00:00Z,27,0.413955,hgb-jan-eval-train-before-20260101,false
1,2026-01-24T19:00:00Z,2026-01-24T12:00:00Z,2026-01-25T23:00:00Z,28,0.433608,hgb-jan-eval-train-before-20260101,false
1,2026-01-24T19:00:00Z,2026-01-24T12:00:00Z,2026-01-26T00:00:00Z,29,0.427618,hgb-jan-eval-train-before-20260101,false
1,2026-01-24T19:00:00Z,2026-01-24T12:00:00Z,2026-01-26T01:00:00Z,30,0.357992,hgb-jan-eval-train-before-20260101,false
1,2026-01-24T19:00:00Z,2026-01-24T12:00:00Z,2026-01-26T02:00:00Z,31,0.379577,hgb-jan-eval-train-before-20260101,false
1,2026-01-24T19:00:00Z,2026-01-24T12:00:00Z,2026-01-26T03:00:00Z,32,0.364758,hgb-jan-eval-train-before-20260101,false
1,2026-01-24T19:00:00Z,2026-01-24T12:00:00Z,2026-01-26T04:00:00Z,33,0.394172,hgb-jan-eval-train-before-20260101,false
1,2026-01-24T19:00:00Z,2026-01-24T12:00:00Z,2026-01-26T05:00:00Z,34,0.482196,hgb-jan-eval-train-before-20260101,false
1,2026-01-24T19:00:00Z,2026-01-24T12:00:00Z,2026-01-26T06:00:00Z,35,0.476197,hgb-jan-eval-train-before-20260101,false
1,2026-01-24T19:00:00Z,2026-01-24T12:00:00Z,2026-01-26T07:00:00Z,36,0.627330,hgb-jan-eval-train-before-20260101,false
1,2026-01-24T19:00:00Z,2026-01-24T12:00:00Z,2026-01-26T08:00:00Z,37,0.737461,hgb-jan-eval-train-before-20260101,false
1,2026-01-24T19:00:00Z,2026-01-24T12:00:00Z,2026-01-26T09:00:00Z,38,0.801786,hgb-jan-eval-train-before-20260101,false
1,2026-01-24T19:00:00Z,2026-01-24T12:00:00Z,2026-01-26T10:00:00Z,39,0.814685,hgb-jan-eval-train-before-20260101,false
1,2026-01-24T19:00:00Z,2026-01-24T12:00:00Z,2026-01-26T11:00:00Z,40,0.756826,hgb-jan-eval-train-before-20260101,false
1,2026-01-24T19:00:00Z,2026-01-24T12:00:00Z,2026-01-26T12:00:00Z,41,0.792498,hgb-jan-eval-train-before-20260101,false
1,2026-01-24T19:00:00Z,2026-01-24T12:00:00Z,2026-01-26T13:00:00Z,42,0.672838,hgb-jan-eval-train-before-20260101,false
1,2026-01-24T19:00:00Z,2026-01-24T12:00:00Z,2026-01-26T14:00:00Z,43,0.624966,hgb-jan-eval-train-before-20260101,false
1,2026-01-24T19:00:00Z,2026-01-24T12:00:00Z,2026-01-26T15:00:00Z,44,0.592957,hgb-jan-eval-train-before-20260101,false
1,2026-01-24T19:00:00Z,2026-01-24T12:00:00Z,2026-01-26T16:00:00Z,45,0.519017,hgb-jan-eval-train-before-20260101,false
1,2026-01-24T19:00:00Z,2026-01-24T12:00:00Z,2026-01-26T17:00:00Z,46,0.412888,hgb-jan-eval-train-before-20260101,false
1,2026-01-24T19:00:00Z,2026-01-24T12:00:00Z,2026-01-26T18:00:00Z,47,0.335319,hgb-jan-eval-train-before-20260101,false
1,2026-01-24T19:00:00Z,2026-01-24T12:00:00Z,2026-01-26T19:00:00Z,48,0.139487,hgb-jan-eval-train-before-20260101,false
2,2026-01-24T19:00:00Z,2026-01-24T12:00:00Z,2026-01-24T20:00:00Z,1,0.629308,hgb-jan-eval-train-before-20260101,false
2,2026-01-24T19:00:00Z,2026-01-24T12:00:00Z,2026-01-24T21:00:00Z,2,0.436890,hgb-jan-eval-train-before-20260101,false
2,2026-01-24T19:00:00Z,2026-01-24T12:00:00Z,2026-01-24T22:00:00Z,3,0.421570,hgb-jan-eval-train-before-20260101,false
2,2026-01-24T19:00:00Z,2026-01-24T12:00:00Z,2026-01-24T23:00:00Z,4,0.284136,hgb-jan-eval-train-before-20260101,false
2,2026-01-24T19:00:00Z,2026-01-24T12:00:00Z,2026-01-25T00:00:00Z,5,0.036785,hgb-jan-eval-train-before-20260101,false
2,2026-01-24T19:00:00Z,2026-01-24T12:00:00Z,2026-01-25T01:00:00Z,6,0.052666,hgb-jan-eval-train-before-20260101,false
2,2026-01-24T19:00:00Z,2026-01-24T12:00:00Z,2026-01-25T02:00:00Z,7,0.132704,hgb-jan-eval-train-before-20260101,false
2,2026-01-24T19:00:00Z,2026-01-24T12:00:00Z,2026-01-25T03:00:00Z,8,0.075159,hgb-jan-eval-train-before-20260101,false
2,2026-01-24T19:00:00Z,2026-01-24T12:00:00Z,2026-01-25T04:00:00Z,9,0.048169,hgb-jan-eval-train-before-20260101,false
2,2026-01-24T19:00:00Z,2026-01-24T12:00:00Z,2026-01-25T05:00:00Z,10,0.039231,hgb-jan-eval-train-before-20260101,false
2,2026-01-24T19:00:00Z,2026-01-24T12:00:00Z,2026-01-25T06:00:00Z,11,0.016499,hgb-jan-eval-train-before-20260101,false
2,2026-01-24T19:00:00Z,2026-01-24T12:00:00Z,2026-01-25T07:00:00Z,12,0.019756,hgb-jan-eval-train-before-20260101,false
2,2026-01-24T19:00:00Z,2026-01-24T12:00:00Z,2026-01-25T08:00:00Z,13,0.023983,hgb-jan-eval-train-before-20260101,false
2,2026-01-24T19:00:00Z,2026-01-24T12:00:00Z,2026-01-25T09:00:00Z,14,0.048936,hgb-jan-eval-train-before-20260101,false
2,2026-01-24T19:00:00Z,2026-01-24T12:00:00Z,2026-01-25T10:00:00Z,15,0.055858,hgb-jan-eval-train-before-20260101,false
2,2026-01-24T19:00:00Z,2026-01-24T12:00:00Z,2026-01-25T11:00:00Z,16,0.154590,hgb-jan-eval-train-before-20260101,false
2,2026-01-24T19:00:00Z,2026-01-24T12:00:00Z,2026-01-25T12:00:00Z,17,0.148618,hgb-jan-eval-train-before-20260101,false
2,2026-01-24T19:00:00Z,2026-01-24T12:00:00Z,2026-01-25T13:00:00Z,18,0.129147,hgb-jan-eval-train-before-20260101,false
2,2026-01-24T19:00:00Z,2026-01-24T12:00:00Z,2026-01-25T14:00:00Z,19,0.129979,hgb-jan-eval-train-before-20260101,false
2,2026-01-24T19:00:00Z,2026-01-24T12:00:00Z,2026-01-25T15:00:00Z,20,0.123532,hgb-jan-eval-train-before-20260101,false
2,2026-01-24T19:00:00Z,2026-01-24T12:00:00Z,2026-01-25T16:00:00Z,21,0.108527,hgb-jan-eval-train-before-20260101,false
2,2026-01-24T19:00:00Z,2026-01-24T12:00:00Z,2026-01-25T17:00:00Z,22,0.072673,hgb-jan-eval-train-before-20260101,false
2,2026-01-24T19:00:00Z,2026-01-24T12:00:00Z,2026-01-25T18:00:00Z,23,0.041579,hgb-jan-eval-train-before-20260101,false
2,2026-01-24T19:00:00Z,2026-01-24T12:00:00Z,2026-01-25T19:00:00Z,24,0.031923,hgb-jan-eval-train-before-20260101,false
2,2026-01-24T19:00:00Z,2026-01-24T12:00:00Z,2026-01-25T20:00:00Z,25,0.085552,hgb-jan-eval-train-before-20260101,false
2,2026-01-24T19:00:00Z,2026-01-24T12:00:00Z,2026-01-25T21:00:00Z,26,0.276565,hgb-jan-eval-train-before-20260101,false
2,2026-01-24T19:00:00Z,2026-01-24T12:00:00Z,2026-01-25T22:00:00Z,27,0.413955,hgb-jan-eval-train-before-20260101,false
2,2026-01-24T19:00:00Z,2026-01-24T12:00:00Z,2026-01-25T23:00:00Z,28,0.433608,hgb-jan-eval-train-before-20260101,false
2,2026-01-24T19:00:00Z,2026-01-24T12:00:00Z,2026-01-26T00:00:00Z,29,0.427618,hgb-jan-eval-train-before-20260101,false
2,2026-01-24T19:00:00Z,2026-01-24T12:00:00Z,2026-01-26T01:00:00Z,30,0.357992,hgb-jan-eval-train-before-20260101,false
2,2026-01-24T19:00:00Z,2026-01-24T12:00:00Z,2026-01-26T02:00:00Z,31,0.379577,hgb-jan-eval-train-before-20260101,false
2,2026-01-24T19:00:00Z,2026-01-24T12:00:00Z,2026-01-26T03:00:00Z,32,0.364758,hgb-jan-eval-train-before-20260101,false
2,2026-01-24T19:00:00Z,2026-01-24T12:00:00Z,2026-01-26T04:00:00Z,33,0.394172,hgb-jan-eval-train-before-20260101,false
2,2026-01-24T19:00:00Z,2026-01-24T12:00:00Z,2026-01-26T05:00:00Z,34,0.482196,hgb-jan-eval-train-before-20260101,false
2,2026-01-24T19:00:00Z,2026-01-24T12:00:00Z,2026-01-26T06:00:00Z,35,0.476197,hgb-jan-eval-train-before-20260101,false
2,2026-01-24T19:00:00Z,2026-01-24T12:00:00Z,2026-01-26T07:00:00Z,36,0.627330,hgb-jan-eval-train-before-20260101,false
2,2026-01-24T19:00:00Z,2026-01-24T12:00:00Z,2026-01-26T08:00:00Z,37,0.737461,hgb-jan-eval-train-before-20260101,false
2,2026-01-24T19:00:00Z,2026-01-24T12:00:00Z,2026-01-26T09:00:00Z,38,0.801786,hgb-jan-eval-train-before-20260101,false
2,2026-01-24T19:00:00Z,2026-01-24T12:00:00Z,2026-01-26T10:00:00Z,39,0.814685,hgb-jan-eval-train-before-20260101,false
2,2026-01-24T19:00:00Z,2026-01-24T12:00:00Z,2026-01-26T11:00:00Z,40,0.756826,hgb-jan-eval-train-before-20260101,false
2,2026-01-24T19:00:00Z,2026-01-24T12:00:00Z,2026-01-26T12:00:00Z,41,0.792498,hgb-jan-eval-train-before-20260101,false
2,2026-01-24T19:00:00Z,2026-01-24T12:00:00Z,2026-01-26T13:00:00Z,42,0.672838,hgb-jan-eval-train-before-20260101,false
2,2026-01-24T19:00:00Z,2026-01-24T12:00:00Z,2026-01-26T14:00:00Z,43,0.624966,hgb-jan-eval-train-before-20260101,false
2,2026-01-24T19:00:00Z,2026-01-24T12:00:00Z,2026-01-26T15:00:00Z,44,0.592957,hgb-jan-eval-train-before-20260101,false
2,2026-01-24T19:00:00Z,2026-01-24T12:00:00Z,2026-01-26T16:00:00Z,45,0.519017,hgb-jan-eval-train-before-20260101,false
2,2026-01-24T19:00:00Z,2026-01-24T12:00:00Z,2026-01-26T17:00:00Z,46,0.412888,hgb-jan-eval-train-before-20260101,false
2,2026-01-24T19:00:00Z,2026-01-24T12:00:00Z,2026-01-26T18:00:00Z,47,0.335319,hgb-jan-eval-train-before-20260101,false
2,2026-01-24T19:00:00Z,2026-01-24T12:00:00Z,2026-01-26T19:00:00Z,48,0.139487,hgb-jan-eval-train-before-20260101,false
1,2026-01-25T19:00:00Z,2026-01-25T12:00:00Z,2026-01-25T20:00:00Z,1,0.216710,hgb-jan-eval-train-before-20260101,false
1,2026-01-25T19:00:00Z,2026-01-25T12:00:00Z,2026-01-25T21:00:00Z,2,0.153701,hgb-jan-eval-train-before-20260101,false
1,2026-01-25T19:00:00Z,2026-01-25T12:00:00Z,2026-01-25T22:00:00Z,3,0.191959,hgb-jan-eval-train-before-20260101,false
1,2026-01-25T19:00:00Z,2026-01-25T12:00:00Z,2026-01-25T23:00:00Z,4,0.292521,hgb-jan-eval-train-before-20260101,false
1,2026-01-25T19:00:00Z,2026-01-25T12:00:00Z,2026-01-26T00:00:00Z,5,0.258155,hgb-jan-eval-train-before-20260101,false
1,2026-01-25T19:00:00Z,2026-01-25T12:00:00Z,2026-01-26T01:00:00Z,6,0.228743,hgb-jan-eval-train-before-20260101,false
1,2026-01-25T19:00:00Z,2026-01-25T12:00:00Z,2026-01-26T02:00:00Z,7,0.221341,hgb-jan-eval-train-before-20260101,false
1,2026-01-25T19:00:00Z,2026-01-25T12:00:00Z,2026-01-26T03:00:00Z,8,0.217121,hgb-jan-eval-train-before-20260101,false
1,2026-01-25T19:00:00Z,2026-01-25T12:00:00Z,2026-01-26T04:00:00Z,9,0.309104,hgb-jan-eval-train-before-20260101,false
1,2026-01-25T19:00:00Z,2026-01-25T12:00:00Z,2026-01-26T05:00:00Z,10,0.315977,hgb-jan-eval-train-before-20260101,false
1,2026-01-25T19:00:00Z,2026-01-25T12:00:00Z,2026-01-26T06:00:00Z,11,0.299090,hgb-jan-eval-train-before-20260101,false
1,2026-01-25T19:00:00Z,2026-01-25T12:00:00Z,2026-01-26T07:00:00Z,12,0.481483,hgb-jan-eval-train-before-20260101,false
1,2026-01-25T19:00:00Z,2026-01-25T12:00:00Z,2026-01-26T08:00:00Z,13,0.726095,hgb-jan-eval-train-before-20260101,false
1,2026-01-25T19:00:00Z,2026-01-25T12:00:00Z,2026-01-26T09:00:00Z,14,0.788693,hgb-jan-eval-train-before-20260101,false
1,2026-01-25T19:00:00Z,2026-01-25T12:00:00Z,2026-01-26T10:00:00Z,15,0.670150,hgb-jan-eval-train-before-20260101,false
1,2026-01-25T19:00:00Z,2026-01-25T12:00:00Z,2026-01-26T11:00:00Z,16,0.718163,hgb-jan-eval-train-before-20260101,false
1,2026-01-25T19:00:00Z,2026-01-25T12:00:00Z,2026-01-26T12:00:00Z,17,0.712880,hgb-jan-eval-train-before-20260101,false
1,2026-01-25T19:00:00Z,2026-01-25T12:00:00Z,2026-01-26T13:00:00Z,18,0.650325,hgb-jan-eval-train-before-20260101,false
1,2026-01-25T19:00:00Z,2026-01-25T12:00:00Z,2026-01-26T14:00:00Z,19,0.628272,hgb-jan-eval-train-before-20260101,false
1,2026-01-25T19:00:00Z,2026-01-25T12:00:00Z,2026-01-26T15:00:00Z,20,0.658161,hgb-jan-eval-train-before-20260101,false
1,2026-01-25T19:00:00Z,2026-01-25T12:00:00Z,2026-01-26T16:00:00Z,21,0.686105,hgb-jan-eval-train-before-20260101,false
1,2026-01-25T19:00:00Z,2026-01-25T12:00:00Z,2026-01-26T17:00:00Z,22,0.687289,hgb-jan-eval-train-before-20260101,false
1,2026-01-25T19:00:00Z,2026-01-25T12:00:00Z,2026-01-26T18:00:00Z,23,0.583655,hgb-jan-eval-train-before-20260101,false
1,2026-01-25T19:00:00Z,2026-01-25T12:00:00Z,2026-01-26T19:00:00Z,24,0.420078,hgb-jan-eval-train-before-20260101,false
1,2026-01-25T19:00:00Z,2026-01-25T12:00:00Z,2026-01-26T20:00:00Z,25,0.315669,hgb-jan-eval-train-before-20260101,false
1,2026-01-25T19:00:00Z,2026-01-25T12:00:00Z,2026-01-26T21:00:00Z,26,0.223373,hgb-jan-eval-train-before-20260101,false
1,2026-01-25T19:00:00Z,2026-01-25T12:00:00Z,2026-01-26T22:00:00Z,27,0.117429,hgb-jan-eval-train-before-20260101,false
1,2026-01-25T19:00:00Z,2026-01-25T12:00:00Z,2026-01-26T23:00:00Z,28,0.052276,hgb-jan-eval-train-before-20260101,false
1,2026-01-25T19:00:00Z,2026-01-25T12:00:00Z,2026-01-27T00:00:00Z,29,0.023087,hgb-jan-eval-train-before-20260101,false
1,2026-01-25T19:00:00Z,2026-01-25T12:00:00Z,2026-01-27T01:00:00Z,30,0.021345,hgb-jan-eval-train-before-20260101,false
1,2026-01-25T19:00:00Z,2026-01-25T12:00:00Z,2026-01-27T02:00:00Z,31,0.040867,hgb-jan-eval-train-before-20260101,false
1,2026-01-25T19:00:00Z,2026-01-25T12:00:00Z,2026-01-27T03:00:00Z,32,0.030644,hgb-jan-eval-train-before-20260101,false
1,2026-01-25T19:00:00Z,2026-01-25T12:00:00Z,2026-01-27T04:00:00Z,33,0.040385,hgb-jan-eval-train-before-20260101,false
1,2026-01-25T19:00:00Z,2026-01-25T12:00:00Z,2026-01-27T05:00:00Z,34,0.038689,hgb-jan-eval-train-before-20260101,false
1,2026-01-25T19:00:00Z,2026-01-25T12:00:00Z,2026-01-27T06:00:00Z,35,0.032412,hgb-jan-eval-train-before-20260101,false
1,2026-01-25T19:00:00Z,2026-01-25T12:00:00Z,2026-01-27T07:00:00Z,36,0.036954,hgb-jan-eval-train-before-20260101,false
1,2026-01-25T19:00:00Z,2026-01-25T12:00:00Z,2026-01-27T08:00:00Z,37,0.014107,hgb-jan-eval-train-before-20260101,false
1,2026-01-25T19:00:00Z,2026-01-25T12:00:00Z,2026-01-27T09:00:00Z,38,0.024963,hgb-jan-eval-train-before-20260101,false
1,2026-01-25T19:00:00Z,2026-01-25T12:00:00Z,2026-01-27T10:00:00Z,39,0.034054,hgb-jan-eval-train-before-20260101,false
1,2026-01-25T19:00:00Z,2026-01-25T12:00:00Z,2026-01-27T11:00:00Z,40,0.029259,hgb-jan-eval-train-before-20260101,false
1,2026-01-25T19:00:00Z,2026-01-25T12:00:00Z,2026-01-27T12:00:00Z,41,0.033538,hgb-jan-eval-train-before-20260101,false
1,2026-01-25T19:00:00Z,2026-01-25T12:00:00Z,2026-01-27T13:00:00Z,42,0.028168,hgb-jan-eval-train-before-20260101,false
1,2026-01-25T19:00:00Z,2026-01-25T12:00:00Z,2026-01-27T14:00:00Z,43,0.028272,hgb-jan-eval-train-before-20260101,false
1,2026-01-25T19:00:00Z,2026-01-25T12:00:00Z,2026-01-27T15:00:00Z,44,0.042828,hgb-jan-eval-train-before-20260101,false
1,2026-01-25T19:00:00Z,2026-01-25T12:00:00Z,2026-01-27T16:00:00Z,45,0.048451,hgb-jan-eval-train-before-20260101,false
1,2026-01-25T19:00:00Z,2026-01-25T12:00:00Z,2026-01-27T17:00:00Z,46,0.049816,hgb-jan-eval-train-before-20260101,false
1,2026-01-25T19:00:00Z,2026-01-25T12:00:00Z,2026-01-27T18:00:00Z,47,0.069080,hgb-jan-eval-train-before-20260101,false
1,2026-01-25T19:00:00Z,2026-01-25T12:00:00Z,2026-01-27T19:00:00Z,48,0.057016,hgb-jan-eval-train-before-20260101,false
2,2026-01-25T19:00:00Z,2026-01-25T12:00:00Z,2026-01-25T20:00:00Z,1,0.216710,hgb-jan-eval-train-before-20260101,false
2,2026-01-25T19:00:00Z,2026-01-25T12:00:00Z,2026-01-25T21:00:00Z,2,0.153701,hgb-jan-eval-train-before-20260101,false
2,2026-01-25T19:00:00Z,2026-01-25T12:00:00Z,2026-01-25T22:00:00Z,3,0.191959,hgb-jan-eval-train-before-20260101,false
2,2026-01-25T19:00:00Z,2026-01-25T12:00:00Z,2026-01-25T23:00:00Z,4,0.292521,hgb-jan-eval-train-before-20260101,false
2,2026-01-25T19:00:00Z,2026-01-25T12:00:00Z,2026-01-26T00:00:00Z,5,0.258155,hgb-jan-eval-train-before-20260101,false
2,2026-01-25T19:00:00Z,2026-01-25T12:00:00Z,2026-01-26T01:00:00Z,6,0.228743,hgb-jan-eval-train-before-20260101,false
2,2026-01-25T19:00:00Z,2026-01-25T12:00:00Z,2026-01-26T02:00:00Z,7,0.221341,hgb-jan-eval-train-before-20260101,false
2,2026-01-25T19:00:00Z,2026-01-25T12:00:00Z,2026-01-26T03:00:00Z,8,0.217121,hgb-jan-eval-train-before-20260101,false
2,2026-01-25T19:00:00Z,2026-01-25T12:00:00Z,2026-01-26T04:00:00Z,9,0.309104,hgb-jan-eval-train-before-20260101,false
2,2026-01-25T19:00:00Z,2026-01-25T12:00:00Z,2026-01-26T05:00:00Z,10,0.315977,hgb-jan-eval-train-before-20260101,false
2,2026-01-25T19:00:00Z,2026-01-25T12:00:00Z,2026-01-26T06:00:00Z,11,0.299090,hgb-jan-eval-train-before-20260101,false
2,2026-01-25T19:00:00Z,2026-01-25T12:00:00Z,2026-01-26T07:00:00Z,12,0.481483,hgb-jan-eval-train-before-20260101,false
2,2026-01-25T19:00:00Z,2026-01-25T12:00:00Z,2026-01-26T08:00:00Z,13,0.726095,hgb-jan-eval-train-before-20260101,false
2,2026-01-25T19:00:00Z,2026-01-25T12:00:00Z,2026-01-26T09:00:00Z,14,0.788693,hgb-jan-eval-train-before-20260101,false
2,2026-01-25T19:00:00Z,2026-01-25T12:00:00Z,2026-01-26T10:00:00Z,15,0.670150,hgb-jan-eval-train-before-20260101,false
2,2026-01-25T19:00:00Z,2026-01-25T12:00:00Z,2026-01-26T11:00:00Z,16,0.718163,hgb-jan-eval-train-before-20260101,false
2,2026-01-25T19:00:00Z,2026-01-25T12:00:00Z,2026-01-26T12:00:00Z,17,0.712880,hgb-jan-eval-train-before-20260101,false
2,2026-01-25T19:00:00Z,2026-01-25T12:00:00Z,2026-01-26T13:00:00Z,18,0.650325,hgb-jan-eval-train-before-20260101,false
2,2026-01-25T19:00:00Z,2026-01-25T12:00:00Z,2026-01-26T14:00:00Z,19,0.628272,hgb-jan-eval-train-before-20260101,false
2,2026-01-25T19:00:00Z,2026-01-25T12:00:00Z,2026-01-26T15:00:00Z,20,0.658161,hgb-jan-eval-train-before-20260101,false
2,2026-01-25T19:00:00Z,2026-01-25T12:00:00Z,2026-01-26T16:00:00Z,21,0.686105,hgb-jan-eval-train-before-20260101,false
2,2026-01-25T19:00:00Z,2026-01-25T12:00:00Z,2026-01-26T17:00:00Z,22,0.687289,hgb-jan-eval-train-before-20260101,false
2,2026-01-25T19:00:00Z,2026-01-25T12:00:00Z,2026-01-26T18:00:00Z,23,0.583655,hgb-jan-eval-train-before-20260101,false
2,2026-01-25T19:00:00Z,2026-01-25T12:00:00Z,2026-01-26T19:00:00Z,24,0.420078,hgb-jan-eval-train-before-20260101,false
2,2026-01-25T19:00:00Z,2026-01-25T12:00:00Z,2026-01-26T20:00:00Z,25,0.315669,hgb-jan-eval-train-before-20260101,false
2,2026-01-25T19:00:00Z,2026-01-25T12:00:00Z,2026-01-26T21:00:00Z,26,0.223373,hgb-jan-eval-train-before-20260101,false
2,2026-01-25T19:00:00Z,2026-01-25T12:00:00Z,2026-01-26T22:00:00Z,27,0.117429,hgb-jan-eval-train-before-20260101,false
2,2026-01-25T19:00:00Z,2026-01-25T12:00:00Z,2026-01-26T23:00:00Z,28,0.052276,hgb-jan-eval-train-before-20260101,false
2,2026-01-25T19:00:00Z,2026-01-25T12:00:00Z,2026-01-27T00:00:00Z,29,0.023087,hgb-jan-eval-train-before-20260101,false
2,2026-01-25T19:00:00Z,2026-01-25T12:00:00Z,2026-01-27T01:00:00Z,30,0.021345,hgb-jan-eval-train-before-20260101,false
2,2026-01-25T19:00:00Z,2026-01-25T12:00:00Z,2026-01-27T02:00:00Z,31,0.040867,hgb-jan-eval-train-before-20260101,false
2,2026-01-25T19:00:00Z,2026-01-25T12:00:00Z,2026-01-27T03:00:00Z,32,0.030644,hgb-jan-eval-train-before-20260101,false
2,2026-01-25T19:00:00Z,2026-01-25T12:00:00Z,2026-01-27T04:00:00Z,33,0.040385,hgb-jan-eval-train-before-20260101,false
2,2026-01-25T19:00:00Z,2026-01-25T12:00:00Z,2026-01-27T05:00:00Z,34,0.038689,hgb-jan-eval-train-before-20260101,false
2,2026-01-25T19:00:00Z,2026-01-25T12:00:00Z,2026-01-27T06:00:00Z,35,0.032412,hgb-jan-eval-train-before-20260101,false
2,2026-01-25T19:00:00Z,2026-01-25T12:00:00Z,2026-01-27T07:00:00Z,36,0.036954,hgb-jan-eval-train-before-20260101,false
2,2026-01-25T19:00:00Z,2026-01-25T12:00:00Z,2026-01-27T08:00:00Z,37,0.014107,hgb-jan-eval-train-before-20260101,false
2,2026-01-25T19:00:00Z,2026-01-25T12:00:00Z,2026-01-27T09:00:00Z,38,0.024963,hgb-jan-eval-train-before-20260101,false
2,2026-01-25T19:00:00Z,2026-01-25T12:00:00Z,2026-01-27T10:00:00Z,39,0.034054,hgb-jan-eval-train-before-20260101,false
2,2026-01-25T19:00:00Z,2026-01-25T12:00:00Z,2026-01-27T11:00:00Z,40,0.029259,hgb-jan-eval-train-before-20260101,false
2,2026-01-25T19:00:00Z,2026-01-25T12:00:00Z,2026-01-27T12:00:00Z,41,0.033538,hgb-jan-eval-train-before-20260101,false
2,2026-01-25T19:00:00Z,2026-01-25T12:00:00Z,2026-01-27T13:00:00Z,42,0.028168,hgb-jan-eval-train-before-20260101,false
2,2026-01-25T19:00:00Z,2026-01-25T12:00:00Z,2026-01-27T14:00:00Z,43,0.028272,hgb-jan-eval-train-before-20260101,false
2,2026-01-25T19:00:00Z,2026-01-25T12:00:00Z,2026-01-27T15:00:00Z,44,0.042828,hgb-jan-eval-train-before-20260101,false
2,2026-01-25T19:00:00Z,2026-01-25T12:00:00Z,2026-01-27T16:00:00Z,45,0.048451,hgb-jan-eval-train-before-20260101,false
2,2026-01-25T19:00:00Z,2026-01-25T12:00:00Z,2026-01-27T17:00:00Z,46,0.049816,hgb-jan-eval-train-before-20260101,false
2,2026-01-25T19:00:00Z,2026-01-25T12:00:00Z,2026-01-27T18:00:00Z,47,0.069080,hgb-jan-eval-train-before-20260101,false
2,2026-01-25T19:00:00Z,2026-01-25T12:00:00Z,2026-01-27T19:00:00Z,48,0.057016,hgb-jan-eval-train-before-20260101,false
1,2026-01-26T19:00:00Z,2026-01-26T12:00:00Z,2026-01-26T20:00:00Z,1,0.579127,hgb-jan-eval-train-before-20260101,false
1,2026-01-26T19:00:00Z,2026-01-26T12:00:00Z,2026-01-26T21:00:00Z,2,0.567485,hgb-jan-eval-train-before-20260101,false
1,2026-01-26T19:00:00Z,2026-01-26T12:00:00Z,2026-01-26T22:00:00Z,3,0.596648,hgb-jan-eval-train-before-20260101,false
1,2026-01-26T19:00:00Z,2026-01-26T12:00:00Z,2026-01-26T23:00:00Z,4,0.613691,hgb-jan-eval-train-before-20260101,false
1,2026-01-26T19:00:00Z,2026-01-26T12:00:00Z,2026-01-27T00:00:00Z,5,0.577993,hgb-jan-eval-train-before-20260101,false
1,2026-01-26T19:00:00Z,2026-01-26T12:00:00Z,2026-01-27T01:00:00Z,6,0.519404,hgb-jan-eval-train-before-20260101,false
1,2026-01-26T19:00:00Z,2026-01-26T12:00:00Z,2026-01-27T02:00:00Z,7,0.440246,hgb-jan-eval-train-before-20260101,false
1,2026-01-26T19:00:00Z,2026-01-26T12:00:00Z,2026-01-27T03:00:00Z,8,0.268569,hgb-jan-eval-train-before-20260101,false
1,2026-01-26T19:00:00Z,2026-01-26T12:00:00Z,2026-01-27T04:00:00Z,9,0.224382,hgb-jan-eval-train-before-20260101,false
1,2026-01-26T19:00:00Z,2026-01-26T12:00:00Z,2026-01-27T05:00:00Z,10,0.122910,hgb-jan-eval-train-before-20260101,false
1,2026-01-26T19:00:00Z,2026-01-26T12:00:00Z,2026-01-27T06:00:00Z,11,0.048977,hgb-jan-eval-train-before-20260101,false
1,2026-01-26T19:00:00Z,2026-01-26T12:00:00Z,2026-01-27T07:00:00Z,12,0.039787,hgb-jan-eval-train-before-20260101,false
1,2026-01-26T19:00:00Z,2026-01-26T12:00:00Z,2026-01-27T08:00:00Z,13,0.018555,hgb-jan-eval-train-before-20260101,false
1,2026-01-26T19:00:00Z,2026-01-26T12:00:00Z,2026-01-27T09:00:00Z,14,0.038291,hgb-jan-eval-train-before-20260101,false
1,2026-01-26T19:00:00Z,2026-01-26T12:00:00Z,2026-01-27T10:00:00Z,15,0.043440,hgb-jan-eval-train-before-20260101,false
1,2026-01-26T19:00:00Z,2026-01-26T12:00:00Z,2026-01-27T11:00:00Z,16,0.068150,hgb-jan-eval-train-before-20260101,false
1,2026-01-26T19:00:00Z,2026-01-26T12:00:00Z,2026-01-27T12:00:00Z,17,0.088516,hgb-jan-eval-train-before-20260101,false
1,2026-01-26T19:00:00Z,2026-01-26T12:00:00Z,2026-01-27T13:00:00Z,18,0.088983,hgb-jan-eval-train-before-20260101,false
1,2026-01-26T19:00:00Z,2026-01-26T12:00:00Z,2026-01-27T14:00:00Z,19,0.135518,hgb-jan-eval-train-before-20260101,false
1,2026-01-26T19:00:00Z,2026-01-26T12:00:00Z,2026-01-27T15:00:00Z,20,0.173157,hgb-jan-eval-train-before-20260101,false
1,2026-01-26T19:00:00Z,2026-01-26T12:00:00Z,2026-01-27T16:00:00Z,21,0.175041,hgb-jan-eval-train-before-20260101,false
1,2026-01-26T19:00:00Z,2026-01-26T12:00:00Z,2026-01-27T17:00:00Z,22,0.166165,hgb-jan-eval-train-before-20260101,false
1,2026-01-26T19:00:00Z,2026-01-26T12:00:00Z,2026-01-27T18:00:00Z,23,0.158787,hgb-jan-eval-train-before-20260101,false
1,2026-01-26T19:00:00Z,2026-01-26T12:00:00Z,2026-01-27T19:00:00Z,24,0.158787,hgb-jan-eval-train-before-20260101,false
1,2026-01-26T19:00:00Z,2026-01-26T12:00:00Z,2026-01-27T20:00:00Z,25,0.158727,hgb-jan-eval-train-before-20260101,false
1,2026-01-26T19:00:00Z,2026-01-26T12:00:00Z,2026-01-27T21:00:00Z,26,0.224674,hgb-jan-eval-train-before-20260101,false
1,2026-01-26T19:00:00Z,2026-01-26T12:00:00Z,2026-01-27T22:00:00Z,27,0.255765,hgb-jan-eval-train-before-20260101,false
1,2026-01-26T19:00:00Z,2026-01-26T12:00:00Z,2026-01-27T23:00:00Z,28,0.350303,hgb-jan-eval-train-before-20260101,false
1,2026-01-26T19:00:00Z,2026-01-26T12:00:00Z,2026-01-28T00:00:00Z,29,0.333870,hgb-jan-eval-train-before-20260101,false
1,2026-01-26T19:00:00Z,2026-01-26T12:00:00Z,2026-01-28T01:00:00Z,30,0.322392,hgb-jan-eval-train-before-20260101,false
1,2026-01-26T19:00:00Z,2026-01-26T12:00:00Z,2026-01-28T02:00:00Z,31,0.276813,hgb-jan-eval-train-before-20260101,false
1,2026-01-26T19:00:00Z,2026-01-26T12:00:00Z,2026-01-28T03:00:00Z,32,0.165156,hgb-jan-eval-train-before-20260101,false
1,2026-01-26T19:00:00Z,2026-01-26T12:00:00Z,2026-01-28T04:00:00Z,33,0.142588,hgb-jan-eval-train-before-20260101,false
1,2026-01-26T19:00:00Z,2026-01-26T12:00:00Z,2026-01-28T05:00:00Z,34,0.068479,hgb-jan-eval-train-before-20260101,false
1,2026-01-26T19:00:00Z,2026-01-26T12:00:00Z,2026-01-28T06:00:00Z,35,0.042528,hgb-jan-eval-train-before-20260101,false
1,2026-01-26T19:00:00Z,2026-01-26T12:00:00Z,2026-01-28T07:00:00Z,36,0.023606,hgb-jan-eval-train-before-20260101,false
1,2026-01-26T19:00:00Z,2026-01-26T12:00:00Z,2026-01-28T08:00:00Z,37,0.016729,hgb-jan-eval-train-before-20260101,false
1,2026-01-26T19:00:00Z,2026-01-26T12:00:00Z,2026-01-28T09:00:00Z,38,0.028634,hgb-jan-eval-train-before-20260101,false
1,2026-01-26T19:00:00Z,2026-01-26T12:00:00Z,2026-01-28T10:00:00Z,39,0.036677,hgb-jan-eval-train-before-20260101,false
1,2026-01-26T19:00:00Z,2026-01-26T12:00:00Z,2026-01-28T11:00:00Z,40,0.041097,hgb-jan-eval-train-before-20260101,false
1,2026-01-26T19:00:00Z,2026-01-26T12:00:00Z,2026-01-28T12:00:00Z,41,0.065445,hgb-jan-eval-train-before-20260101,false
1,2026-01-26T19:00:00Z,2026-01-26T12:00:00Z,2026-01-28T13:00:00Z,42,0.169183,hgb-jan-eval-train-before-20260101,false
1,2026-01-26T19:00:00Z,2026-01-26T12:00:00Z,2026-01-28T14:00:00Z,43,0.237512,hgb-jan-eval-train-before-20260101,false
1,2026-01-26T19:00:00Z,2026-01-26T12:00:00Z,2026-01-28T15:00:00Z,44,0.407526,hgb-jan-eval-train-before-20260101,false
1,2026-01-26T19:00:00Z,2026-01-26T12:00:00Z,2026-01-28T16:00:00Z,45,0.532709,hgb-jan-eval-train-before-20260101,false
1,2026-01-26T19:00:00Z,2026-01-26T12:00:00Z,2026-01-28T17:00:00Z,46,0.521209,hgb-jan-eval-train-before-20260101,false
1,2026-01-26T19:00:00Z,2026-01-26T12:00:00Z,2026-01-28T18:00:00Z,47,0.386878,hgb-jan-eval-train-before-20260101,false
1,2026-01-26T19:00:00Z,2026-01-26T12:00:00Z,2026-01-28T19:00:00Z,48,0.212367,hgb-jan-eval-train-before-20260101,false
2,2026-01-26T19:00:00Z,2026-01-26T12:00:00Z,2026-01-26T20:00:00Z,1,0.579127,hgb-jan-eval-train-before-20260101,false
2,2026-01-26T19:00:00Z,2026-01-26T12:00:00Z,2026-01-26T21:00:00Z,2,0.567485,hgb-jan-eval-train-before-20260101,false
2,2026-01-26T19:00:00Z,2026-01-26T12:00:00Z,2026-01-26T22:00:00Z,3,0.596648,hgb-jan-eval-train-before-20260101,false
2,2026-01-26T19:00:00Z,2026-01-26T12:00:00Z,2026-01-26T23:00:00Z,4,0.613691,hgb-jan-eval-train-before-20260101,false
2,2026-01-26T19:00:00Z,2026-01-26T12:00:00Z,2026-01-27T00:00:00Z,5,0.577993,hgb-jan-eval-train-before-20260101,false
2,2026-01-26T19:00:00Z,2026-01-26T12:00:00Z,2026-01-27T01:00:00Z,6,0.519404,hgb-jan-eval-train-before-20260101,false
2,2026-01-26T19:00:00Z,2026-01-26T12:00:00Z,2026-01-27T02:00:00Z,7,0.440246,hgb-jan-eval-train-before-20260101,false
2,2026-01-26T19:00:00Z,2026-01-26T12:00:00Z,2026-01-27T03:00:00Z,8,0.268569,hgb-jan-eval-train-before-20260101,false
2,2026-01-26T19:00:00Z,2026-01-26T12:00:00Z,2026-01-27T04:00:00Z,9,0.224382,hgb-jan-eval-train-before-20260101,false
2,2026-01-26T19:00:00Z,2026-01-26T12:00:00Z,2026-01-27T05:00:00Z,10,0.122910,hgb-jan-eval-train-before-20260101,false
2,2026-01-26T19:00:00Z,2026-01-26T12:00:00Z,2026-01-27T06:00:00Z,11,0.048977,hgb-jan-eval-train-before-20260101,false
2,2026-01-26T19:00:00Z,2026-01-26T12:00:00Z,2026-01-27T07:00:00Z,12,0.039787,hgb-jan-eval-train-before-20260101,false
2,2026-01-26T19:00:00Z,2026-01-26T12:00:00Z,2026-01-27T08:00:00Z,13,0.018555,hgb-jan-eval-train-before-20260101,false
2,2026-01-26T19:00:00Z,2026-01-26T12:00:00Z,2026-01-27T09:00:00Z,14,0.038291,hgb-jan-eval-train-before-20260101,false
2,2026-01-26T19:00:00Z,2026-01-26T12:00:00Z,2026-01-27T10:00:00Z,15,0.043440,hgb-jan-eval-train-before-20260101,false
2,2026-01-26T19:00:00Z,2026-01-26T12:00:00Z,2026-01-27T11:00:00Z,16,0.068150,hgb-jan-eval-train-before-20260101,false
2,2026-01-26T19:00:00Z,2026-01-26T12:00:00Z,2026-01-27T12:00:00Z,17,0.088516,hgb-jan-eval-train-before-20260101,false
2,2026-01-26T19:00:00Z,2026-01-26T12:00:00Z,2026-01-27T13:00:00Z,18,0.088983,hgb-jan-eval-train-before-20260101,false
2,2026-01-26T19:00:00Z,2026-01-26T12:00:00Z,2026-01-27T14:00:00Z,19,0.135518,hgb-jan-eval-train-before-20260101,false
2,2026-01-26T19:00:00Z,2026-01-26T12:00:00Z,2026-01-27T15:00:00Z,20,0.173157,hgb-jan-eval-train-before-20260101,false
2,2026-01-26T19:00:00Z,2026-01-26T12:00:00Z,2026-01-27T16:00:00Z,21,0.175041,hgb-jan-eval-train-before-20260101,false
2,2026-01-26T19:00:00Z,2026-01-26T12:00:00Z,2026-01-27T17:00:00Z,22,0.166165,hgb-jan-eval-train-before-20260101,false
2,2026-01-26T19:00:00Z,2026-01-26T12:00:00Z,2026-01-27T18:00:00Z,23,0.158787,hgb-jan-eval-train-before-20260101,false
2,2026-01-26T19:00:00Z,2026-01-26T12:00:00Z,2026-01-27T19:00:00Z,24,0.158787,hgb-jan-eval-train-before-20260101,false
2,2026-01-26T19:00:00Z,2026-01-26T12:00:00Z,2026-01-27T20:00:00Z,25,0.158727,hgb-jan-eval-train-before-20260101,false
2,2026-01-26T19:00:00Z,2026-01-26T12:00:00Z,2026-01-27T21:00:00Z,26,0.224674,hgb-jan-eval-train-before-20260101,false
2,2026-01-26T19:00:00Z,2026-01-26T12:00:00Z,2026-01-27T22:00:00Z,27,0.255765,hgb-jan-eval-train-before-20260101,false
2,2026-01-26T19:00:00Z,2026-01-26T12:00:00Z,2026-01-27T23:00:00Z,28,0.350303,hgb-jan-eval-train-before-20260101,false
2,2026-01-26T19:00:00Z,2026-01-26T12:00:00Z,2026-01-28T00:00:00Z,29,0.333870,hgb-jan-eval-train-before-20260101,false
2,2026-01-26T19:00:00Z,2026-01-26T12:00:00Z,2026-01-28T01:00:00Z,30,0.322392,hgb-jan-eval-train-before-20260101,false
2,2026-01-26T19:00:00Z,2026-01-26T12:00:00Z,2026-01-28T02:00:00Z,31,0.276813,hgb-jan-eval-train-before-20260101,false
2,2026-01-26T19:00:00Z,2026-01-26T12:00:00Z,2026-01-28T03:00:00Z,32,0.165156,hgb-jan-eval-train-before-20260101,false
2,2026-01-26T19:00:00Z,2026-01-26T12:00:00Z,2026-01-28T04:00:00Z,33,0.142588,hgb-jan-eval-train-before-20260101,false
2,2026-01-26T19:00:00Z,2026-01-26T12:00:00Z,2026-01-28T05:00:00Z,34,0.068479,hgb-jan-eval-train-before-20260101,false
2,2026-01-26T19:00:00Z,2026-01-26T12:00:00Z,2026-01-28T06:00:00Z,35,0.042528,hgb-jan-eval-train-before-20260101,false
2,2026-01-26T19:00:00Z,2026-01-26T12:00:00Z,2026-01-28T07:00:00Z,36,0.023606,hgb-jan-eval-train-before-20260101,false
2,2026-01-26T19:00:00Z,2026-01-26T12:00:00Z,2026-01-28T08:00:00Z,37,0.016729,hgb-jan-eval-train-before-20260101,false
2,2026-01-26T19:00:00Z,2026-01-26T12:00:00Z,2026-01-28T09:00:00Z,38,0.028634,hgb-jan-eval-train-before-20260101,false
2,2026-01-26T19:00:00Z,2026-01-26T12:00:00Z,2026-01-28T10:00:00Z,39,0.036677,hgb-jan-eval-train-before-20260101,false
2,2026-01-26T19:00:00Z,2026-01-26T12:00:00Z,2026-01-28T11:00:00Z,40,0.041097,hgb-jan-eval-train-before-20260101,false
2,2026-01-26T19:00:00Z,2026-01-26T12:00:00Z,2026-01-28T12:00:00Z,41,0.065445,hgb-jan-eval-train-before-20260101,false
2,2026-01-26T19:00:00Z,2026-01-26T12:00:00Z,2026-01-28T13:00:00Z,42,0.169183,hgb-jan-eval-train-before-20260101,false
2,2026-01-26T19:00:00Z,2026-01-26T12:00:00Z,2026-01-28T14:00:00Z,43,0.237512,hgb-jan-eval-train-before-20260101,false
2,2026-01-26T19:00:00Z,2026-01-26T12:00:00Z,2026-01-28T15:00:00Z,44,0.407526,hgb-jan-eval-train-before-20260101,false
2,2026-01-26T19:00:00Z,2026-01-26T12:00:00Z,2026-01-28T16:00:00Z,45,0.532709,hgb-jan-eval-train-before-20260101,false
2,2026-01-26T19:00:00Z,2026-01-26T12:00:00Z,2026-01-28T17:00:00Z,46,0.521209,hgb-jan-eval-train-before-20260101,false
2,2026-01-26T19:00:00Z,2026-01-26T12:00:00Z,2026-01-28T18:00:00Z,47,0.386878,hgb-jan-eval-train-before-20260101,false
2,2026-01-26T19:00:00Z,2026-01-26T12:00:00Z,2026-01-28T19:00:00Z,48,0.212367,hgb-jan-eval-train-before-20260101,false
1,2026-01-27T19:00:00Z,2026-01-27T12:00:00Z,2026-01-27T20:00:00Z,1,0.032296,hgb-jan-eval-train-before-20260101,false
1,2026-01-27T19:00:00Z,2026-01-27T12:00:00Z,2026-01-27T21:00:00Z,2,0.048310,hgb-jan-eval-train-before-20260101,false
1,2026-01-27T19:00:00Z,2026-01-27T12:00:00Z,2026-01-27T22:00:00Z,3,0.070182,hgb-jan-eval-train-before-20260101,false
1,2026-01-27T19:00:00Z,2026-01-27T12:00:00Z,2026-01-27T23:00:00Z,4,0.106931,hgb-jan-eval-train-before-20260101,false
1,2026-01-27T19:00:00Z,2026-01-27T12:00:00Z,2026-01-28T00:00:00Z,5,0.131529,hgb-jan-eval-train-before-20260101,false
1,2026-01-27T19:00:00Z,2026-01-27T12:00:00Z,2026-01-28T01:00:00Z,6,0.148127,hgb-jan-eval-train-before-20260101,false
1,2026-01-27T19:00:00Z,2026-01-27T12:00:00Z,2026-01-28T02:00:00Z,7,0.253476,hgb-jan-eval-train-before-20260101,false
1,2026-01-27T19:00:00Z,2026-01-27T12:00:00Z,2026-01-28T03:00:00Z,8,0.284422,hgb-jan-eval-train-before-20260101,false
1,2026-01-27T19:00:00Z,2026-01-27T12:00:00Z,2026-01-28T04:00:00Z,9,0.274101,hgb-jan-eval-train-before-20260101,false
1,2026-01-27T19:00:00Z,2026-01-27T12:00:00Z,2026-01-28T05:00:00Z,10,0.178125,hgb-jan-eval-train-before-20260101,false
1,2026-01-27T19:00:00Z,2026-01-27T12:00:00Z,2026-01-28T06:00:00Z,11,0.056078,hgb-jan-eval-train-before-20260101,false
1,2026-01-27T19:00:00Z,2026-01-27T12:00:00Z,2026-01-28T07:00:00Z,12,0.040107,hgb-jan-eval-train-before-20260101,false
1,2026-01-27T19:00:00Z,2026-01-27T12:00:00Z,2026-01-28T08:00:00Z,13,0.038689,hgb-jan-eval-train-before-20260101,false
1,2026-01-27T19:00:00Z,2026-01-27T12:00:00Z,2026-01-28T09:00:00Z,14,0.036658,hgb-jan-eval-train-before-20260101,false
1,2026-01-27T19:00:00Z,2026-01-27T12:00:00Z,2026-01-28T10:00:00Z,15,0.046003,hgb-jan-eval-train-before-20260101,false
1,2026-01-27T19:00:00Z,2026-01-27T12:00:00Z,2026-01-28T11:00:00Z,16,0.127079,hgb-jan-eval-train-before-20260101,false
1,2026-01-27T19:00:00Z,2026-01-27T12:00:00Z,2026-01-28T12:00:00Z,17,0.266003,hgb-jan-eval-train-before-20260101,false
1,2026-01-27T19:00:00Z,2026-01-27T12:00:00Z,2026-01-28T13:00:00Z,18,0.601017,hgb-jan-eval-train-before-20260101,false
1,2026-01-27T19:00:00Z,2026-01-27T12:00:00Z,2026-01-28T14:00:00Z,19,0.683125,hgb-jan-eval-train-before-20260101,false
1,2026-01-27T19:00:00Z,2026-01-27T12:00:00Z,2026-01-28T15:00:00Z,20,0.550326,hgb-jan-eval-train-before-20260101,false
1,2026-01-27T19:00:00Z,2026-01-27T12:00:00Z,2026-01-28T16:00:00Z,21,0.424219,hgb-jan-eval-train-before-20260101,false
1,2026-01-27T19:00:00Z,2026-01-27T12:00:00Z,2026-01-28T17:00:00Z,22,0.431524,hgb-jan-eval-train-before-20260101,false
1,2026-01-27T19:00:00Z,2026-01-27T12:00:00Z,2026-01-28T18:00:00Z,23,0.311539,hgb-jan-eval-train-before-20260101,false
1,2026-01-27T19:00:00Z,2026-01-27T12:00:00Z,2026-01-28T19:00:00Z,24,0.143474,hgb-jan-eval-train-before-20260101,false
1,2026-01-27T19:00:00Z,2026-01-27T12:00:00Z,2026-01-28T20:00:00Z,25,0.068770,hgb-jan-eval-train-before-20260101,false
1,2026-01-27T19:00:00Z,2026-01-27T12:00:00Z,2026-01-28T21:00:00Z,26,0.039580,hgb-jan-eval-train-before-20260101,false
1,2026-01-27T19:00:00Z,2026-01-27T12:00:00Z,2026-01-28T22:00:00Z,27,0.049161,hgb-jan-eval-train-before-20260101,false
1,2026-01-27T19:00:00Z,2026-01-27T12:00:00Z,2026-01-28T23:00:00Z,28,0.047796,hgb-jan-eval-train-before-20260101,false
1,2026-01-27T19:00:00Z,2026-01-27T12:00:00Z,2026-01-29T00:00:00Z,29,0.047489,hgb-jan-eval-train-before-20260101,false
1,2026-01-27T19:00:00Z,2026-01-27T12:00:00Z,2026-01-29T01:00:00Z,30,0.045265,hgb-jan-eval-train-before-20260101,false
1,2026-01-27T19:00:00Z,2026-01-27T12:00:00Z,2026-01-29T02:00:00Z,31,0.032805,hgb-jan-eval-train-before-20260101,false
1,2026-01-27T19:00:00Z,2026-01-27T12:00:00Z,2026-01-29T03:00:00Z,32,0.040786,hgb-jan-eval-train-before-20260101,false
1,2026-01-27T19:00:00Z,2026-01-27T12:00:00Z,2026-01-29T04:00:00Z,33,0.056841,hgb-jan-eval-train-before-20260101,false
1,2026-01-27T19:00:00Z,2026-01-27T12:00:00Z,2026-01-29T05:00:00Z,34,0.056098,hgb-jan-eval-train-before-20260101,false
1,2026-01-27T19:00:00Z,2026-01-27T12:00:00Z,2026-01-29T06:00:00Z,35,0.074815,hgb-jan-eval-train-before-20260101,false
1,2026-01-27T19:00:00Z,2026-01-27T12:00:00Z,2026-01-29T07:00:00Z,36,0.149847,hgb-jan-eval-train-before-20260101,false
1,2026-01-27T19:00:00Z,2026-01-27T12:00:00Z,2026-01-29T08:00:00Z,37,0.244142,hgb-jan-eval-train-before-20260101,false
1,2026-01-27T19:00:00Z,2026-01-27T12:00:00Z,2026-01-29T09:00:00Z,38,0.294737,hgb-jan-eval-train-before-20260101,false
1,2026-01-27T19:00:00Z,2026-01-27T12:00:00Z,2026-01-29T10:00:00Z,39,0.307374,hgb-jan-eval-train-before-20260101,false
1,2026-01-27T19:00:00Z,2026-01-27T12:00:00Z,2026-01-29T11:00:00Z,40,0.395926,hgb-jan-eval-train-before-20260101,false
1,2026-01-27T19:00:00Z,2026-01-27T12:00:00Z,2026-01-29T12:00:00Z,41,0.446781,hgb-jan-eval-train-before-20260101,false
1,2026-01-27T19:00:00Z,2026-01-27T12:00:00Z,2026-01-29T13:00:00Z,42,0.498286,hgb-jan-eval-train-before-20260101,false
1,2026-01-27T19:00:00Z,2026-01-27T12:00:00Z,2026-01-29T14:00:00Z,43,0.528262,hgb-jan-eval-train-before-20260101,false
1,2026-01-27T19:00:00Z,2026-01-27T12:00:00Z,2026-01-29T15:00:00Z,44,0.694891,hgb-jan-eval-train-before-20260101,false
1,2026-01-27T19:00:00Z,2026-01-27T12:00:00Z,2026-01-29T16:00:00Z,45,0.757659,hgb-jan-eval-train-before-20260101,false
1,2026-01-27T19:00:00Z,2026-01-27T12:00:00Z,2026-01-29T17:00:00Z,46,0.751907,hgb-jan-eval-train-before-20260101,false
1,2026-01-27T19:00:00Z,2026-01-27T12:00:00Z,2026-01-29T18:00:00Z,47,0.823693,hgb-jan-eval-train-before-20260101,false
1,2026-01-27T19:00:00Z,2026-01-27T12:00:00Z,2026-01-29T19:00:00Z,48,0.846217,hgb-jan-eval-train-before-20260101,false
2,2026-01-27T19:00:00Z,2026-01-27T12:00:00Z,2026-01-27T20:00:00Z,1,0.032296,hgb-jan-eval-train-before-20260101,false
2,2026-01-27T19:00:00Z,2026-01-27T12:00:00Z,2026-01-27T21:00:00Z,2,0.048310,hgb-jan-eval-train-before-20260101,false
2,2026-01-27T19:00:00Z,2026-01-27T12:00:00Z,2026-01-27T22:00:00Z,3,0.070182,hgb-jan-eval-train-before-20260101,false
2,2026-01-27T19:00:00Z,2026-01-27T12:00:00Z,2026-01-27T23:00:00Z,4,0.106931,hgb-jan-eval-train-before-20260101,false
2,2026-01-27T19:00:00Z,2026-01-27T12:00:00Z,2026-01-28T00:00:00Z,5,0.131529,hgb-jan-eval-train-before-20260101,false
2,2026-01-27T19:00:00Z,2026-01-27T12:00:00Z,2026-01-28T01:00:00Z,6,0.148127,hgb-jan-eval-train-before-20260101,false
2,2026-01-27T19:00:00Z,2026-01-27T12:00:00Z,2026-01-28T02:00:00Z,7,0.253476,hgb-jan-eval-train-before-20260101,false
2,2026-01-27T19:00:00Z,2026-01-27T12:00:00Z,2026-01-28T03:00:00Z,8,0.284422,hgb-jan-eval-train-before-20260101,false
2,2026-01-27T19:00:00Z,2026-01-27T12:00:00Z,2026-01-28T04:00:00Z,9,0.274101,hgb-jan-eval-train-before-20260101,false
2,2026-01-27T19:00:00Z,2026-01-27T12:00:00Z,2026-01-28T05:00:00Z,10,0.178125,hgb-jan-eval-train-before-20260101,false
2,2026-01-27T19:00:00Z,2026-01-27T12:00:00Z,2026-01-28T06:00:00Z,11,0.056078,hgb-jan-eval-train-before-20260101,false
2,2026-01-27T19:00:00Z,2026-01-27T12:00:00Z,2026-01-28T07:00:00Z,12,0.040107,hgb-jan-eval-train-before-20260101,false
2,2026-01-27T19:00:00Z,2026-01-27T12:00:00Z,2026-01-28T08:00:00Z,13,0.038689,hgb-jan-eval-train-before-20260101,false
2,2026-01-27T19:00:00Z,2026-01-27T12:00:00Z,2026-01-28T09:00:00Z,14,0.036658,hgb-jan-eval-train-before-20260101,false
2,2026-01-27T19:00:00Z,2026-01-27T12:00:00Z,2026-01-28T10:00:00Z,15,0.046003,hgb-jan-eval-train-before-20260101,false
2,2026-01-27T19:00:00Z,2026-01-27T12:00:00Z,2026-01-28T11:00:00Z,16,0.127079,hgb-jan-eval-train-before-20260101,false
2,2026-01-27T19:00:00Z,2026-01-27T12:00:00Z,2026-01-28T12:00:00Z,17,0.266003,hgb-jan-eval-train-before-20260101,false
2,2026-01-27T19:00:00Z,2026-01-27T12:00:00Z,2026-01-28T13:00:00Z,18,0.601017,hgb-jan-eval-train-before-20260101,false
2,2026-01-27T19:00:00Z,2026-01-27T12:00:00Z,2026-01-28T14:00:00Z,19,0.683125,hgb-jan-eval-train-before-20260101,false
2,2026-01-27T19:00:00Z,2026-01-27T12:00:00Z,2026-01-28T15:00:00Z,20,0.550326,hgb-jan-eval-train-before-20260101,false
2,2026-01-27T19:00:00Z,2026-01-27T12:00:00Z,2026-01-28T16:00:00Z,21,0.424219,hgb-jan-eval-train-before-20260101,false
2,2026-01-27T19:00:00Z,2026-01-27T12:00:00Z,2026-01-28T17:00:00Z,22,0.431524,hgb-jan-eval-train-before-20260101,false
2,2026-01-27T19:00:00Z,2026-01-27T12:00:00Z,2026-01-28T18:00:00Z,23,0.311539,hgb-jan-eval-train-before-20260101,false
2,2026-01-27T19:00:00Z,2026-01-27T12:00:00Z,2026-01-28T19:00:00Z,24,0.143474,hgb-jan-eval-train-before-20260101,false
2,2026-01-27T19:00:00Z,2026-01-27T12:00:00Z,2026-01-28T20:00:00Z,25,0.068770,hgb-jan-eval-train-before-20260101,false
2,2026-01-27T19:00:00Z,2026-01-27T12:00:00Z,2026-01-28T21:00:00Z,26,0.039580,hgb-jan-eval-train-before-20260101,false
2,2026-01-27T19:00:00Z,2026-01-27T12:00:00Z,2026-01-28T22:00:00Z,27,0.049161,hgb-jan-eval-train-before-20260101,false
2,2026-01-27T19:00:00Z,2026-01-27T12:00:00Z,2026-01-28T23:00:00Z,28,0.047796,hgb-jan-eval-train-before-20260101,false
2,2026-01-27T19:00:00Z,2026-01-27T12:00:00Z,2026-01-29T00:00:00Z,29,0.047489,hgb-jan-eval-train-before-20260101,false
2,2026-01-27T19:00:00Z,2026-01-27T12:00:00Z,2026-01-29T01:00:00Z,30,0.045265,hgb-jan-eval-train-before-20260101,false
2,2026-01-27T19:00:00Z,2026-01-27T12:00:00Z,2026-01-29T02:00:00Z,31,0.032805,hgb-jan-eval-train-before-20260101,false
2,2026-01-27T19:00:00Z,2026-01-27T12:00:00Z,2026-01-29T03:00:00Z,32,0.040786,hgb-jan-eval-train-before-20260101,false
2,2026-01-27T19:00:00Z,2026-01-27T12:00:00Z,2026-01-29T04:00:00Z,33,0.056841,hgb-jan-eval-train-before-20260101,false
2,2026-01-27T19:00:00Z,2026-01-27T12:00:00Z,2026-01-29T05:00:00Z,34,0.056098,hgb-jan-eval-train-before-20260101,false
2,2026-01-27T19:00:00Z,2026-01-27T12:00:00Z,2026-01-29T06:00:00Z,35,0.074815,hgb-jan-eval-train-before-20260101,false
2,2026-01-27T19:00:00Z,2026-01-27T12:00:00Z,2026-01-29T07:00:00Z,36,0.149847,hgb-jan-eval-train-before-20260101,false
2,2026-01-27T19:00:00Z,2026-01-27T12:00:00Z,2026-01-29T08:00:00Z,37,0.244142,hgb-jan-eval-train-before-20260101,false
2,2026-01-27T19:00:00Z,2026-01-27T12:00:00Z,2026-01-29T09:00:00Z,38,0.294737,hgb-jan-eval-train-before-20260101,false
2,2026-01-27T19:00:00Z,2026-01-27T12:00:00Z,2026-01-29T10:00:00Z,39,0.307374,hgb-jan-eval-train-before-20260101,false
2,2026-01-27T19:00:00Z,2026-01-27T12:00:00Z,2026-01-29T11:00:00Z,40,0.395926,hgb-jan-eval-train-before-20260101,false
2,2026-01-27T19:00:00Z,2026-01-27T12:00:00Z,2026-01-29T12:00:00Z,41,0.446781,hgb-jan-eval-train-before-20260101,false
2,2026-01-27T19:00:00Z,2026-01-27T12:00:00Z,2026-01-29T13:00:00Z,42,0.498286,hgb-jan-eval-train-before-20260101,false
2,2026-01-27T19:00:00Z,2026-01-27T12:00:00Z,2026-01-29T14:00:00Z,43,0.528262,hgb-jan-eval-train-before-20260101,false
2,2026-01-27T19:00:00Z,2026-01-27T12:00:00Z,2026-01-29T15:00:00Z,44,0.694891,hgb-jan-eval-train-before-20260101,false
2,2026-01-27T19:00:00Z,2026-01-27T12:00:00Z,2026-01-29T16:00:00Z,45,0.757659,hgb-jan-eval-train-before-20260101,false
2,2026-01-27T19:00:00Z,2026-01-27T12:00:00Z,2026-01-29T17:00:00Z,46,0.751907,hgb-jan-eval-train-before-20260101,false
2,2026-01-27T19:00:00Z,2026-01-27T12:00:00Z,2026-01-29T18:00:00Z,47,0.823693,hgb-jan-eval-train-before-20260101,false
2,2026-01-27T19:00:00Z,2026-01-27T12:00:00Z,2026-01-29T19:00:00Z,48,0.846217,hgb-jan-eval-train-before-20260101,false
1,2026-01-28T19:00:00Z,2026-01-28T12:00:00Z,2026-01-28T20:00:00Z,1,0.190753,hgb-jan-eval-train-before-20260101,false
1,2026-01-28T19:00:00Z,2026-01-28T12:00:00Z,2026-01-28T21:00:00Z,2,0.090349,hgb-jan-eval-train-before-20260101,false
1,2026-01-28T19:00:00Z,2026-01-28T12:00:00Z,2026-01-28T22:00:00Z,3,0.153421,hgb-jan-eval-train-before-20260101,false
1,2026-01-28T19:00:00Z,2026-01-28T12:00:00Z,2026-01-28T23:00:00Z,4,0.243153,hgb-jan-eval-train-before-20260101,false
1,2026-01-28T19:00:00Z,2026-01-28T12:00:00Z,2026-01-29T00:00:00Z,5,0.128473,hgb-jan-eval-train-before-20260101,false
1,2026-01-28T19:00:00Z,2026-01-28T12:00:00Z,2026-01-29T01:00:00Z,6,0.036410,hgb-jan-eval-train-before-20260101,false
1,2026-01-28T19:00:00Z,2026-01-28T12:00:00Z,2026-01-29T02:00:00Z,7,0.034428,hgb-jan-eval-train-before-20260101,false
1,2026-01-28T19:00:00Z,2026-01-28T12:00:00Z,2026-01-29T03:00:00Z,8,0.050140,hgb-jan-eval-train-before-20260101,false
1,2026-01-28T19:00:00Z,2026-01-28T12:00:00Z,2026-01-29T04:00:00Z,9,0.055812,hgb-jan-eval-train-before-20260101,false
1,2026-01-28T19:00:00Z,2026-01-28T12:00:00Z,2026-01-29T05:00:00Z,10,0.090324,hgb-jan-eval-train-before-20260101,false
1,2026-01-28T19:00:00Z,2026-01-28T12:00:00Z,2026-01-29T06:00:00Z,11,0.141017,hgb-jan-eval-train-before-20260101,false
1,2026-01-28T19:00:00Z,2026-01-28T12:00:00Z,2026-01-29T07:00:00Z,12,0.284741,hgb-jan-eval-train-before-20260101,false
1,2026-01-28T19:00:00Z,2026-01-28T12:00:00Z,2026-01-29T08:00:00Z,13,0.536210,hgb-jan-eval-train-before-20260101,false
1,2026-01-28T19:00:00Z,2026-01-28T12:00:00Z,2026-01-29T09:00:00Z,14,0.612565,hgb-jan-eval-train-before-20260101,false
1,2026-01-28T19:00:00Z,2026-01-28T12:00:00Z,2026-01-29T10:00:00Z,15,0.367632,hgb-jan-eval-train-before-20260101,false
1,2026-01-28T19:00:00Z,2026-01-28T12:00:00Z,2026-01-29T11:00:00Z,16,0.478502,hgb-jan-eval-train-before-20260101,false
1,2026-01-28T19:00:00Z,2026-01-28T12:00:00Z,2026-01-29T12:00:00Z,17,0.484426,hgb-jan-eval-train-before-20260101,false
1,2026-01-28T19:00:00Z,2026-01-28T12:00:00Z,2026-01-29T13:00:00Z,18,0.551927,hgb-jan-eval-train-before-20260101,false
1,2026-01-28T19:00:00Z,2026-01-28T12:00:00Z,2026-01-29T14:00:00Z,19,0.653834,hgb-jan-eval-train-before-20260101,false
1,2026-01-28T19:00:00Z,2026-01-28T12:00:00Z,2026-01-29T15:00:00Z,20,0.733356,hgb-jan-eval-train-before-20260101,false
1,2026-01-28T19:00:00Z,2026-01-28T12:00:00Z,2026-01-29T16:00:00Z,21,0.783160,hgb-jan-eval-train-before-20260101,false
1,2026-01-28T19:00:00Z,2026-01-28T12:00:00Z,2026-01-29T17:00:00Z,22,0.799566,hgb-jan-eval-train-before-20260101,false
1,2026-01-28T19:00:00Z,2026-01-28T12:00:00Z,2026-01-29T18:00:00Z,23,0.758973,hgb-jan-eval-train-before-20260101,false
1,2026-01-28T19:00:00Z,2026-01-28T12:00:00Z,2026-01-29T19:00:00Z,24,0.741646,hgb-jan-eval-train-before-20260101,false
1,2026-01-28T19:00:00Z,2026-01-28T12:00:00Z,2026-01-29T20:00:00Z,25,0.739196,hgb-jan-eval-train-before-20260101,false
1,2026-01-28T19:00:00Z,2026-01-28T12:00:00Z,2026-01-29T21:00:00Z,26,0.714868,hgb-jan-eval-train-before-20260101,false
1,2026-01-28T19:00:00Z,2026-01-28T12:00:00Z,2026-01-29T22:00:00Z,27,0.694576,hgb-jan-eval-train-before-20260101,false
1,2026-01-28T19:00:00Z,2026-01-28T12:00:00Z,2026-01-29T23:00:00Z,28,0.696549,hgb-jan-eval-train-before-20260101,false
1,2026-01-28T19:00:00Z,2026-01-28T12:00:00Z,2026-01-30T00:00:00Z,29,0.649275,hgb-jan-eval-train-before-20260101,false
1,2026-01-28T19:00:00Z,2026-01-28T12:00:00Z,2026-01-30T01:00:00Z,30,0.624439,hgb-jan-eval-train-before-20260101,false
1,2026-01-28T19:00:00Z,2026-01-28T12:00:00Z,2026-01-30T02:00:00Z,31,0.555361,hgb-jan-eval-train-before-20260101,false
1,2026-01-28T19:00:00Z,2026-01-28T12:00:00Z,2026-01-30T03:00:00Z,32,0.573464,hgb-jan-eval-train-before-20260101,false
1,2026-01-28T19:00:00Z,2026-01-28T12:00:00Z,2026-01-30T04:00:00Z,33,0.704238,hgb-jan-eval-train-before-20260101,false
1,2026-01-28T19:00:00Z,2026-01-28T12:00:00Z,2026-01-30T05:00:00Z,34,0.760529,hgb-jan-eval-train-before-20260101,false
1,2026-01-28T19:00:00Z,2026-01-28T12:00:00Z,2026-01-30T06:00:00Z,35,0.840201,hgb-jan-eval-train-before-20260101,false
1,2026-01-28T19:00:00Z,2026-01-28T12:00:00Z,2026-01-30T07:00:00Z,36,0.858611,hgb-jan-eval-train-before-20260101,false
1,2026-01-28T19:00:00Z,2026-01-28T12:00:00Z,2026-01-30T08:00:00Z,37,0.893734,hgb-jan-eval-train-before-20260101,false
1,2026-01-28T19:00:00Z,2026-01-28T12:00:00Z,2026-01-30T09:00:00Z,38,0.921244,hgb-jan-eval-train-before-20260101,false
1,2026-01-28T19:00:00Z,2026-01-28T12:00:00Z,2026-01-30T10:00:00Z,39,0.928929,hgb-jan-eval-train-before-20260101,false
1,2026-01-28T19:00:00Z,2026-01-28T12:00:00Z,2026-01-30T11:00:00Z,40,0.891627,hgb-jan-eval-train-before-20260101,false
1,2026-01-28T19:00:00Z,2026-01-28T12:00:00Z,2026-01-30T12:00:00Z,41,0.872353,hgb-jan-eval-train-before-20260101,false
1,2026-01-28T19:00:00Z,2026-01-28T12:00:00Z,2026-01-30T13:00:00Z,42,0.791372,hgb-jan-eval-train-before-20260101,false
1,2026-01-28T19:00:00Z,2026-01-28T12:00:00Z,2026-01-30T14:00:00Z,43,0.764877,hgb-jan-eval-train-before-20260101,false
1,2026-01-28T19:00:00Z,2026-01-28T12:00:00Z,2026-01-30T15:00:00Z,44,0.727432,hgb-jan-eval-train-before-20260101,false
1,2026-01-28T19:00:00Z,2026-01-28T12:00:00Z,2026-01-30T16:00:00Z,45,0.647484,hgb-jan-eval-train-before-20260101,false
1,2026-01-28T19:00:00Z,2026-01-28T12:00:00Z,2026-01-30T17:00:00Z,46,0.462212,hgb-jan-eval-train-before-20260101,false
1,2026-01-28T19:00:00Z,2026-01-28T12:00:00Z,2026-01-30T18:00:00Z,47,0.322299,hgb-jan-eval-train-before-20260101,false
1,2026-01-28T19:00:00Z,2026-01-28T12:00:00Z,2026-01-30T19:00:00Z,48,0.190781,hgb-jan-eval-train-before-20260101,false
2,2026-01-28T19:00:00Z,2026-01-28T12:00:00Z,2026-01-28T20:00:00Z,1,0.190753,hgb-jan-eval-train-before-20260101,false
2,2026-01-28T19:00:00Z,2026-01-28T12:00:00Z,2026-01-28T21:00:00Z,2,0.090349,hgb-jan-eval-train-before-20260101,false
2,2026-01-28T19:00:00Z,2026-01-28T12:00:00Z,2026-01-28T22:00:00Z,3,0.153421,hgb-jan-eval-train-before-20260101,false
2,2026-01-28T19:00:00Z,2026-01-28T12:00:00Z,2026-01-28T23:00:00Z,4,0.243153,hgb-jan-eval-train-before-20260101,false
2,2026-01-28T19:00:00Z,2026-01-28T12:00:00Z,2026-01-29T00:00:00Z,5,0.128473,hgb-jan-eval-train-before-20260101,false
2,2026-01-28T19:00:00Z,2026-01-28T12:00:00Z,2026-01-29T01:00:00Z,6,0.036410,hgb-jan-eval-train-before-20260101,false
2,2026-01-28T19:00:00Z,2026-01-28T12:00:00Z,2026-01-29T02:00:00Z,7,0.034428,hgb-jan-eval-train-before-20260101,false
2,2026-01-28T19:00:00Z,2026-01-28T12:00:00Z,2026-01-29T03:00:00Z,8,0.050140,hgb-jan-eval-train-before-20260101,false
2,2026-01-28T19:00:00Z,2026-01-28T12:00:00Z,2026-01-29T04:00:00Z,9,0.055812,hgb-jan-eval-train-before-20260101,false
2,2026-01-28T19:00:00Z,2026-01-28T12:00:00Z,2026-01-29T05:00:00Z,10,0.090324,hgb-jan-eval-train-before-20260101,false
2,2026-01-28T19:00:00Z,2026-01-28T12:00:00Z,2026-01-29T06:00:00Z,11,0.141017,hgb-jan-eval-train-before-20260101,false
2,2026-01-28T19:00:00Z,2026-01-28T12:00:00Z,2026-01-29T07:00:00Z,12,0.284741,hgb-jan-eval-train-before-20260101,false
2,2026-01-28T19:00:00Z,2026-01-28T12:00:00Z,2026-01-29T08:00:00Z,13,0.536210,hgb-jan-eval-train-before-20260101,false
2,2026-01-28T19:00:00Z,2026-01-28T12:00:00Z,2026-01-29T09:00:00Z,14,0.612565,hgb-jan-eval-train-before-20260101,false
2,2026-01-28T19:00:00Z,2026-01-28T12:00:00Z,2026-01-29T10:00:00Z,15,0.367632,hgb-jan-eval-train-before-20260101,false
2,2026-01-28T19:00:00Z,2026-01-28T12:00:00Z,2026-01-29T11:00:00Z,16,0.478502,hgb-jan-eval-train-before-20260101,false
2,2026-01-28T19:00:00Z,2026-01-28T12:00:00Z,2026-01-29T12:00:00Z,17,0.484426,hgb-jan-eval-train-before-20260101,false
2,2026-01-28T19:00:00Z,2026-01-28T12:00:00Z,2026-01-29T13:00:00Z,18,0.551927,hgb-jan-eval-train-before-20260101,false
2,2026-01-28T19:00:00Z,2026-01-28T12:00:00Z,2026-01-29T14:00:00Z,19,0.653834,hgb-jan-eval-train-before-20260101,false
2,2026-01-28T19:00:00Z,2026-01-28T12:00:00Z,2026-01-29T15:00:00Z,20,0.733356,hgb-jan-eval-train-before-20260101,false
2,2026-01-28T19:00:00Z,2026-01-28T12:00:00Z,2026-01-29T16:00:00Z,21,0.783160,hgb-jan-eval-train-before-20260101,false
2,2026-01-28T19:00:00Z,2026-01-28T12:00:00Z,2026-01-29T17:00:00Z,22,0.799566,hgb-jan-eval-train-before-20260101,false
2,2026-01-28T19:00:00Z,2026-01-28T12:00:00Z,2026-01-29T18:00:00Z,23,0.758973,hgb-jan-eval-train-before-20260101,false
2,2026-01-28T19:00:00Z,2026-01-28T12:00:00Z,2026-01-29T19:00:00Z,24,0.741646,hgb-jan-eval-train-before-20260101,false
2,2026-01-28T19:00:00Z,2026-01-28T12:00:00Z,2026-01-29T20:00:00Z,25,0.739196,hgb-jan-eval-train-before-20260101,false
2,2026-01-28T19:00:00Z,2026-01-28T12:00:00Z,2026-01-29T21:00:00Z,26,0.714868,hgb-jan-eval-train-before-20260101,false
2,2026-01-28T19:00:00Z,2026-01-28T12:00:00Z,2026-01-29T22:00:00Z,27,0.694576,hgb-jan-eval-train-before-20260101,false
2,2026-01-28T19:00:00Z,2026-01-28T12:00:00Z,2026-01-29T23:00:00Z,28,0.696549,hgb-jan-eval-train-before-20260101,false
2,2026-01-28T19:00:00Z,2026-01-28T12:00:00Z,2026-01-30T00:00:00Z,29,0.649275,hgb-jan-eval-train-before-20260101,false
2,2026-01-28T19:00:00Z,2026-01-28T12:00:00Z,2026-01-30T01:00:00Z,30,0.624439,hgb-jan-eval-train-before-20260101,false
2,2026-01-28T19:00:00Z,2026-01-28T12:00:00Z,2026-01-30T02:00:00Z,31,0.555361,hgb-jan-eval-train-before-20260101,false
2,2026-01-28T19:00:00Z,2026-01-28T12:00:00Z,2026-01-30T03:00:00Z,32,0.573464,hgb-jan-eval-train-before-20260101,false
2,2026-01-28T19:00:00Z,2026-01-28T12:00:00Z,2026-01-30T04:00:00Z,33,0.704238,hgb-jan-eval-train-before-20260101,false
2,2026-01-28T19:00:00Z,2026-01-28T12:00:00Z,2026-01-30T05:00:00Z,34,0.760529,hgb-jan-eval-train-before-20260101,false
2,2026-01-28T19:00:00Z,2026-01-28T12:00:00Z,2026-01-30T06:00:00Z,35,0.840201,hgb-jan-eval-train-before-20260101,false
2,2026-01-28T19:00:00Z,2026-01-28T12:00:00Z,2026-01-30T07:00:00Z,36,0.858611,hgb-jan-eval-train-before-20260101,false
2,2026-01-28T19:00:00Z,2026-01-28T12:00:00Z,2026-01-30T08:00:00Z,37,0.895920,hgb-jan-eval-train-before-20260101,false
2,2026-01-28T19:00:00Z,2026-01-28T12:00:00Z,2026-01-30T09:00:00Z,38,0.923430,hgb-jan-eval-train-before-20260101,false
2,2026-01-28T19:00:00Z,2026-01-28T12:00:00Z,2026-01-30T10:00:00Z,39,0.928431,hgb-jan-eval-train-before-20260101,false
2,2026-01-28T19:00:00Z,2026-01-28T12:00:00Z,2026-01-30T11:00:00Z,40,0.891627,hgb-jan-eval-train-before-20260101,false
2,2026-01-28T19:00:00Z,2026-01-28T12:00:00Z,2026-01-30T12:00:00Z,41,0.872353,hgb-jan-eval-train-before-20260101,false
2,2026-01-28T19:00:00Z,2026-01-28T12:00:00Z,2026-01-30T13:00:00Z,42,0.791372,hgb-jan-eval-train-before-20260101,false
2,2026-01-28T19:00:00Z,2026-01-28T12:00:00Z,2026-01-30T14:00:00Z,43,0.764877,hgb-jan-eval-train-before-20260101,false
2,2026-01-28T19:00:00Z,2026-01-28T12:00:00Z,2026-01-30T15:00:00Z,44,0.727432,hgb-jan-eval-train-before-20260101,false
2,2026-01-28T19:00:00Z,2026-01-28T12:00:00Z,2026-01-30T16:00:00Z,45,0.647484,hgb-jan-eval-train-before-20260101,false
2,2026-01-28T19:00:00Z,2026-01-28T12:00:00Z,2026-01-30T17:00:00Z,46,0.462212,hgb-jan-eval-train-before-20260101,false
2,2026-01-28T19:00:00Z,2026-01-28T12:00:00Z,2026-01-30T18:00:00Z,47,0.322299,hgb-jan-eval-train-before-20260101,false
2,2026-01-28T19:00:00Z,2026-01-28T12:00:00Z,2026-01-30T19:00:00Z,48,0.190781,hgb-jan-eval-train-before-20260101,false
1,2026-01-29T19:00:00Z,2026-01-29T12:00:00Z,2026-01-29T20:00:00Z,1,0.593772,hgb-jan-eval-train-before-20260101,false
1,2026-01-29T19:00:00Z,2026-01-29T12:00:00Z,2026-01-29T21:00:00Z,2,0.571505,hgb-jan-eval-train-before-20260101,false
1,2026-01-29T19:00:00Z,2026-01-29T12:00:00Z,2026-01-29T22:00:00Z,3,0.622156,hgb-jan-eval-train-before-20260101,false
1,2026-01-29T19:00:00Z,2026-01-29T12:00:00Z,2026-01-29T23:00:00Z,4,0.660093,hgb-jan-eval-train-before-20260101,false
1,2026-01-29T19:00:00Z,2026-01-29T12:00:00Z,2026-01-30T00:00:00Z,5,0.651482,hgb-jan-eval-train-before-20260101,false
1,2026-01-29T19:00:00Z,2026-01-29T12:00:00Z,2026-01-30T01:00:00Z,6,0.647643,hgb-jan-eval-train-before-20260101,false
1,2026-01-29T19:00:00Z,2026-01-29T12:00:00Z,2026-01-30T02:00:00Z,7,0.634825,hgb-jan-eval-train-before-20260101,false
1,2026-01-29T19:00:00Z,2026-01-29T12:00:00Z,2026-01-30T03:00:00Z,8,0.644377,hgb-jan-eval-train-before-20260101,false
1,2026-01-29T19:00:00Z,2026-01-29T12:00:00Z,2026-01-30T04:00:00Z,9,0.743545,hgb-jan-eval-train-before-20260101,false
1,2026-01-29T19:00:00Z,2026-01-29T12:00:00Z,2026-01-30T05:00:00Z,10,0.791848,hgb-jan-eval-train-before-20260101,false
1,2026-01-29T19:00:00Z,2026-01-29T12:00:00Z,2026-01-30T06:00:00Z,11,0.865281,hgb-jan-eval-train-before-20260101,false
1,2026-01-29T19:00:00Z,2026-01-29T12:00:00Z,2026-01-30T07:00:00Z,12,0.883798,hgb-jan-eval-train-before-20260101,false
1,2026-01-29T19:00:00Z,2026-01-29T12:00:00Z,2026-01-30T08:00:00Z,13,0.902582,hgb-jan-eval-train-before-20260101,false
1,2026-01-29T19:00:00Z,2026-01-29T12:00:00Z,2026-01-30T09:00:00Z,14,0.930092,hgb-jan-eval-train-before-20260101,false
1,2026-01-29T19:00:00Z,2026-01-29T12:00:00Z,2026-01-30T10:00:00Z,15,0.929137,hgb-jan-eval-train-before-20260101,false
1,2026-01-29T19:00:00Z,2026-01-29T12:00:00Z,2026-01-30T11:00:00Z,16,0.877627,hgb-jan-eval-train-before-20260101,false
1,2026-01-29T19:00:00Z,2026-01-29T12:00:00Z,2026-01-30T12:00:00Z,17,0.858651,hgb-jan-eval-train-before-20260101,false
1,2026-01-29T19:00:00Z,2026-01-29T12:00:00Z,2026-01-30T13:00:00Z,18,0.805048,hgb-jan-eval-train-before-20260101,false
1,2026-01-29T19:00:00Z,2026-01-29T12:00:00Z,2026-01-30T14:00:00Z,19,0.692560,hgb-jan-eval-train-before-20260101,false
1,2026-01-29T19:00:00Z,2026-01-29T12:00:00Z,2026-01-30T15:00:00Z,20,0.754813,hgb-jan-eval-train-before-20260101,false
1,2026-01-29T19:00:00Z,2026-01-29T12:00:00Z,2026-01-30T16:00:00Z,21,0.754198,hgb-jan-eval-train-before-20260101,false
1,2026-01-29T19:00:00Z,2026-01-29T12:00:00Z,2026-01-30T17:00:00Z,22,0.748391,hgb-jan-eval-train-before-20260101,false
1,2026-01-29T19:00:00Z,2026-01-29T12:00:00Z,2026-01-30T18:00:00Z,23,0.701779,hgb-jan-eval-train-before-20260101,false
1,2026-01-29T19:00:00Z,2026-01-29T12:00:00Z,2026-01-30T19:00:00Z,24,0.693595,hgb-jan-eval-train-before-20260101,false
1,2026-01-29T19:00:00Z,2026-01-29T12:00:00Z,2026-01-30T20:00:00Z,25,0.550334,hgb-jan-eval-train-before-20260101,false
1,2026-01-29T19:00:00Z,2026-01-29T12:00:00Z,2026-01-30T21:00:00Z,26,0.528945,hgb-jan-eval-train-before-20260101,false
1,2026-01-29T19:00:00Z,2026-01-29T12:00:00Z,2026-01-30T22:00:00Z,27,0.566747,hgb-jan-eval-train-before-20260101,false
1,2026-01-29T19:00:00Z,2026-01-29T12:00:00Z,2026-01-30T23:00:00Z,28,0.638753,hgb-jan-eval-train-before-20260101,false
1,2026-01-29T19:00:00Z,2026-01-29T12:00:00Z,2026-01-31T00:00:00Z,29,0.567161,hgb-jan-eval-train-before-20260101,false
1,2026-01-29T19:00:00Z,2026-01-29T12:00:00Z,2026-01-31T01:00:00Z,30,0.555882,hgb-jan-eval-train-before-20260101,false
1,2026-01-29T19:00:00Z,2026-01-29T12:00:00Z,2026-01-31T02:00:00Z,31,0.517306,hgb-jan-eval-train-before-20260101,false
1,2026-01-29T19:00:00Z,2026-01-29T12:00:00Z,2026-01-31T03:00:00Z,32,0.560663,hgb-jan-eval-train-before-20260101,false
1,2026-01-29T19:00:00Z,2026-01-29T12:00:00Z,2026-01-31T04:00:00Z,33,0.710350,hgb-jan-eval-train-before-20260101,false
1,2026-01-29T19:00:00Z,2026-01-29T12:00:00Z,2026-01-31T05:00:00Z,34,0.752060,hgb-jan-eval-train-before-20260101,false
1,2026-01-29T19:00:00Z,2026-01-29T12:00:00Z,2026-01-31T06:00:00Z,35,0.793883,hgb-jan-eval-train-before-20260101,false
1,2026-01-29T19:00:00Z,2026-01-29T12:00:00Z,2026-01-31T07:00:00Z,36,0.799009,hgb-jan-eval-train-before-20260101,false
1,2026-01-29T19:00:00Z,2026-01-29T12:00:00Z,2026-01-31T08:00:00Z,37,0.718192,hgb-jan-eval-train-before-20260101,false
1,2026-01-29T19:00:00Z,2026-01-29T12:00:00Z,2026-01-31T09:00:00Z,38,0.744559,hgb-jan-eval-train-before-20260101,false
1,2026-01-29T19:00:00Z,2026-01-29T12:00:00Z,2026-01-31T10:00:00Z,39,0.729193,hgb-jan-eval-train-before-20260101,false
1,2026-01-29T19:00:00Z,2026-01-29T12:00:00Z,2026-01-31T11:00:00Z,40,0.770811,hgb-jan-eval-train-before-20260101,false
1,2026-01-29T19:00:00Z,2026-01-29T12:00:00Z,2026-01-31T12:00:00Z,41,0.726858,hgb-jan-eval-train-before-20260101,false
1,2026-01-29T19:00:00Z,2026-01-29T12:00:00Z,2026-01-31T13:00:00Z,42,0.423529,hgb-jan-eval-train-before-20260101,false
1,2026-01-29T19:00:00Z,2026-01-29T12:00:00Z,2026-01-31T14:00:00Z,43,0.161530,hgb-jan-eval-train-before-20260101,false
1,2026-01-29T19:00:00Z,2026-01-29T12:00:00Z,2026-01-31T15:00:00Z,44,0.078271,hgb-jan-eval-train-before-20260101,false
1,2026-01-29T19:00:00Z,2026-01-29T12:00:00Z,2026-01-31T16:00:00Z,45,0.031433,hgb-jan-eval-train-before-20260101,false
1,2026-01-29T19:00:00Z,2026-01-29T12:00:00Z,2026-01-31T17:00:00Z,46,0.029338,hgb-jan-eval-train-before-20260101,false
1,2026-01-29T19:00:00Z,2026-01-29T12:00:00Z,2026-01-31T18:00:00Z,47,0.026015,hgb-jan-eval-train-before-20260101,false
1,2026-01-29T19:00:00Z,2026-01-29T12:00:00Z,2026-01-31T19:00:00Z,48,0.055853,hgb-jan-eval-train-before-20260101,false
2,2026-01-29T19:00:00Z,2026-01-29T12:00:00Z,2026-01-29T20:00:00Z,1,0.593772,hgb-jan-eval-train-before-20260101,false
2,2026-01-29T19:00:00Z,2026-01-29T12:00:00Z,2026-01-29T21:00:00Z,2,0.571505,hgb-jan-eval-train-before-20260101,false
2,2026-01-29T19:00:00Z,2026-01-29T12:00:00Z,2026-01-29T22:00:00Z,3,0.622156,hgb-jan-eval-train-before-20260101,false
2,2026-01-29T19:00:00Z,2026-01-29T12:00:00Z,2026-01-29T23:00:00Z,4,0.660093,hgb-jan-eval-train-before-20260101,false
2,2026-01-29T19:00:00Z,2026-01-29T12:00:00Z,2026-01-30T00:00:00Z,5,0.651482,hgb-jan-eval-train-before-20260101,false
2,2026-01-29T19:00:00Z,2026-01-29T12:00:00Z,2026-01-30T01:00:00Z,6,0.647643,hgb-jan-eval-train-before-20260101,false
2,2026-01-29T19:00:00Z,2026-01-29T12:00:00Z,2026-01-30T02:00:00Z,7,0.634825,hgb-jan-eval-train-before-20260101,false
2,2026-01-29T19:00:00Z,2026-01-29T12:00:00Z,2026-01-30T03:00:00Z,8,0.644377,hgb-jan-eval-train-before-20260101,false
2,2026-01-29T19:00:00Z,2026-01-29T12:00:00Z,2026-01-30T04:00:00Z,9,0.743545,hgb-jan-eval-train-before-20260101,false
2,2026-01-29T19:00:00Z,2026-01-29T12:00:00Z,2026-01-30T05:00:00Z,10,0.791848,hgb-jan-eval-train-before-20260101,false
2,2026-01-29T19:00:00Z,2026-01-29T12:00:00Z,2026-01-30T06:00:00Z,11,0.867467,hgb-jan-eval-train-before-20260101,false
2,2026-01-29T19:00:00Z,2026-01-29T12:00:00Z,2026-01-30T07:00:00Z,12,0.885984,hgb-jan-eval-train-before-20260101,false
2,2026-01-29T19:00:00Z,2026-01-29T12:00:00Z,2026-01-30T08:00:00Z,13,0.904768,hgb-jan-eval-train-before-20260101,false
2,2026-01-29T19:00:00Z,2026-01-29T12:00:00Z,2026-01-30T09:00:00Z,14,0.932278,hgb-jan-eval-train-before-20260101,false
2,2026-01-29T19:00:00Z,2026-01-29T12:00:00Z,2026-01-30T10:00:00Z,15,0.931323,hgb-jan-eval-train-before-20260101,false
2,2026-01-29T19:00:00Z,2026-01-29T12:00:00Z,2026-01-30T11:00:00Z,16,0.877627,hgb-jan-eval-train-before-20260101,false
2,2026-01-29T19:00:00Z,2026-01-29T12:00:00Z,2026-01-30T12:00:00Z,17,0.858651,hgb-jan-eval-train-before-20260101,false
2,2026-01-29T19:00:00Z,2026-01-29T12:00:00Z,2026-01-30T13:00:00Z,18,0.805048,hgb-jan-eval-train-before-20260101,false
2,2026-01-29T19:00:00Z,2026-01-29T12:00:00Z,2026-01-30T14:00:00Z,19,0.692560,hgb-jan-eval-train-before-20260101,false
2,2026-01-29T19:00:00Z,2026-01-29T12:00:00Z,2026-01-30T15:00:00Z,20,0.754813,hgb-jan-eval-train-before-20260101,false
2,2026-01-29T19:00:00Z,2026-01-29T12:00:00Z,2026-01-30T16:00:00Z,21,0.754198,hgb-jan-eval-train-before-20260101,false
2,2026-01-29T19:00:00Z,2026-01-29T12:00:00Z,2026-01-30T17:00:00Z,22,0.748391,hgb-jan-eval-train-before-20260101,false
2,2026-01-29T19:00:00Z,2026-01-29T12:00:00Z,2026-01-30T18:00:00Z,23,0.701779,hgb-jan-eval-train-before-20260101,false
2,2026-01-29T19:00:00Z,2026-01-29T12:00:00Z,2026-01-30T19:00:00Z,24,0.693595,hgb-jan-eval-train-before-20260101,false
2,2026-01-29T19:00:00Z,2026-01-29T12:00:00Z,2026-01-30T20:00:00Z,25,0.550334,hgb-jan-eval-train-before-20260101,false
2,2026-01-29T19:00:00Z,2026-01-29T12:00:00Z,2026-01-30T21:00:00Z,26,0.528945,hgb-jan-eval-train-before-20260101,false
2,2026-01-29T19:00:00Z,2026-01-29T12:00:00Z,2026-01-30T22:00:00Z,27,0.566747,hgb-jan-eval-train-before-20260101,false
2,2026-01-29T19:00:00Z,2026-01-29T12:00:00Z,2026-01-30T23:00:00Z,28,0.638753,hgb-jan-eval-train-before-20260101,false
2,2026-01-29T19:00:00Z,2026-01-29T12:00:00Z,2026-01-31T00:00:00Z,29,0.567161,hgb-jan-eval-train-before-20260101,false
2,2026-01-29T19:00:00Z,2026-01-29T12:00:00Z,2026-01-31T01:00:00Z,30,0.555882,hgb-jan-eval-train-before-20260101,false
2,2026-01-29T19:00:00Z,2026-01-29T12:00:00Z,2026-01-31T02:00:00Z,31,0.517306,hgb-jan-eval-train-before-20260101,false
2,2026-01-29T19:00:00Z,2026-01-29T12:00:00Z,2026-01-31T03:00:00Z,32,0.560663,hgb-jan-eval-train-before-20260101,false
2,2026-01-29T19:00:00Z,2026-01-29T12:00:00Z,2026-01-31T04:00:00Z,33,0.710350,hgb-jan-eval-train-before-20260101,false
2,2026-01-29T19:00:00Z,2026-01-29T12:00:00Z,2026-01-31T05:00:00Z,34,0.752060,hgb-jan-eval-train-before-20260101,false
2,2026-01-29T19:00:00Z,2026-01-29T12:00:00Z,2026-01-31T06:00:00Z,35,0.793883,hgb-jan-eval-train-before-20260101,false
2,2026-01-29T19:00:00Z,2026-01-29T12:00:00Z,2026-01-31T07:00:00Z,36,0.799009,hgb-jan-eval-train-before-20260101,false
2,2026-01-29T19:00:00Z,2026-01-29T12:00:00Z,2026-01-31T08:00:00Z,37,0.718192,hgb-jan-eval-train-before-20260101,false
2,2026-01-29T19:00:00Z,2026-01-29T12:00:00Z,2026-01-31T09:00:00Z,38,0.744559,hgb-jan-eval-train-before-20260101,false
2,2026-01-29T19:00:00Z,2026-01-29T12:00:00Z,2026-01-31T10:00:00Z,39,0.729193,hgb-jan-eval-train-before-20260101,false
2,2026-01-29T19:00:00Z,2026-01-29T12:00:00Z,2026-01-31T11:00:00Z,40,0.770811,hgb-jan-eval-train-before-20260101,false
2,2026-01-29T19:00:00Z,2026-01-29T12:00:00Z,2026-01-31T12:00:00Z,41,0.726858,hgb-jan-eval-train-before-20260101,false
2,2026-01-29T19:00:00Z,2026-01-29T12:00:00Z,2026-01-31T13:00:00Z,42,0.423529,hgb-jan-eval-train-before-20260101,false
2,2026-01-29T19:00:00Z,2026-01-29T12:00:00Z,2026-01-31T14:00:00Z,43,0.161530,hgb-jan-eval-train-before-20260101,false
2,2026-01-29T19:00:00Z,2026-01-29T12:00:00Z,2026-01-31T15:00:00Z,44,0.078271,hgb-jan-eval-train-before-20260101,false
2,2026-01-29T19:00:00Z,2026-01-29T12:00:00Z,2026-01-31T16:00:00Z,45,0.031433,hgb-jan-eval-train-before-20260101,false
2,2026-01-29T19:00:00Z,2026-01-29T12:00:00Z,2026-01-31T17:00:00Z,46,0.029338,hgb-jan-eval-train-before-20260101,false
2,2026-01-29T19:00:00Z,2026-01-29T12:00:00Z,2026-01-31T18:00:00Z,47,0.026015,hgb-jan-eval-train-before-20260101,false
2,2026-01-29T19:00:00Z,2026-01-29T12:00:00Z,2026-01-31T19:00:00Z,48,0.055853,hgb-jan-eval-train-before-20260101,false
